accommodation_id,name,type,address,district,city,grade,rooms,latitude,longitude,telephone,email,website,source,source_file,name_key,all_source_files
ACC000001,135 VILLA,Home Stay Units,"NO.135, HEERESSAGALA ROAD,KANDY",Kandy,Kandy,STANDARD,2,,,,,,official_tourism,Information for Accommodation.csv,135 villa,Home Stay Units.xlsx | Information for Accommodation.csv
ACC000002,15 L M D,Bangalows,"NO 87, LADY MANNING DRIVE , BATTICALOA",Batticaloa,Batticaloa,STANDARD,4,,,,,,official_tourism,Information for Accommodation.csv,15 l m d,Bungalows.xlsx | Information for Accommodation.csv
ACC000003,1ST CHOICE,Bangalows,"9/1, FIRST LANE, RATMALANA, MOUNT LAVINIA",Colombo,Dehiwala-Mount Lavinia,STANDARD,5,6.819636,,,,,official_tourism,Information for Accommodation.csv,1st choice,Bungalows.xlsx | Information for Accommodation.csv
ACC000004,218 HOLIDAY RESORT,Bangalows,218-KETAWALA-LEWLA(VIA KANDY),Kandy,Kandy,STANDARD,3,7.258813,,,,,official_tourism,Information for Accommodation.csv,218 holiday resort,Bungalows.xlsx | Information for Accommodation.csv
ACC000005,25 RAMPART STREET,Bangalows,"NO.25, RAMPART STRET, FORT, GALLE.",Galle,Galle,DELUXE,4,,,,,,official_tourism,Information for Accommodation.csv,25 rampart street,Bungalows.xlsx | Information for Accommodation.csv
ACC000006,"34/1/1, SUMANARAMA",Home Stay Units,"34/1/1, SUMANARAMA ROAD, MOUNT LAVINIA",Colombo,Dehiwala-Mount Lavinia,STANDARD,5,6.840153,,,,,official_tourism,Information for Accommodation.csv,34 1 1 sumanarama,Home Stay Units.xlsx | Information for Accommodation.csv
ACC000007,42 LIGHT HOUSE STREET,Bangalows,"42, LIGHTHOUSE STREET, GALLE",Galle,Galle,DELUXE,4,6.027748,,,,,official_tourism,Information for Accommodation.csv,42 light house street,Bungalows.xlsx | Information for Accommodation.csv
ACC000008,51 BUNGALOW,Bangalows,"51,QUINTIN FERNANDO MAWATHA,NEGOMBO",Gampaha,,DELUXE,2,,,,,,official_tourism,Information for Accommodation.csv,51 bungalow,Bungalows.xlsx | Information for Accommodation.csv
ACC000009,5TH LANE HOUSE,Bangalows,"51/1A, FIFTH LANE COLOMBO 3.",Colombo,Colombo,DELUXE,4,6.904586,,,,,official_tourism,Information for Accommodation.csv,5th lane house,Bungalows.xlsx | Information for Accommodation.csv
ACC000010,7TH HILL,Home Stay Units,"KIRIMETIYA GEDARA,KITHAL-ELLA,ELLA",Badulla,Ella Pradeshiya Sabha,STANDARD,3,6.868833,,,,,official_tourism,Information for Accommodation.csv,7th hill,Home Stay Units.xlsx | Information for Accommodation.csv
ACC000011,9 A,Home Stay Units,"9A, UPPER DICKSON ROAD, GALLE",Galle,Galle,SUPERIOR,1,,,,,,official_tourism,Information for Accommodation.csv,9 a,Home Stay Units.xlsx | Information for Accommodation.csv
ACC000012,98 ACRES RESORT,Tourist Hotels,"UVA GREENLANDS ESTATE,NAMUNUKULA ROAD,ELLA",Badulla,Ella Pradeshiya Sabha,,28,6.8712053,,,,,official_tourism,Information for Accommodation.csv,98 acres resort,Information for Accommodation.csv | Tourist Hotels.xlsx
ACC000013,A-PRIMA TOURIST HOTEL,Guest Houses,"173,ST SEBESTIAN ROAD,KATUKURUNDA-KALUTARA",Kalutara,Kalutara Pradeshiya Sabha,A,8,6.563892,,,,,official_tourism,Information for Accommodation.csv,a prima tourist hotel,Guest Houses.xlsx | Information for Accommodation.csv
ACC000014,A WAYFARERS INN,Home Stay Units,"77, ROSMEAD PLACE, COLOMBO 07",Colombo,Colombo,SUPERIOR,4,,,,,,official_tourism,Information for Accommodation.csv,a wayfarers inn,Home Stay Units.xlsx | Information for Accommodation.csv
ACC000015,A9 SPOT,Guest Houses,"158,A9 ROAD,THONDAMAN NAGAR, KILINOCHCHI.",Kilinochchi,Karachchi,A,8,9.360176,,,,,official_tourism,Information for Accommodation.csv,a9 spot,Guest Houses.xlsx | Information for Accommodation.csv
ACC000016,AANA,Guest Houses,"225 A9 RD KANAGARAYANKULAM ,VAVUNIA",Vavuniya,Vavuniya,B,10,,,,,,official_tourism,Information for Accommodation.csv,aana,Guest Houses.xlsx | Information for Accommodation.csv
ACC000017,AARA RESIDENCES,Bangalows,"9/4, DE SERAM ROAD, MOUNT LAVINIA",Colombo,Colombo,SUPERIOR,4,,,,,,official_tourism,Information for Accommodation.csv,aara residences,Bungalows.xlsx | Information for Accommodation.csv
ACC000018,AARYA HOTEL,Guest Houses,"KOLONGALLA ESTATE,RANDENIYA,HIRIWADUNNA",Kegalle,Kegalle,A,7,7.272594,,,,,official_tourism,Information for Accommodation.csv,aarya hotel,Guest Houses.xlsx | Information for Accommodation.csv
ACC000019,"AARYA LAGOON ,KALPITIYA",Guest Houses,"KALPITIYA ROAD,MAMPURI",Puttalam,Kalpitiya Pradeshiya Sabha,A,5,7.995629,,,,,official_tourism,Information for Accommodation.csv,aarya lagoon kalpitiya,Guest Houses.xlsx | Information for Accommodation.csv
ACC000020,ABERDEEN RANGE HOLIDAY HOME,Bangalows,"RANJIRAWA, GINIGATHHENA",Nuwara Eliya,Nuwara Eliya,SUPERIOR,3,6.996841,,,,,official_tourism,Information for Accommodation.csv,aberdeen range holiday home,Bungalows.xlsx | Information for Accommodation.csv
ACC000021,ABEYS VILLA,Bangalows,"140, GALLE ROAD,PINWATTE,PANADURA",Kalutara,Panadura Pradeshiya Sabha,DELUXE,5,6.686462,,,,,official_tourism,Information for Accommodation.csv,abeys villa,Bungalows.xlsx | Information for Accommodation.csv
ACC000022,ACME GUEST HOUSE,Guest Houses,"NO.90,POLONNARUWA ROAD,HABARANA",Polonnaruwa,Polonnaruwa,B,5,,,,,,official_tourism,Information for Accommodation.csv,acme guest house,Guest Houses.xlsx | Information for Accommodation.csv
ACC000023,ADITYA,Boutique Hotels,"719/1, GALLE ROAD, DEVENIGODA,RATHGAMA",Galle,Galle Divisional Secretariat,,12,6.094732,,,,,official_tourism,Information for Accommodation.csv,aditya,Boutique Hotels.xlsx | Information for Accommodation.csv
ACC000024,ADS BUNGALOW,Bangalows,"NO.156/14, 2ND STAGE, ANDAGALA ESTATE, BAMUNUGEDARA, KURUNEGALA.",Kurunegala,Kurunegala,SUPERIOR,5,7.504404,,,,,official_tourism,Information for Accommodation.csv,ads bungalow,Bungalows.xlsx | Information for Accommodation.csv
ACC000025,AHANGAMA EASY BEACH,Guest Houses,"NO.12,AHANGAMA GALLE.",Galle,Habaraduwa,A,8,,,,,,official_tourism,Information for Accommodation.csv,ahangama easy beach,Guest Houses.xlsx | Information for Accommodation.csv
ACC000026,AIDA HOTEL-INDURUWA,Tourist Hotels,"NO.798,GALLE ROAD,YALEGAMA,INDURUWA",Galle,Bentota Pradeshiya Sabha,,10,,,,,,official_tourism,Information for Accommodation.csv,aida hotel induruwa,Information for Accommodation.csv | Tourist Hotels.xlsx
ACC000027,AIDA HOTEL,Tourist Hotels,"NO.12A,MANGALA MAWATHA,BENTOTA",Galle,Bentota Pradeshiya Sabha,,34,6.4245209,,,,,official_tourism,Information for Accommodation.csv,aida hotel,Information for Accommodation.csv | Tourist Hotels.xlsx
ACC000028,AIR LINK REST INN,Guest Houses,"NO. 580, NEGOMBO ROAD, SEEDUWA",Gampaha,Katunayake-Seeduwa,A,15,7.12633,,,,,official_tourism,Information for Accommodation.csv,air link rest inn,Guest Houses.xlsx | Information for Accommodation.csv
ACC000029,AIRPORT CITY HUB HOTEL,Guest Houses,"NO 3/C, GANGARAMA ROAD, KOVINNA, ADIAMBALAMA. KATUNAYAKE",Gampaha,Katana Pradeshiya Sabha,A,22,7.179248,,,,,official_tourism,Information for Accommodation.csv,airport city hub hotel,Guest Houses.xlsx | Information for Accommodation.csv
ACC000030,AIRPORT NEAR REST,Rented Homes,"245/31, CHURCH ROAD, RANAWIRU MAWATHA, LIYANAGEMULLA, SEEDUWA",Gampaha,Seeduwa,STANDARD,1,7.1366583,,,,,official_tourism,Information for Accommodation.csv,airport near rest,Information for Accommodation.csv | Rented Homes.xlsx
ACC000031,AIRPORT VILLA,Bangalows,"LIVER BROTHER ROAD, LIYANAGEMULLA ROAD, SEEDUWA",Gampaha,Seeduwa,DELUXE,5,7.142227,,,,,official_tourism,Information for Accommodation.csv,airport villa,Bungalows.xlsx | Information for Accommodation.csv
ACC000032,AJITH PUTHA GRAND,Guest Houses,"IRATTAKULAMA ROAD,MADAMPE.",Puttalam,Puttalam Pradeshiya Sabha,A,6,,,,,,official_tourism,Information for Accommodation.csv,ajith putha grand,Guest Houses.xlsx | Information for Accommodation.csv
ACC000033,AKKARA DAHAYA,Bangalows,"VICTORS LAND, KIRIWELDOLA RD, BATAYAYA, DENIYAYA",Matara,Matara,DELUXE,3,6.358469,,,,,official_tourism,Information for Accommodation.csv,akkara dahaya,Bungalows.xlsx | Information for Accommodation.csv
ACC000034,ALBANY NUWARA ELIYA,Bangalows,"11/4, UPPER LAKE ROAD, NUWARA ELIYA",Nuwara Eliya,Nuwara Eliya,DELUXE,4,6.969254,,,,,official_tourism,Information for Accommodation.csv,albany nuwara eliya,Bungalows.xlsx | Information for Accommodation.csv
ACC000035,ALEX HOME STAY,Home Stay Units,"255/23C, DR. C.D.L.FERNANDO MW, KATUGASTOTA ROAD, KANDY.",Kandy,Kandy,SUPERIOR,1,7.31143,,,,,official_tourism,Information for Accommodation.csv,alex home stay,Home Stay Units.xlsx | Information for Accommodation.csv
ACC000036,ALIYA RESORT & SPA,Tourist Hotels,"AUDANGAWA,KIMBISSA,SIGIRIYA.",Matale,Dambulla Pradeshiya Sabha,,96,7.9991963,,,,,official_tourism,Information for Accommodation.csv,aliya resort spa,Information for Accommodation.csv | Tourist Hotels.xlsx
ACC000037,ALL IN ONE REST,Guest Houses,"INNER ROAD,KILLINOCHCHI",Kilinochchi,Jaffna,B,5,,,,,,official_tourism,Information for Accommodation.csv,all in one rest,Guest Houses.xlsx | Information for Accommodation.csv
ACC000038,ALLSPICE VILLA,Bangalows,"730A, KOTTE ROAD, ETHUL KOTTE",Colombo,Sri Jayawardenapura-Kotte,DELUXE,4,6.895521,,,,,official_tourism,Information for Accommodation.csv,allspice villa,Bungalows.xlsx | Information for Accommodation.csv
ACC000039,ALMAMALI HOTEL,Guest Houses,"HEDAKETIYA,ANGUNUKOLAPELESSA",Hambantota,Batticaloa,B,12,6.164142,,,,,official_tourism,Information for Accommodation.csv,almamali hotel,Guest Houses.xlsx | Information for Accommodation.csv
ACC000040,ALOHA CABANAS,Guest Houses,"SINNA ULLAI,ARUGAMBAY",Ampara,Ampara,B,10,6.845218,,,,,official_tourism,Information for Accommodation.csv,aloha cabanas,Guest Houses.xlsx | Information for Accommodation.csv
ACC000041,ALPINE HOTEL,Tourist Hotels,"NO.4 ,HADDON HILL ROAD,NUWARAELIYA",Nuwara Eliya,Nuwara Eliya,,25,6.9625923,,,,,official_tourism,Information for Accommodation.csv,alpine hotel,Information for Accommodation.csv | Tourist Hotels.xlsx
ACC000042,ALPINE RIDGE APARTMENT,Rented Apartments,"8/8 A, PITAKANDA ROAD, ARUPPOLA, KANDY",Kandy,Kandy,STANDARD,4,,,,,,official_tourism,Information for Accommodation.csv,alpine ridge apartment,Information for Accommodation.csv | Rented Apartments.xlsx
ACC000043,ALTA ITALIAN GUEST HOUSE AND RESTAURANT,Guest Houses,"NO 36,PORUTHOTA,ETHTHUKALA,NEGOMBO",Gampaha,Gampaha,B,5,,,,,,official_tourism,Information for Accommodation.csv,alta italian guest house and restaurant,Guest Houses.xlsx | Information for Accommodation.csv
ACC000044,AMAARA FOREST HOTEL,Tourist Hotels,"NO:115,INDIGASWEWA,SIGIRIYA.",Matale,Dambulla Pradeshiya Sabha,,40,8.000994,,,,,official_tourism,Information for Accommodation.csv,amaara forest hotel,Information for Accommodation.csv | Tourist Hotels.xlsx
ACC000045,AMAARA SKY HOTEL,Tourist Hotels,"72/22, A. B. DAMUNUPOLA MAWATHA, KANDY.",Kandy,Kandy,,12,7.292234,,,,,official_tourism,Information for Accommodation.csv,amaara sky hotel,Information for Accommodation.csv | Tourist Hotels.xlsx
ACC000046,AMAGI BEACH,Guest Houses,"BEACH ROAD,MARAWILA",Puttalam,Puttalam Pradeshiya Sabha,A,10,7.414444,,,,,official_tourism,Information for Accommodation.csv,amagi beach,Guest Houses.xlsx | Information for Accommodation.csv
ACC000047,AMAGI LAGOON RESORT AND SPA,Tourist Hotels,"640/82,COLOMBO ROAD,KURANA,NEGAMBO",Gampaha,Negombo,,22,7.190497,,,,,official_tourism,Information for Accommodation.csv,amagi lagoon resort and spa,Information for Accommodation.csv | Tourist Hotels.xlsx
ACC000048,AMAL VILLA,Guest Houses,"ROBOLGODA,BENTHOTA",Galle,Bentota Pradeshiya Sabha,A,7,6.411774,,,,,official_tourism,Information for Accommodation.csv,amal villa,Guest Houses.xlsx | Information for Accommodation.csv
ACC000049,AMALI HOME STAY,Rented Apartments,"258/C, BOWALAWATTE, KANDY",Kandy,Kandy,STANDARD,1,7.259649,,,,,official_tourism,Information for Accommodation.csv,amali home stay,Information for Accommodation.csv | Rented Apartments.xlsx
ACC000050,AMALI RESIDANCE,Bangalows,"62/10, OLD KOTTAWA ROAD, DABARE ROAD, MIRIHANA, NUGEGODA",Colombo,Kotte Muncipal Council,DELUXE,5,,,,,,official_tourism,Information for Accommodation.csv,amali residance,Bungalows.xlsx | Information for Accommodation.csv
ACC000051,AMALOH BY JETWING,Tourist Hotels,"NO.39/6,1ST CROSS ROAD,POLHENA,MATARA.",Matara,Matara,,21,5.939338,,,,,official_tourism,Information for Accommodation.csv,amaloh by jetwing,Information for Accommodation.csv | Tourist Hotels.xlsx
ACC000052,AMALYA REACH RESORT,Guest Houses,"NO. 556, MORAGAHAHENA ROAD, PITIPANA NORTH, HOMAGAMA",Colombo,Homagama Pradeshiya Sabha,A,16,6.840281,,,,,official_tourism,Information for Accommodation.csv,amalya reach resort,Guest Houses.xlsx | Information for Accommodation.csv
ACC000053,AMANDA HILLS KANDY,Guest Houses,"65, SARANANKARA ROAD, KANDY",Kandy,Kandy,B,12,7.287181,,,,,official_tourism,Information for Accommodation.csv,amanda hills kandy,Guest Houses.xlsx | Information for Accommodation.csv
ACC000054,AMANDRO VILLA,Home Stay Units,"62/3,MALLABOKKA ROAD, HETTIMULLA, BERUWALA",Kalutara,Kalutara Pradeshiya Sabha,DELUXE,3,,,,,,official_tourism,Information for Accommodation.csv,amandro villa,Home Stay Units.xlsx | Information for Accommodation.csv
ACC000055,AMANGALLE,Boutique Hotels,"NO. 10 CHURCH ROAD, GALLE",Galle,Galle Divisional Secretariat,,28,6.028977,,,,,official_tourism,Information for Accommodation.csv,amangalle,Boutique Hotels.xlsx | Information for Accommodation.csv
ACC000056,AMANWELLA,Boutique Hotels,"WELLAWATURA, GODELLAWELA, TANGALLE",Hambantota,Tangalle Divisional Secretariat,,30,6.006174,,,,,official_tourism,Information for Accommodation.csv,amanwella,Boutique Hotels.xlsx | Information for Accommodation.csv
ACC000057,AMARANTHE BAY RESORTS & SPA,Tourist Hotels,"NO.101,ALLES GARDEN ROAD,UPPUVELI,TRINCOMALEE",Trincomalee,Trincomalee,,27,8.618238,,,,,official_tourism,Information for Accommodation.csv,amaranthe bay resorts spa,Information for Accommodation.csv | Tourist Hotels.xlsx
ACC000058,AMARI GALLE,Tourist Hotels,"523C-446,COLOMBO ROAD,GINTHOTA,GALLE.",Galle,Galle,,172,6.052113,,,,,official_tourism,Information for Accommodation.csv,amari galle,Information for Accommodation.csv | Tourist Hotels.xlsx
ACC000059,AMAYA BEACH PASSIKUDAH,Tourist Hotels,"NATIONAL HOLIDAY RESORT, PASSIKUDAH, KALKUDAH",Batticaloa,Kalkudha,,126,7.925952,,,,,official_tourism,Information for Accommodation.csv,amaya beach passikudah,Information for Accommodation.csv | Tourist Hotels.xlsx
ACC000060,AMAYA BUNGALOW,Bangalows,"258, BOWALAWATTA,KANDY",Kandy,Kandy,DELUXE,8,,,,,,official_tourism,Information for Accommodation.csv,amaya bungalow,Bungalows.xlsx | Information for Accommodation.csv
ACC000061,AMAYA HILLS,Classified Hotels( 1-5 Star),"P.O. BOX. 16, HEERASSAGALA, KANDY",Kandy,Kandy,FOUR,100,7.259008,,,,,official_tourism,Information for Accommodation.csv,amaya hills,Classified Hotels( 1-5 Star).xlsx | Information for Accommodation.csv
ACC000062,AMAYA LAKE,Classified Hotels( 1-5 Star),"P.O. BOX. 12, KANDALAMA, DAMBULLA",Matale,Matale,FOUR,92,7.891526,,,,,official_tourism,Information for Accommodation.csv,amaya lake,Classified Hotels( 1-5 Star).xlsx | Information for Accommodation.csv
ACC000063,AMBA AYURVEDA BOUTIQUE HOTEL,Guest Houses,"704, WALAGEDARA, GALLE ROAD,BALAPITIYA",Galle,balapitiya,A,6,,,,,,official_tourism,Information for Accommodation.csv,amba ayurveda boutique hotel,Guest Houses.xlsx | Information for Accommodation.csv
ACC000064,AMBA VILLA,Home Stay Units,"26/A, NITHULEMADU, RAJAWELLA, DIGANA, KANDY",Kandy,Kandy,DELUXE,2,7.255355,,,,,official_tourism,Information for Accommodation.csv,amba villa,Home Stay Units.xlsx | Information for Accommodation.csv
ACC000065,AMBALAMA LEISURE LOUNGE,Tourist Hotels,"IHALA HANWELLA,HANWELLA",Colombo,Colombo,,14,6.912643,,,,,official_tourism,Information for Accommodation.csv,ambalama leisure lounge,Information for Accommodation.csv | Tourist Hotels.xlsx
ACC000066,AMBALAMA VILLA,Bangalows,"596, MATARA ROAD, DALAWELLA, UNAWATUNA",Galle,Habaraduwa,DELUXE,4,6.00147,,,,,official_tourism,Information for Accommodation.csv,ambalama villa,Bungalows.xlsx | Information for Accommodation.csv
ACC000067,AMBANWALA TOURIST BUNGALOW,Bangalows,"NO 56 AMBANWALA WALAWWA,AMBANWALA,WELAMBODA",Kandy,Uhana Pradeshiya Sabha,STANDARD,4,7.216776,,,,,official_tourism,Information for Accommodation.csv,ambanwala tourist bungalow,Bungalows.xlsx | Information for Accommodation.csv
ACC000068,AMBASEVANA WALAUWA,Guest Houses,"ARANAYAKE ROAD,USSAPITIYA,KEGALLE.",Kegalle,Kegalle,A,7,7.248193,,,,,official_tourism,Information for Accommodation.csv,ambasevana walauwa,Guest Houses.xlsx | Information for Accommodation.csv
ACC000069,AMBASEWANA MANSION,Bangalows,"NO 05, THOTAMUNA ROAD, THOTAMUNA, MATARA",Matara,Matara,DELUXE,4,5.944455,,,,,official_tourism,Information for Accommodation.csv,ambasewana mansion,Bungalows.xlsx | Information for Accommodation.csv
ACC000070,AMBEPUSSA REST HOUSE,Guest Houses,"AMBEPUSSA, WARAKAPOLA",Kegalle,Kegalle,A,6,,,,,,official_tourism,Information for Accommodation.csv,ambepussa rest house,Guest Houses.xlsx | Information for Accommodation.csv
ACC000071,AMERICAN STAR HOTEL,Guest Houses,"NO.126/3,BADULLA ROAD,MAHAGASTOTA JUNCTION,NUWARA-ELIYA",Nuwara Eliya,Nuwara Eliya,A,15,,,,,,official_tourism,Information for Accommodation.csv,american star hotel,Guest Houses.xlsx | Information for Accommodation.csv
ACC000072,AMICO RESTAURANT AND GUEST HOUSE,Guest Houses,"NO. 138/1, GAMPOLA ROAD, NAWALAPITIYA.",Kandy,Pasbage Korale Pradeshiya Sabha,B,5,,,,,,official_tourism,Information for Accommodation.csv,amico restaurant and guest house,Guest Houses.xlsx | Information for Accommodation.csv
ACC000073,AMIGO'S STUDIO APARTMENT.,Home Stay Units,"NO.148/29,KANDY VIEW GARDEN,GEORGE E DE SILVA MAWATHA,KANDY.",Kandy,Gagawata Koralya,STANDARD,1,,,,,,official_tourism,Information for Accommodation.csv,amigo s studio apartment,Home Stay Units.xlsx | Information for Accommodation.csv
ACC000074,AMILA GUEST HOUSE,Guest Houses,"NO 5,LOVE LANE.CROSS ROAD,UPPUWELI,TRINCOMALEE",Trincomalee,Trincomalee,C,5,8.594559,,,,,official_tourism,Information for Accommodation.csv,amila guest house,Guest Houses.xlsx | Information for Accommodation.csv
ACC000075,AMPERSAND,Home Stay Units,"WELIHELAGAMA ROAD, ELLAGAMA,DIYATALAWA",Badulla,Badulla,DELUXE,6,6.8200009,,,,,official_tourism,Information for Accommodation.csv,ampersand,Home Stay Units.xlsx | Information for Accommodation.csv
ACC000076,AMRITA,Home Stay Units,"36, POLWATTHA, AMPITIYA, KANDY.",Kandy,Kandy,SUPERIOR,3,7.268781,,,,,official_tourism,Information for Accommodation.csv,amrita,Home Stay Units.xlsx | Information for Accommodation.csv
ACC000077,AMUURA BEACH HOUSE,Home Stay Units,"NO.36, MARADANA ROAD, BANDARAWATTA, BERUWALA.",Kalutara,Beruwala Pradeshiya Sabha,SUPERIOR,5,6.469276,,,,,official_tourism,Information for Accommodation.csv,amuura beach house,Home Stay Units.xlsx | Information for Accommodation.csv
ACC000078,ANANDA AYURVEDA RESORT,Guest Houses,"HIDDARUWA, MIDDLE ROAD, KOSGODA",Galle,balapitiya,A,13,,,,,,official_tourism,Information for Accommodation.csv,ananda ayurveda resort,Guest Houses.xlsx | Information for Accommodation.csv
ACC000079,ANANTAMAA HOTEL,Tourist Hotels,"NO.07(42),ALLES GARDEN,UPPUVELI,TRINCOMALEE",Trincomalee,Uppuveli Trinco Malee,,50,8.615049,,,,,official_tourism,Information for Accommodation.csv,anantamaa hotel,Information for Accommodation.csv | Tourist Hotels.xlsx
ACC000080,ANANTARA KALUTARA RESORT,Tourist Hotels,"ST. SEBASTIAN'S ROAD, KATUKURUNDA, KALUTARA",Kalutara,Kalutara Pradeshiya Sabha,,141,6.5659178,,,,,official_tourism,Information for Accommodation.csv,anantara kalutara resort,Information for Accommodation.csv | Tourist Hotels.xlsx
ACC000081,ANANTARA PEACE HEAVEN RESORT,Classified Hotels( 1-5 Star),"GOYAMBOKKA ESTATE,TANGALLE",Hambantota,Hambantota,FIVE,152,6.012477,,,,,official_tourism,Information for Accommodation.csv,anantara peace heaven resort,Classified Hotels( 1-5 Star).xlsx | Information for Accommodation.csv
ACC000082,ANANTAYA RESORT & SPA,Classified Hotels( 1-5 Star),"COCOUNT BOARD ROAD,PASSEKUDAH,KALKUDAH",Batticaloa,Batticaloa,FIVE,51,7.9315158,,,,,official_tourism,Information for Accommodation.csv,anantaya resort spa,Classified Hotels( 1-5 Star).xlsx | Information for Accommodation.csv
ACC000083,ANANTAYA RESORT & SPA,Tourist Hotels,"KAURKUPONE, BANGADENIYA,CHILAW.",Puttalam,AKKARAIPATTU,,74,7.634506,,,,,official_tourism,Information for Accommodation.csv,anantaya resort spa,Information for Accommodation.csv | Tourist Hotels.xlsx
ACC000084,ANARVA - SIDDHALEPA,Tourist Hotels,"348, GALLE ROAD, MOUNT LAVINIA",Colombo,Colombo,,98,6.833158,,,,,official_tourism,Information for Accommodation.csv,anarva siddhalepa,Information for Accommodation.csv | Tourist Hotels.xlsx
ACC000085,ANCOOMBRA HOLIDAY BUNGALOW,Bangalows,"392, MAIN STREET, MATALE",Kandy,Kandy,DELUXE,4,,,,,,official_tourism,Information for Accommodation.csv,ancoombra holiday bungalow,Bungalows.xlsx | Information for Accommodation.csv
ACC000086,ANGEL TOWER,Bangalows,"NO 78/8A ,2ND LANE, HEERASSAGALA, KANDY,HEERASSAGALA ROAD,KANDY",Kandy,Kandy,SUPERIOR,4,7.290572,,,,,official_tourism,Information for Accommodation.csv,angel tower,Bungalows.xlsx | Information for Accommodation.csv
ACC000087,ANGEL VILLA,Home Stay Units,"17/10,MARAKKALAWATTE, 12070, BERUWALA",Kalutara,Beruwala Pradeshiya Sabha,SUPERIOR,2,6.473838,,,,,official_tourism,Information for Accommodation.csv,angel villa,Home Stay Units.xlsx | Information for Accommodation.csv
ACC000088,ANI VILLAS,Tourist Hotels,"KALUKATIYAWATTA,MALIYADDA,DICKWELLA",Matara,Dickwella,,15,5.9571,,,,,official_tourism,Information for Accommodation.csv,ani villas,Information for Accommodation.csv | Tourist Hotels.xlsx
ACC000089,ANILANA-EASTERN DEVELOPMENT ENTERPRISES,Tourist Hotels,"NO.14,TOURISM DEVELOPMENT ZONE,PASSIKUDHA,KALKUDHA.",Batticaloa,Batticaloa,,47,7.925871,,,,,official_tourism,Information for Accommodation.csv,anilana eastern development enterprises,Information for Accommodation.csv | Tourist Hotels.xlsx
ACC000090,ANILANA HOTEL AND PROPERTIES LTD,Tourist Hotels,"NO.1508, WARD NO.04, IRAKKANDI, NILAVELI",Trincomalee,Kuchchaveli,,54,8.7071,,,,,official_tourism,Information for Accommodation.csv,anilana hotel and properties ltd,Information for Accommodation.csv | Tourist Hotels.xlsx
ACC000091,ANKINDA LUXURIOUS VILLA,Bangalows,"293/11M, SURAMYA PLACE, GORAKAPOLA, PANADURA",Kalutara,Panadura Pradeshiya Sabha,DELUXE,4,6.740224,,,,,official_tourism,Information for Accommodation.csv,ankinda luxurious villa,Bungalows.xlsx | Information for Accommodation.csv
ACC000092,ANNIEWATTE APARTMENTS,Home Stay Units,"37/8, ANNIEWATTE ROAD, KANDY.",Kandy,Kandy,SUPERIOR,2,,,,,,official_tourism,Information for Accommodation.csv,anniewatte apartments,Home Stay Units.xlsx | Information for Accommodation.csv
ACC000093,ANNIWATTE COTTAGE,Rented Apartments,"4/36, PITAKANDA ROAD, ANNIWATTE, KANDY",Kandy,Kandy,SUPERIOR,2,7.287361,,,,,official_tourism,Information for Accommodation.csv,anniwatte cottage,Information for Accommodation.csv | Rented Apartments.xlsx
ACC000094,ANON REST,Guest Houses,"YAPAGAMA, MATALE ROAD, DAMBULLA",Matale,Dambulla Pradeshiya Sabha,A,18,7.846443,,,,,official_tourism,Information for Accommodation.csv,anon rest,Guest Houses.xlsx | Information for Accommodation.csv
ACC000095,ANOTHER WORLD,Home Stay Units,"ARUGAMBAY,POTTUVIL.",Ampara,Ampara,STANDARD,4,,,,,,official_tourism,Information for Accommodation.csv,another world,Home Stay Units.xlsx | Information for Accommodation.csv
ACC000096,ANYAA LIFESTYLE,Bangalows,"HELENA MAWATHA, WENNAPUWA.",Puttalam,Wennappuwa Pradeshiya Sabha,SUPERIOR,4,7.337334,,,,,official_tourism,Information for Accommodation.csv,anyaa lifestyle,Bungalows.xlsx | Information for Accommodation.csv
ACC000097,APA VILLA,Boutique Villas,"78TH MILE POST, MATARA ROAD, THALPE",Galle,Galle,,5,6.04173,,,,,official_tourism,Information for Accommodation.csv,apa villa,Boutique Villas.xlsx | Information for Accommodation.csv
ACC000098,APPAS BREEZY HOME STAY,Bangalows,"15, PUTHU MUGATHUWARAM,BATTICALOA",Batticaloa,Batticaloa,STANDARD,2,7.730997,,,,,official_tourism,Information for Accommodation.csv,appas breezy home stay,Bungalows.xlsx | Information for Accommodation.csv
ACC000099,APSARA RESORT,Guest Houses,"539,KANDY ROAD,MALWATTA, NITTAMBUWA.",Gampaha,Attanagalla Pradeshiya Sabha,A,10,7.133494,,,,,official_tourism,Information for Accommodation.csv,apsara resort,Guest Houses.xlsx | Information for Accommodation.csv
ACC000100,APSARA,Bangalows,"332, WELIPENNA ROAD, ALUTHGAMA",Kalutara,Aluthgama,DELUXE,3,6.433525,,,,,official_tourism,Information for Accommodation.csv,apsara,Bungalows.xlsx | Information for Accommodation.csv
ACC000101,AQUA BEACH,Bangalows,"GURUPOKUNA, HUNGAMA.",Hambantota,Tangalle Pradeshiya Sabha,SUPERIOR,4,,,,,,official_tourism,Information for Accommodation.csv,aqua beach,Bungalows.xlsx | Information for Accommodation.csv
ACC000102,AQUA INNS,Guest Houses,"NO.12,ALLES GARDEN,SAMBALTHIVE,TRINCOMLEE",Trincomalee,Trincomalee,A,31,,,,,,official_tourism,Information for Accommodation.csv,aqua inns,Guest Houses.xlsx | Information for Accommodation.csv
ACC000103,AQUA PEARL LAKE RESORT,Guest Houses,"201, GALKANUWA ROAD, GORAKANA MORATUWA",Colombo,Moratuwa,A,20,6.763687,,,,,official_tourism,Information for Accommodation.csv,aqua pearl lake resort,Guest Houses.xlsx | Information for Accommodation.csv
ACC000104,AQUARIUS RESORT,Guest Houses,"BEACH ROAD, MARAWILA.",Puttalam,Puttalam Pradeshiya Sabha,A,20,,,,,,official_tourism,Information for Accommodation.csv,aquarius resort,Guest Houses.xlsx | Information for Accommodation.csv
ACC000105,ARALIYA GREEN CITY,Tourist Hotels,"NO 01,GRAND HOTEL ROAD,NUWARA ELIYA.",Nuwara Eliya,Nuwara Eliya,,192,6.967075,,,,,official_tourism,Information for Accommodation.csv,araliya green city,Information for Accommodation.csv | Tourist Hotels.xlsx
ACC000106,ARALIYA GREEN HILLS HOTEL,Tourist Hotels,"NO:10,GLEN FALL ROAD,NUWRA ELIYA",Nuwara Eliya,Nuwara Eliya,,107,6.967075,,,,,official_tourism,Information for Accommodation.csv,araliya green hills hotel,Information for Accommodation.csv | Tourist Hotels.xlsx
ACC000107,ARALIYA HOTEL,Guest Houses,"GALLE ROAD, KALUWAMODARA, ALUTHGAMA.",Kalutara,Aluthgama,A,20,,,,,,official_tourism,Information for Accommodation.csv,araliya hotel,Guest Houses.xlsx | Information for Accommodation.csv
ACC000108,ARALIYA INN,Guest Houses,"NO:20/1B,SRI SUMANGALA MAWATHA,POLGAHAWELA",Kurunegala,Kurunegala,B,7,7.291109,,,,,official_tourism,Information for Accommodation.csv,araliya inn,Guest Houses.xlsx | Information for Accommodation.csv
ACC000109,ARALIYA,Home Stay Units,"6, LANE 4, ARALIYA MAWATHA, PRIMROSE GARDEN, KANDY",Kandy,Kandy,SUPERIOR,2,,,,,,official_tourism,Information for Accommodation.csv,araliya,Home Stay Units.xlsx | Information for Accommodation.csv
ACC000110,ARANGA-LA,Bangalows,"NO.10,HOSPITAL ROAD,HOMAGAMA",Colombo,Homagama Pradeshiya Sabha,DELUXE,3,,,,,,official_tourism,Information for Accommodation.csv,aranga la,Bungalows.xlsx | Information for Accommodation.csv
ACC000111,ARIE LAGOON - NEGOMBO,Tourist Hotels,"587,PAMUNUGAMA ROAD,THALAHENA, NEGOMBO",Gampaha,Negombo,,55,7.1688026,,,,,official_tourism,Information for Accommodation.csv,arie lagoon negombo,Information for Accommodation.csv | Tourist Hotels.xlsx
ACC000112,ARIKA VILLAS,Boutique Villas,"PUWAKATAWALA ROAD,40TH MILE POST,OFF MATALE ROAD,DAMBULLA.",Matale,Dambulla Pradeshiya Sabha,,9,7.792484,,,,,official_tourism,Information for Accommodation.csv,arika villas,Boutique Villas.xlsx | Information for Accommodation.csv
ACC000113,ARMITAGE RESIDENCE,Home Stay Units,"ARACHCHIKANDA, WACKWELLA, GALLE.",Galle,Galle,SUPERIOR,3,,,,,,official_tourism,Information for Accommodation.csv,armitage residence,Home Stay Units.xlsx | Information for Accommodation.csv
ACC000114,ARNE'S PLACE,Home Stay Units,"53A,ARUGAMBAY,POTTUVIL -18.",Ampara,Ampara,STANDARD,3,,,,,,official_tourism,Information for Accommodation.csv,arne s place,Home Stay Units.xlsx | Information for Accommodation.csv
ACC000115,ARUGAMBAY PACIFIC HOTEL,Guest Houses,"MAIN STREET,ARUGAMBAY,POTTUVIL",Ampara,Ampara,B,12,6.842457,,,,,official_tourism,Information for Accommodation.csv,arugambay pacific hotel,Guest Houses.xlsx | Information for Accommodation.csv
ACC000116,ARUGAMBAY ROCCOS,Guest Houses,"MAIN SRTEET,ARUGAMBAY,POTTUVIL.",Ampara,Pottuvil,B,22,6.844204,,,,,official_tourism,Information for Accommodation.csv,arugambay roccos,Guest Houses.xlsx | Information for Accommodation.csv
ACC000117,ARUGAMBAY SURF RESORT,Guest Houses,"ARUGAMBAY, POTUVIL.",Ampara,Ampara,B,11,6.841493,,,,,official_tourism,Information for Accommodation.csv,arugambay surf resort,Guest Houses.xlsx | Information for Accommodation.csv
ACC000118,ARUGAMBAY SURFERS VILLA,Guest Houses,"MAIN STREET, ARUGAMBAY SOUTH, POTTUVIL 05",Ampara,Pottuvil,B,30,,,,,,official_tourism,Information for Accommodation.csv,arugambay surfers villa,Guest Houses.xlsx | Information for Accommodation.csv
ACC000119,ASIAN JEWEL HOTEL,Guest Houses,"""FIELD VIEW"", BADDEGAMA ROAD, NALAGASDENIYA, HIKKADUWA",Galle,Hikkaduwa,B,7,6.14168,,,,,official_tourism,Information for Accommodation.csv,asian jewel hotel,Guest Houses.xlsx | Information for Accommodation.csv
ACC000120,ASIRI HOLIDAY RESORT,Guest Houses,"NO 28/1,THUDUWA ROAD,MADAPATHA,PILIYANDALA",Colombo,Colombo,B,5,,,,,,official_tourism,Information for Accommodation.csv,asiri holiday resort,Guest Houses.xlsx | Information for Accommodation.csv
ACC000121,ASIRI REST HOUSE,Guest Houses,"242,WIJENAYAKE MAWATHA,EHELIYAGODA.",Ratnapura,Eheliyagoda Pradeshiya Sabha,A,5,6.596046,,,,,official_tourism,Information for Accommodation.csv,asiri rest house,Guest Houses.xlsx | Information for Accommodation.csv
ACC000122,ASNARA VILLAGE,Guest Houses,"MORAGASWEWA,HABARANA.",Polonnaruwa,Hingurakgoda Pradeshiya Sabha,A,12,8.031269,,,,,official_tourism,Information for Accommodation.csv,asnara village,Guest Houses.xlsx | Information for Accommodation.csv
ACC000123,ASVIKA HOTEL,Guest Houses,"NO.09, SAWMIYAPURAM, KOTAGALA",Nuwara Eliya,Nuwara Eliya,A,14,6.916606,,,,,official_tourism,Information for Accommodation.csv,asvika hotel,Guest Houses.xlsx | Information for Accommodation.csv
ACC000124,ATAPATTU WALAWWA,Heritage Homes,"35/5, ATAPATTU WALAWWA, LOWER DICKSON ROAD, GALLE",Galle,Galle,DELUXE,7,6.038721,,,,,official_tourism,Information for Accommodation.csv,atapattu walawwa,Heritage Homes.xlsx | Information for Accommodation.csv
ACC000125,ATHULYA VILLAS,Guest Houses,"PANABOKKE,GANHATA ROAD,WATTAPPOLA.",Kandy,Udunuwara Pradeshiya Sabha,A,8,7.225436,,,,,official_tourism,Information for Accommodation.csv,athulya villas,Guest Houses.xlsx | Information for Accommodation.csv
ACC000126,ATVICE,Home Stay Units,"86, ZONE 1, MILLENIUM CITY, KOTUGODA, JA-ELA",Gampaha,Gampaha,SUPERIOR,1,,,,,,official_tourism,Information for Accommodation.csv,atvice,Home Stay Units.xlsx | Information for Accommodation.csv
ACC000127,AUBRONA HOTEL,Guest Houses,"NO. 81, NEW ROAD, HUNUPITIYA WATTALA",Gampaha,Kelaniya Pradeshiya Sabha,A,50,6.982729,,,,,official_tourism,Information for Accommodation.csv,aubrona hotel,Guest Houses.xlsx | Information for Accommodation.csv
ACC000128,AURORA,Home Stay Units,"9/8, 1/1, DE SARAM ROAD, MOUNT LAVINIA.",Colombo,Dehiwala-Mount Lavinia,SUPERIOR,7,6.8418553,,,,,official_tourism,Information for Accommodation.csv,aurora,Home Stay Units.xlsx | Information for Accommodation.csv
ACC000129,AUSTRIAN BEACH RESORT,Classified Hotels( 1-5 Star),"2/A 2, BANDARAWATTA,KEMAGODA,DICKWELLA",Matara,Matara,ONE,10,5.978461,,,,,official_tourism,Information for Accommodation.csv,austrian beach resort,Classified Hotels( 1-5 Star).xlsx | Information for Accommodation.csv
ACC000130,AV 15,Rented Apartments,"NO. 18, ALEXANDRA ROAD, COLOMBO 06",Colombo,Colombo,DELUXE,24,,,,,,official_tourism,Information for Accommodation.csv,av 15,Information for Accommodation.csv | Rented Apartments.xlsx
ACC000131,AVAANA BY SPRINGHILLS,Home Stay Units,"103/2, DOOLWALA,,HALLOLUWA,KANDY",Kandy,Harispattuwa Pradeshiya Sabha,STANDARD,2,7.311916,,,,,official_tourism,Information for Accommodation.csv,avaana by springhills,Home Stay Units.xlsx | Information for Accommodation.csv
ACC000132,AVANA,Bangalows,"35, CHARLES PLACE, COLOMBO 3.",Colombo,Colombo,DELUXE,3,,,,,,official_tourism,Information for Accommodation.csv,avana,Bungalows.xlsx | Information for Accommodation.csv
ACC000133,AVANI BENTOTA RESORT & SPA,Classified Hotels( 1-5 Star),"NATIONAL HOLIDAY RESORT,BENTOTA",Galle,Bentota Pradeshiya Sabha,TWO,90,6.423673,,,,,official_tourism,Information for Accommodation.csv,avani bentota resort spa,Classified Hotels( 1-5 Star).xlsx | Information for Accommodation.csv
ACC000134,AVANI KALUTARA RESORT,Tourist Hotels,"40,ST. SEBASTIANS ROAD,KATUKURUNDA, KALUTARA",Kalutara,Kalutara Pradeshiya Sabha,,105,6.568479,,,,,official_tourism,Information for Accommodation.csv,avani kalutara resort,Information for Accommodation.csv | Tourist Hotels.xlsx
ACC000135,AVASTA RESORT AND SPA,Tourist Hotels,"NO 92,NIWANTHAKA CHETHIYA ROAD,ANURADHAPURAYA",Anuradhapura,Anuradhapura,,13,8.3523,,,,,official_tourism,Information for Accommodation.csv,avasta resort and spa,Information for Accommodation.csv | Tourist Hotels.xlsx
ACC000136,AVENRA BEACH HOTEL,Tourist Hotels,"NO 714, NARIGAMA HIKKADUWA",Galle,Hikkaduwa,,62,6.123829,,,,,official_tourism,Information for Accommodation.csv,avenra beach hotel,Information for Accommodation.csv | Tourist Hotels.xlsx
ACC000137,AVENRA GANGARA HOTEL,Tourist Hotels,"J.J. PINTO MAWATHA, NEW ROAD, WENNAPUWA",Puttalam,Wennappuwa Pradeshiya Sabha,,21,7.351218,,,,,official_tourism,Information for Accommodation.csv,avenra gangara hotel,Information for Accommodation.csv | Tourist Hotels.xlsx
ACC000138,AVI GIL VILLAS PRIVATE LIMITED,Bangalows,"THE NUGA HOUSE,WELI ROAD, KABALANA, AHANGAMA,GALLE",Galle,Habaraduwa,SUPERIOR,6,,,,,,official_tourism,Information for Accommodation.csv,avi gil villas private limited,Bungalows.xlsx | Information for Accommodation.csv
ACC000139,AVINKA VILLA,Home Stay Units,"WALPOLAWATHTHA, TALPE NORTH, UNAWATUNA",Galle,Akmeemana,STANDARD,3,6.000995,,,,,official_tourism,Information for Accommodation.csv,avinka villa,Home Stay Units.xlsx | Information for Accommodation.csv
ACC000140,AVON VILLA,Rented Homes,"NO. 61/30, THUDUWEGODA ROAD, AMARASENA MAWATHA, HIKKADUWA",Galle,Hikkaduwa,STANDARD,3,6.139111,,,,,official_tourism,Information for Accommodation.csv,avon villa,Information for Accommodation.csv | Rented Homes.xlsx
ACC000141,AWINCO REST,Home Stay Units,"122, BADULLA ROAD, HAPUTALE",Badulla,Haputale,STANDARD,4,6.7743487,,,,,official_tourism,Information for Accommodation.csv,awinco rest,Home Stay Units.xlsx | Information for Accommodation.csv
ACC000142,AYUBOWAN GUEST HOUSE,Guest Houses,"47/55 SCHOOL LANE ETTUKALA,NEGOMBO",Gampaha,Negombo,A,6,7.235167,,,,,official_tourism,Information for Accommodation.csv,ayubowan guest house,Guest Houses.xlsx | Information for Accommodation.csv
ACC000143,AYURVEDA PARAGON,Tourist Hotels,"P.O.BOX 01, 80615, TALPE",Galle,Habaraduwa,,82,5.995887,,,,,official_tourism,Information for Accommodation.csv,ayurveda paragon,Information for Accommodation.csv | Tourist Hotels.xlsx
ACC000144,AYURVEDA SHUNYATA VILLA,Guest Houses,"NO:660/A,GALLE ROAD,GALABODA,INDURUWA",Galle,Bentota Pradeshiya Sabha,A,5,6.384861,,,,,official_tourism,Information for Accommodation.csv,ayurveda shunyata villa,Guest Houses.xlsx | Information for Accommodation.csv
ACC000145,AYURVEDA WALAUWA,Tourist Hotels,"WARAHENA,BENTOTA",Galle,Galle,,20,6.42,,,,,official_tourism,Information for Accommodation.csv,ayurveda walauwa,Information for Accommodation.csv | Tourist Hotels.xlsx
ACC000146,B.N.C GUEST HOUSE,Guest Houses,"POLKOTUWA,GALLE ROAD,BERUWALA",Kalutara,Beruwala Pradeshiya Sabha,A,13,6.482415,,,,,official_tourism,Information for Accommodation.csv,b n c guest house,Guest Houses.xlsx | Information for Accommodation.csv
ACC000147,BACK OF BEYOND DEHIGAHA ELA,Bangalows,"ALAKOLAWEWA, DEHIGAHA ELA, SIGIRIYA",Matale,Dambulla Pradeshiya Sabha,DELUXE,4,7.914324,,,,,official_tourism,Information for Accommodation.csv,back of beyond dehigaha ela,Bungalows.xlsx | Information for Accommodation.csv
ACC000148,BACK OF BEYOND PIDURANGALA,Bangalows,"KURULU UYANA, TEMPLE ROAD, PIDURANGALA, SIGIRIYA",Matale,Dambulla Pradeshiya Sabha,SUPERIOR,4,7.969325,,,,,official_tourism,Information for Accommodation.csv,back of beyond pidurangala,Bungalows.xlsx | Information for Accommodation.csv
ACC000149,BADULLA NEW TOURIST INN,Guest Houses,"122, MAHIYANGANA ROAD, BADULLA.",Badulla,Badulla,B,10,,,,,,official_tourism,Information for Accommodation.csv,badulla new tourist inn,Guest Houses.xlsx | Information for Accommodation.csv
ACC000150,BALAJI OCEAN VIEW,Guest Houses,"MAIN STREET,ARUGAMBAY,POTTUVIL.",Ampara,Pottuvil,A,20,6.839237,,,,,official_tourism,Information for Accommodation.csv,balaji ocean view,Guest Houses.xlsx | Information for Accommodation.csv
ACC000151,BALAPOKUNA VILLA,Home Stay Units,"NO. 12/8, BALAPOKUNA, PURANA VIHARA ROAD, COLOMBO 06",Colombo,Colombo,SUPERIOR,1,6.8715737,,,,,official_tourism,Information for Accommodation.csv,balapokuna villa,Home Stay Units.xlsx | Information for Accommodation.csv
ACC000152,BANDAGIRI VILLAGE ECO RESORTS,Guest Houses,"GONNORUWA ROAD,HAMBANTOTA",Hambantota,Hambantota,A,22,6.234207,,,,,official_tourism,Information for Accommodation.csv,bandagiri village eco resorts,Guest Houses.xlsx | Information for Accommodation.csv
ACC000153,BANDARAWELA HOTEL,Tourist Hotels,"NO 14, WELIMADA ROAD, BANDARAWELA",Badulla,Bandarawela Pradeshiya Sabha,,33,6.831583,,,,,official_tourism,Information for Accommodation.csv,bandarawela hotel,Information for Accommodation.csv | Tourist Hotels.xlsx
ACC000154,BANDU RIVER INN,Guest Houses,"RIVERSIDE ROAD, PALATOTA, KALUTARA NORH",Kalutara,Kalutara Pradeshiya Sabha,B,10,6.59447,,,,,official_tourism,Information for Accommodation.csv,bandu river inn,Guest Houses.xlsx | Information for Accommodation.csv
ACC000155,BARAMBA,Bangalows,"NO.22,UPAL MAWATHA,PRIMROSE HILL,KANDY",Kandy,Kandy,DELUXE,3,,,,,,official_tourism,Information for Accommodation.csv,baramba,Bungalows.xlsx | Information for Accommodation.csv
ACC000156,BARBERYN AYURVEDIC BEACH RESORT,Tourist Hotels,"KAPPARATOTA,WELIGAMA",Matara,Weligama Pradeshiya Sabha,,60,5.959899,,,,,official_tourism,Information for Accommodation.csv,barberyn ayurvedic beach resort,Information for Accommodation.csv | Tourist Hotels.xlsx
ACC000157,BARBERYN REEF AYURVEDA RESORT,Classified Hotels( 1-5 Star),"MORAGALLA,BERUWALA",Kalutara,Bentota Pradeshiya Sabha,ONE,75,6.4500038,,,,,official_tourism,Information for Accommodation.csv,barberyn reef ayurveda resort,Classified Hotels( 1-5 Star).xlsx | Information for Accommodation.csv
ACC000158,BARNES LODGE,Home Stay Units,"34/7A,BARNES PLACE,COLOMBO 07",Colombo,Colombo,SUPERIOR,5,,,,,,official_tourism,Information for Accommodation.csv,barnes lodge,Home Stay Units.xlsx | Information for Accommodation.csv
ACC000159,BASILEA GUEST,Bangalows,"282/5, DIYARILLA ROAD, MORAGALLA, BERUWALA",Kalutara,Beruwala Pradeshiya Sabha,SUPERIOR,6,6.454283,,,,,official_tourism,Information for Accommodation.csv,basilea guest,Bungalows.xlsx | Information for Accommodation.csv
ACC000160,BASTIAN HOTEL,Guest Houses,"37/11,KANDY ROAD,JAFFNA",Jaffna,Jaffna,A,13,9.659292,,,,,official_tourism,Information for Accommodation.csv,bastian hotel,Guest Houses.xlsx | Information for Accommodation.csv
ACC000161,BATTICALOA HOLIDAY RESORT,Guest Houses,"KALMUNAI MAIN ROAD, KALUWANCHIKUDI",Batticaloa,Batticaloa,A,7,,,,,,official_tourism,Information for Accommodation.csv,batticaloa holiday resort,Guest Houses.xlsx | Information for Accommodation.csv
ACC000162,BAY BEACH BUNGALOW,Bangalows,"BAY BEACH HOTEL,GANDHI NAGAR,KUMBURUPITIYA,NILAVELI,TRINCOMALEE",Trincomalee,Kuchchaveli,SUPERIOR,5,8.731013,,,,,official_tourism,Information for Accommodation.csv,bay beach bungalow,Bungalows.xlsx | Information for Accommodation.csv
ACC000163,BAY BEACH HOTEL,Tourist Hotels,"KAPPARATOTA,WELIGAMA",Matara,Weligama Pradeshiya Sabha,,60,5.959292,,,,,official_tourism,Information for Accommodation.csv,bay beach hotel,Information for Accommodation.csv | Tourist Hotels.xlsx
ACC000164,BAY INN,Guest Houses,WELIGAMA,Matara,Weligama,B,10,,,,,,official_tourism,Information for Accommodation.csv,bay inn,Guest Houses.xlsx | Information for Accommodation.csv
ACC000165,BAY VISTA HOTEL,Guest Houses,"NO:227,MAIN STREET,ARUGAMBAY,ULLA,POTTUVIL",Ampara,Pottuvil,A,31,6.841696,,,,,official_tourism,Information for Accommodation.csv,bay vista hotel,Guest Houses.xlsx | Information for Accommodation.csv
ACC000166,BEACH HOTEL BLACK ORCHID,Guest Houses,"GALLE ROAD, KIKAWALA, INDURUWA",Galle,Bentota Pradeshiya Sabha,A,10,6.381604,,,,,official_tourism,Information for Accommodation.csv,beach hotel black orchid,Guest Houses.xlsx | Information for Accommodation.csv
ACC000167,BEACH HUT,Guest Houses,"ARUGAMBAY,POTTUVIL.",Ampara,Ampara,B,9,,,,,,official_tourism,Information for Accommodation.csv,beach hut,Guest Houses.xlsx | Information for Accommodation.csv
ACC000168,BEACH RESIDENCE,Home Stay Units,"7/17, RATHNAYAKA MAWATHA, MAHAWATTE, THALPITIYA, WADDUWA",Kalutara,Panadura Pradeshiya Sabha,STANDARD,4,,,,,,official_tourism,Information for Accommodation.csv,beach residence,Home Stay Units.xlsx | Information for Accommodation.csv
ACC000169,BEACH VIEW CABANA,Home Stay Units,"90,ARUGAMBAY,POTTUVIL,P/18.",Ampara,Ampara,STANDARD,5,6.8428152,,,,,official_tourism,Information for Accommodation.csv,beach view cabana,Home Stay Units.xlsx | Information for Accommodation.csv
ACC000170,BEACH VIEW GUEST HOUSE,Guest Houses,"LION PUB,220 GALLE ROAD,MOUNT LAVINIA.",Colombo,Dehiwala-Mount Lavinia,B,14,,,,,,official_tourism,Information for Accommodation.csv,beach view guest house,Guest Houses.xlsx | Information for Accommodation.csv
ACC000171,BEACH VIEW TOURIST GUEST HOUSE,Guest Houses,"57,PORUTHOTA RD,ETHUKALA,NEGOMBO",Gampaha,Negombo,B,15,7.227449,,,,,official_tourism,Information for Accommodation.csv,beach view tourist guest house,Guest Houses.xlsx | Information for Accommodation.csv
ACC000172,BEACHWAY GUEST HOUSE,Guest Houses,"NO. 02, BEACH ROAD, MOUNT LAVINIA",Colombo,Colombo,B,6,,,,,,official_tourism,Information for Accommodation.csv,beachway guest house,Guest Houses.xlsx | Information for Accommodation.csv
ACC000173,BEACON BEACH NEGOMBO,Tourist Hotels,"185, PORUTHOTA ROAD, NEGAMBO.",Gampaha,Negombo,,44,7.2503138,,,,,official_tourism,Information for Accommodation.csv,beacon beach negombo,Information for Accommodation.csv | Tourist Hotels.xlsx
ACC000174,BEDDEGAMA ECOPARK,Bangalows,"653/3, KAWANTHISSAPURA, TISSAMAHARAMA",Hambantota,Thissamaharama,DELUXE,7,,,,,,official_tourism,Information for Accommodation.csv,beddegama ecopark,Bungalows.xlsx | Information for Accommodation.csv
ACC000175,BEE VIEW HOME STAY,Rented Apartments,"71/B/1-A, HANTHANA HOUSING SCHEME, HANTHANA, KANDY",Kandy,Gagawata Koralya,SUPERIOR,2,,,,,,official_tourism,Information for Accommodation.csv,bee view home stay,Information for Accommodation.csv | Rented Apartments.xlsx
ACC000176,BEEMA RESORTS,Guest Houses,"NO 9,RANWAN UYANA,MUNGAMA,HORANA",Kalutara,Horana Pradeshiya Sabha,B,6,,,,,,official_tourism,Information for Accommodation.csv,beema resorts,Guest Houses.xlsx | Information for Accommodation.csv
ACC000177,BEERIDEWALA ESTATE BUNGALOW,Guest Houses,"DEEVILLA RD,ALUVIHARA,MATALE",Matale,Matale,A,5,,,,,,official_tourism,Information for Accommodation.csv,beeridewala estate bungalow,Guest Houses.xlsx | Information for Accommodation.csv
ACC000178,BELIHULOYA REST HOUSE,Guest Houses,BELIHULOYA,Ratnapura,Ratnapura,A,15,6.717253,,,,,official_tourism,Information for Accommodation.csv,belihuloya rest house,Guest Houses.xlsx | Information for Accommodation.csv
ACC000179,BELLA CASA,Bangalows,"9/2, 4TH LANE, RATMALANA",Colombo,Dehiwala-Mount Lavinia,STANDARD,3,6.817599,,,,,official_tourism,Information for Accommodation.csv,bella casa,Bungalows.xlsx | Information for Accommodation.csv
ACC000180,BELPEAK COTTAGE,Bangalows,"BELPEAK COTTAGE, GALAGAMA, BELIHULOYA",Ratnapura,Ratnapura,STANDARD,2,6.720504,,,,,official_tourism,Information for Accommodation.csv,belpeak cottage,Bungalows.xlsx | Information for Accommodation.csv
ACC000181,BENI BEACH RESORT,Bangalows,"NO.5/8A,8TH CROSS, THIRUCHENTHUR ROAD,KALLADY,BATTICALOA.",Batticaloa,Batticaloa,STANDARD,4,7.721915,,,,,official_tourism,Information for Accommodation.csv,beni beach resort,Bungalows.xlsx | Information for Accommodation.csv
ACC000182,BENTHOTA HIGHRICH RIVER VIEW RESORT,Guest Houses,"NO 97, RIVERSIDE ROAD, ALUTHGAMA",Kalutara,Aluthgama,B,6,6.432034,,,,,official_tourism,Information for Accommodation.csv,benthota highrich river view resort,Guest Houses.xlsx | Information for Accommodation.csv
ACC000183,BENTOTA BEACH HOTEL,Classified Hotels( 1-5 Star),"NATIONAL HOLIDAY RESORT, BENTOTA",Galle,Bentota Pradeshiya Sabha,FOUR,133,6.424974,,,,,official_tourism,Information for Accommodation.csv,bentota beach hotel,Classified Hotels( 1-5 Star).xlsx | Information for Accommodation.csv
ACC000184,BENTOTA RIVER VILLA,Bangalows,"NO:72,MIHIRIPENNA ROAD,DHARGA TOWN - 12090",Kalutara,Beruwala Pradeshiya Sabha,SUPERIOR,4,,,,,,official_tourism,Information for Accommodation.csv,bentota river villa,Bungalows.xlsx | Information for Accommodation.csv
ACC000185,BERALIYA,Rented Apartments,"BATAPOLA ROAD, KAHAWA",Galle,Galle,SUPERIOR,8,,,,,,official_tourism,Information for Accommodation.csv,beraliya,Information for Accommodation.csv | Rented Apartments.xlsx
ACC000186,BERJAYA MOUNT ROYAL BEACH HOTEL,Classified Hotels( 1-5 Star),"NO:36,COLLAGE AVENUE,MOUNT LAVINIA",Colombo,Moratuwa,ONE,90,6.838659,,,,,official_tourism,Information for Accommodation.csv,berjaya mount royal beach hotel,Classified Hotels( 1-5 Star).xlsx | Information for Accommodation.csv
ACC000187,BEST WESTERN ELYON COLOMBO,Classified Hotels( 1-5 Star),"102A, KIRULAPONE AVENUE, BASELINE ROAD, COLOMBO 05.",Colombo,Colombo,TWO,52,6.883736,,,,,official_tourism,Information for Accommodation.csv,best western elyon colombo,Classified Hotels( 1-5 Star).xlsx | Information for Accommodation.csv
ACC000188,BETHANY 101,Heritage Bungalows,"101, COLOMBO ROAD, PUTTALAM.",Puttalam,Puttalam Pradeshiya Sabha,DELUXE,6,8.027126,,,,,official_tourism,Information for Accommodation.csv,bethany 101,Heritage Bungalow.xlsx | Information for Accommodation.csv
ACC000189,BEVERLY HILLS HOTEL,Guest Houses,"NO.27,DE SARAM ROAD,MOUNT LAVINIA",Colombo,Dehiwala-Mount Lavinia,B,24,6.839056,,,,,official_tourism,Information for Accommodation.csv,beverly hills hotel,Guest Houses.xlsx | Information for Accommodation.csv
ACC000190,BIG JOHN GUEST HOUSE,Guest Houses,"NO. 47, ALBERT PLACE, DEHIWALA,",Colombo,Dehiwala-Mount Lavinia,A,17,6.858268,,,,,official_tourism,Information for Accommodation.csv,big john guest house,Guest Houses.xlsx | Information for Accommodation.csv
ACC000191,BIMSARA GUEST HOUSE,Guest Houses,"NO. 79, ATTANAGOLLA, LUNUGALA",Badulla,Badulla,B,5,,,,,,official_tourism,Information for Accommodation.csv,bimsara guest house,Guest Houses.xlsx | Information for Accommodation.csv
ACC000192,BINURI HOTEL & GUEST HOUSE,Guest Houses,"WADIYA WATTA,MAPALAGAMA,GALLE",Galle,Galle,B,12,,,,,,official_tourism,Information for Accommodation.csv,binuri hotel guest house,Guest Houses.xlsx | Information for Accommodation.csv
ACC000193,BINVINO,Tourist Hotels,"GAMPOLA WATTA, NARANVITA, GAMPOLA.",Kandy,Kandy,,25,7.167381,,,,,official_tourism,Information for Accommodation.csv,binvino,Information for Accommodation.csv | Tourist Hotels.xlsx
ACC000194,BIRDS HILL,Home Stay Units,"NO :35/70 1/1,KATUGASTHOTA ROAD,KANDY.",Kandy,Kandy,SUPERIOR,2,,,,,,official_tourism,Information for Accommodation.csv,birds hill,Home Stay Units.xlsx | Information for Accommodation.csv
ACC000195,BIRDS PARK,Guest Houses,"WADAWA, WADAKADA, POLGAHAWELA",Kurunegala,Alawwa Pradeshiya Sabha,B,6,7.38372,,,,,official_tourism,Information for Accommodation.csv,birds park,Guest Houses.xlsx | Information for Accommodation.csv
ACC000196,BIYAGAMA ZONE,Guest Houses,"NO. 533/2, WALGAMA, MALWANA, BIYAGAMA",Gampaha,Biyagama Pradeshiya Sabha,B,10,,,,,,official_tourism,Information for Accommodation.csv,biyagama zone,Guest Houses.xlsx | Information for Accommodation.csv
ACC000197,BLACKPOOL HOTEL,Tourist Hotels,"MAHAGASTHOTA HILL CLIMB, BLACKPOOL, NUWARAELIYA",Nuwara Eliya,Nuwara Eliya,,50,6.94233,,,,,official_tourism,Information for Accommodation.csv,blackpool hotel,Information for Accommodation.csv | Tourist Hotels.xlsx
ACC000198,BLOOMING ROSE,Home Stay Units,"ETHIMALE,KITHAL-ELLA,ELLA",Badulla,Ella Pradeshiya Sabha,STANDARD,2,6.869789,,,,,official_tourism,Information for Accommodation.csv,blooming rose,Home Stay Units.xlsx | Information for Accommodation.csv
ACC000199,BLUE HORIZON,Guest Houses,"NO. 129,HIGH BEACH ROAD, AMBALANGODA",Galle,Ambalangoda,B,10,,,,,,official_tourism,Information for Accommodation.csv,blue horizon,Guest Houses.xlsx | Information for Accommodation.csv
ACC000200,BLUE LAGOON,Bangalows,"""BLUE LAGOON'WELLAWATTE,HIKKADUWA",Galle,Hikkaduwa,SUPERIOR,3,6.147039,,,,,official_tourism,Information for Accommodation.csv,blue lagoon,Bungalows.xlsx | Information for Accommodation.csv
ACC000201,BLUE LOTUS GARDEN,Guest Houses,"NO. 54 B, GORAKAPITIYA, PILIYANDALA",Colombo,Kesbewa,B,10,6.817221,,,,,official_tourism,Information for Accommodation.csv,blue lotus garden,Guest Houses.xlsx | Information for Accommodation.csv
ACC000202,BLUE MEADOWS-NUWARA ELIYA,Tourist Hotels,"3/11,BAKER'S FARM ROAD, MAHAGASTOTA, NUWARAELIYA",Nuwara Eliya,Nuwara Eliya,,15,80.7916431,,,,,official_tourism,Information for Accommodation.csv,blue meadows nuwara eliya,Information for Accommodation.csv | Tourist Hotels.xlsx
ACC000203,BLUE MERIDIAN HOTEL,Guest Houses,"3RD FLOOR, MC PLAZA,KURUNEGALA",Kurunegala,Kurunegala,B,12,,,,,,official_tourism,Information for Accommodation.csv,blue meridian hotel,Guest Houses.xlsx | Information for Accommodation.csv
ACC000204,BLUE RAKERS GUEST AND RESTUARANT,Guest Houses,"NO.103,DOCTOR N.M PERERA MAWATHA,BORELLA,COLOMBO 08.",Colombo,Colombo,B,5,,,,,,official_tourism,Information for Accommodation.csv,blue rakers guest and restuarant,Guest Houses.xlsx | Information for Accommodation.csv
ACC000205,BLUE RIBBON HOMESTAY,Home Stay Units,"WATERFALL ROAD,KITHAL-ELLA,ELLA",Badulla,Ella Pradeshiya Sabha,STANDARD,3,6.8702405,,,,,official_tourism,Information for Accommodation.csv,blue ribbon homestay,Home Stay Units.xlsx | Information for Accommodation.csv
ACC000206,BLUE RIBBON,Home Stay Units,"3/339, KANDUWELA ESTATE, GURUDENIYA",Kandy,Gagawata Koralya,STANDARD,5,7.2655464,,,,,official_tourism,Information for Accommodation.csv,blue ribbon,Home Stay Units.xlsx | Information for Accommodation.csv
ACC000207,BLUE WATER VILLA,Bangalows,"318, DAMPE ROAD, PILIYANDALA",Colombo,Kesbewa,DELUXE,5,6.785133,,,,,official_tourism,Information for Accommodation.csv,blue water villa,Bungalows.xlsx | Information for Accommodation.csv
ACC000208,BLUE WHALE BEACH RESORT,Guest Houses,"KANDAKULIYA,KALPITIYA.",Puttalam,Kalpitiya Pradeshiya Sabha,A,15,8.2150047,,,,,official_tourism,Information for Accommodation.csv,blue whale beach resort,Guest Houses.xlsx | Information for Accommodation.csv
ACC000209,BOA VISTA,Guest Houses,"NO. 142, OLD PUTTALAM ROAD, TISSAWEWA, ANURADHAPURA",Anuradhapura,Anuradhapura,A,11,8.342905,,,,,official_tourism,Information for Accommodation.csv,boa vista,Guest Houses.xlsx | Information for Accommodation.csv
ACC000210,BOJANGLES BEACH HOUSE,Guest Houses,"BARANIGEWATTA,WELHENGODA,AHANGAMA",Galle,Habaraduwa,A,5,,,,,,official_tourism,Information for Accommodation.csv,bojangles beach house,Guest Houses.xlsx | Information for Accommodation.csv
ACC000211,BOLGODA COTTAGE,Bangalows,"149, GALKANUWA ROAD, GORAKANA, KESELWATTE, MORATUWA",Kalutara,Kalutara Pradeshiya Sabha,DELUXE,4,,,,,,official_tourism,Information for Accommodation.csv,bolgoda cottage,Bungalows.xlsx | Information for Accommodation.csv
ACC000212,BONGO STAY,Bangalows,"11, BOYD PLACE, COLOMBO 03",Colombo,Colombo,DELUXE,5,6.913767,,,,,official_tourism,Information for Accommodation.csv,bongo stay,Bungalows.xlsx | Information for Accommodation.csv
ACC000213,BONN BONN GUEST HOUSE,Guest Houses,"NO. 104/3, KATUVANA ROAD, HOMAGAMA",Colombo,Homagama Pradeshiya Sabha,A,16,,,,,,official_tourism,Information for Accommodation.csv,bonn bonn guest house,Guest Houses.xlsx | Information for Accommodation.csv
ACC000214,BOPATH FALLS RESTAURANT,Guest Houses,"KEERAGALA, KURUWITA.",Ratnapura,Kuruwita Pradeshiya Sabha,A,6,,,,,,official_tourism,Information for Accommodation.csv,bopath falls restaurant,Guest Houses.xlsx | Information for Accommodation.csv
ACC000215,BOUGAINVILLEA RETREAT,Guest Houses,"VICTORIA GOLF & COUNTRY RETREAT,RAJAWELLA,KANDY",Kandy,Kandy,A,19,7.266985,,,,,official_tourism,Information for Accommodation.csv,bougainvillea retreat,Guest Houses.xlsx | Information for Accommodation.csv
ACC000216,BOULDER GARDEN,Boutique Hotels,"KOSWATTA,KALAWANA.",Ratnapura,Kalawana Divisional Secretariat,,10,6.514558,,,,,official_tourism,Information for Accommodation.csv,boulder garden,Boutique Hotels.xlsx | Information for Accommodation.csv
ACC000217,BREEZE OF PARADISE,Home Stay Units,"35/8A, MEEGAHAWATTA RD, GANGODAWILA ,NUGEGODA.",Colombo,Colombo,SUPERIOR,2,6.8602118,,,,,official_tourism,Information for Accommodation.csv,breeze of paradise,Home Stay Units.xlsx | Information for Accommodation.csv
ACC000218,BRIGHT BRAVO HOTEL,Guest Houses,"3RD FLOOR,MUNICIPAL SHOPPING COMPLEX,KURUNEGALA",Kurunegala,Kurunegala,A,12,7.487292,,,,,official_tourism,Information for Accommodation.csv,bright bravo hotel,Guest Houses.xlsx | Information for Accommodation.csv
ACC000219,BRIGHT VILLA,Home Stay Units,"146, PRAJA MANDALA ROAD, HEDIGAMA, PILIYANDALA",Colombo,Kesbewa,STANDARD,5,,,,,,official_tourism,Information for Accommodation.csv,bright villa,Home Stay Units.xlsx | Information for Accommodation.csv
ACC000220,BRIGHTEN REST,Guest Houses,"214/2, MESSENGER STREET , COLOMBO 12",Colombo,Colombo,A,24,6.94154,,,,,official_tourism,Information for Accommodation.csv,brighten rest,Guest Houses.xlsx | Information for Accommodation.csv
ACC000221,BRILLIANT VIEW,Home Stay Units,"WATERFALL HOMESTAY ROAD,KITHAL-ELLA,ELLA",Badulla,Ella Pradeshiya Sabha,STANDARD,4,6.870346,,,,,official_tourism,Information for Accommodation.csv,brilliant view,Home Stay Units.xlsx | Information for Accommodation.csv
ACC000222,BROCKENHURST,Heritage Bungalows,"98, WATER FIELD DRIVE, NUWARA ELIYA",Nuwara Eliya,Nuwara Eliya,DELUXE,4,6.981032,,,,,official_tourism,Information for Accommodation.csv,brockenhurst,Heritage Bungalow.xlsx | Information for Accommodation.csv
ACC000223,BROOK BOUTIQUE,Boutique Hotels,"ALI PALLAMA, MADAHAPOLA ROAD, MELSIRIPURA",Kurunegala,Polpithigama Divisional Secretariat,,10,7.726939,,,,,official_tourism,Information for Accommodation.csv,brook boutique,Boutique Hotels.xlsx | Information for Accommodation.csv
ACC000224,BROOKSIDE NATURE RESORT,Guest Houses,"ELKADUWA,WATTEGAMA",Kandy,Kandy,A,16,,,,,,official_tourism,Information for Accommodation.csv,brookside nature resort,Guest Houses.xlsx | Information for Accommodation.csv
ACC000225,BROWNS BEACH REST,Guest Houses,"NO. 39B, BEACH ROAD, MATARA",Matara,Matara,A,14,,,,,,official_tourism,Information for Accommodation.csv,browns beach rest,Guest Houses.xlsx | Information for Accommodation.csv
ACC000226,BUCKINGAM PLACE,Boutique Hotels,"REKAWA VILLAGE, NETOLPITIYA, TANGALLE",Hambantota,Tangalle Divisional Secretariat,,11,6.047336,,,,,official_tourism,Information for Accommodation.csv,buckingam place,Boutique Hotels.xlsx | Information for Accommodation.csv
ACC000227,BUDDIMA SAMUDRA,Tourist Hotels,"PUTTALAM ROAD,NIKAWERATIYA",Kurunegala,Nikaweratiya Pradeshiya Sabha,,14,7.738671,,,,,official_tourism,Information for Accommodation.csv,buddima samudra,Information for Accommodation.csv | Tourist Hotels.xlsx
ACC000228,BUNGALOW 1926,Bangalows,"NO.20, CROSS STREET, NUWARA ELIYA",Nuwara Eliya,Nuwara Eliya,DELUXE,3,6.977103,,,,,official_tourism,Information for Accommodation.csv,bungalow 1926,Bungalows.xlsx | Information for Accommodation.csv
ACC000229,BURTHARS BUNGALOW,Bangalows,"226/1,MOONPLAINS MAHAGASTOTA,NUWARA ELIYA",Nuwara Eliya,Nuwara Eliya,SUPERIOR,3,,,,,,official_tourism,Information for Accommodation.csv,burthars bungalow,Bungalows.xlsx | Information for Accommodation.csv
ACC000230,BUWANEKA HOTEL AND RESTAURANT,Guest Houses,"NO 01,DAMBULLA ROAD,KURUNEGALA",Kurunegala,Kurunegala,B,7,7.4893989,,,,,official_tourism,Information for Accommodation.csv,buwaneka hotel and restaurant,Guest Houses.xlsx | Information for Accommodation.csv
ACC000231,C & I BEACH HOTEL,Boutique Villas,"57,IRANAWILA WATTA, IRANAWILA, CHILAW",Puttalam,Chilaw Pradeshiya Sabha,,11,7.506236,,,,,official_tourism,Information for Accommodation.csv,c i beach hotel,Boutique Villas.xlsx | Information for Accommodation.csv
ACC000232,C.I.C. AGRI HOLIDAY RESORT,Guest Houses,"C I C SEEDS FARM, HINGURAKGODA",Polonnaruwa,Hingurakgoda Pradeshiya Sabha,A,8,,,,,,official_tourism,Information for Accommodation.csv,c i c agri holiday resort,Guest Houses.xlsx | Information for Accommodation.csv
ACC000233,C NEGOMBO,Guest Houses,"NO: 47, PORUTHOTA ROAD, KOCHCHIKADE",Gampaha,Negombo,B,9,7.265322,,,,,official_tourism,Information for Accommodation.csv,c negombo,Guest Houses.xlsx | Information for Accommodation.csv
ACC000234,CALAMANSI COVE BY JETWING,Tourist Hotels,"62, WIJERAMA ROAD, BRAHAKMANAWATTE, BALAPITIYA",Galle,balapitiya,,14,6.285364,,,,,official_tourism,Information for Accommodation.csv,calamansi cove by jetwing,Information for Accommodation.csv | Tourist Hotels.xlsx
ACC000235,CALM HOMES,Home Stay Units,"96/9,JANARAJA MAWATHA,HALLOLUWA",Kandy,Harispattuwa Pradeshiya Sabha,DELUXE,4,,,,,,official_tourism,Information for Accommodation.csv,calm homes,Home Stay Units.xlsx | Information for Accommodation.csv
ACC000236,CAMBELS LANE FOREST VIEW,Home Stay Units,"20/17A, 1ST LANE, SIYAMBALAGASTENNA ROAD, KANDY",Kandy,Kandy,STANDARD,2,7.322684,,,,,official_tourism,Information for Accommodation.csv,cambels lane forest view,Home Stay Units.xlsx | Information for Accommodation.csv
ACC000237,CAMELLIA HILLS,Guest Houses,"WILLIAM BUNGALOW,DICKOYA,HATTON, NUWARA ELIYA",Nuwara Eliya,Ginigathhena,A,5,6.8610278,,,,,official_tourism,Information for Accommodation.csv,camellia hills,Guest Houses.xlsx | Information for Accommodation.csv
ACC000238,CAMELLIA RESORT & SPA,Tourist Hotels,"AUDANGAWA, KIMBISSA, SIGIRIYA.",Matale,Dambulla Pradeshiya Sabha,,60,7.9952951,,,,,official_tourism,Information for Accommodation.csv,camellia resort spa,Information for Accommodation.csv | Tourist Hotels.xlsx
ACC000239,CAMELOT BEACH HOTEL,Classified Hotels( 1-5 Star),"NO.345,LEWIS PLACE,NEGOMBO.",Gampaha,Negombo,ONE,81,7.233243,,,,,official_tourism,Information for Accommodation.csv,camelot beach hotel,Classified Hotels( 1-5 Star).xlsx | Information for Accommodation.csv
ACC000240,CANAL VIEW GARDEN HOTEL,Guest Houses,"NO 105, ANDERSON ROAD, NEGOMBO",Gampaha,Negombo,B,9,7.226329,,,,,official_tourism,Information for Accommodation.csv,canal view garden hotel,Guest Houses.xlsx | Information for Accommodation.csv
ACC000241,CANTALOUPE VILLAS,Guest Houses,"MATARA ROAD, PALATUGAHA JUNCTION, HABARADUWA",Galle,Habaraduwa,A,16,5.994196,,,,,official_tourism,Information for Accommodation.csv,cantaloupe villas,Guest Houses.xlsx | Information for Accommodation.csv
ACC000242,CAPE WELIGAMA,Tourist Hotels,"331, KAPPARATHOTA ROAD, KALUKANDA, WELIGAMA.",Matara,Weligama Pradeshiya Sabha,,40,5.959346,,,,,official_tourism,Information for Accommodation.csv,cape weligama,Information for Accommodation.csv | Tourist Hotels.xlsx
ACC000243,CAPRI MOON REST INN,Guest Houses,"60/4, NEW ROAD , HALGASTHOTO ,KATUNAYAKA",Gampaha,Katunayake-Seeduwa,A,12,,,,,,official_tourism,Information for Accommodation.csv,capri moon rest inn,Guest Houses.xlsx | Information for Accommodation.csv
ACC000244,CARDAMON HOTEL NILAVELI,Tourist Hotels,"WARD 2, NILAVELI, TRINCOMALEE",Trincomalee,Kuchchaveli,,22,8.6840867,,,,,official_tourism,Information for Accommodation.csv,cardamon hotel nilaveli,Information for Accommodation.csv | Tourist Hotels.xlsx
ACC000245,CAROLINA BEACH HOTEL,Classified Hotels( 1-5 Star),"AMBANKANDAWILA, CHILAW",Puttalam,Chilaw Pradeshiya Sabha,TWO,45,7.562663,,,,,official_tourism,Information for Accommodation.csv,carolina beach hotel,Classified Hotels( 1-5 Star).xlsx | Information for Accommodation.csv
ACC000246,CAROLINE REST,Guest Houses,"CHANKANAI ROAD, ALLUKAI , ALAVEDI",Jaffna,Jaffna,B,6,,,,,,official_tourism,Information for Accommodation.csv,caroline rest,Guest Houses.xlsx | Information for Accommodation.csv
ACC000247,CASA BLANCO,Bangalows,"395/95, HILL CREST GREEN ,BOWALAWATTE, UDA PERADENIYA, KANDY.",Kandy,Kandy,DELUXE,4,7.254844,,,,,official_tourism,Information for Accommodation.csv,casa blanco,Bungalows.xlsx | Information for Accommodation.csv
ACC000248,CASA COLOMBO,Boutique Hotels,"NO.231, GALLE ROAD, COLOMBO 03",Colombo,Colombo Divisional Secretariat,,11,6.888839,,,,,official_tourism,Information for Accommodation.csv,casa colombo,Boutique Hotels.xlsx | Information for Accommodation.csv
ACC000249,CASA MIJA,Bangalows,"N0 37,GALLE ROAD,KAMBURUGAMUWA",Matara,Weligama Pradeshiya Sabha,DELUXE,5,7.254844,,,,,official_tourism,Information for Accommodation.csv,casa mija,Bungalows.xlsx | Information for Accommodation.csv
ACC000250,CASSIA HILL,Bangalows,"WERAHERAWATTA,MEEPE,HABARADUWA,GALLE.",Galle,Habaraduwa,DELUXE,4,6.018153,,,,,official_tourism,Information for Accommodation.csv,cassia hill,Bungalows.xlsx | Information for Accommodation.csv
ACC000251,CASTLEREAGH BUNGALOW,Boutique Villas,"CASTLEREAGH DIVISION, CEYLON TEA TRAILS, DICKOYA, HATTON",Nuwara Eliya,Nuwara Eliya,,5,6.866252,,,,,official_tourism,Information for Accommodation.csv,castlereagh bungalow,Boutique Villas.xlsx | Information for Accommodation.csv
ACC000252,CATAMARAN BEACH HOTEL,Tourist Hotels,"NO: 209, LEWIS PLACE, NEGOMBO",Gampaha,Jaffna,,46,7.227908,,,,,official_tourism,Information for Accommodation.csv,catamaran beach hotel,Information for Accommodation.csv | Tourist Hotels.xlsx
ACC000253,CEILAO VILLAS COLOMBO,Bangalows,"47/1,JAWATTE ROAD, COLOMBO 5.",Colombo,Colombo,DELUXE,6,6.897036,,,,,official_tourism,Information for Accommodation.csv,ceilao villas colombo,Bungalows.xlsx | Information for Accommodation.csv
ACC000254,CEILAO VILLAS KABALANA,Bangalows,"KABALANA, WELHENGODA, AHANGAMA.",Galle,Galle,DELUXE,4,5.978085,,,,,official_tourism,Information for Accommodation.csv,ceilao villas kabalana,Bungalows.xlsx | Information for Accommodation.csv
ACC000255,CEILAO VILLAS KIRINDA,Bangalows,"SUDUWELIPALASSA, KATTADIWEWA, KIRINDA.",Hambantota,Hambantota,DELUXE,2,6.228375,,,,,official_tourism,Information for Accommodation.csv,ceilao villas kirinda,Bungalows.xlsx | Information for Accommodation.csv
ACC000256,CENTARA CEYSANDS RESORT & SPA,Classified Hotels( 1-5 Star),"NATIONAL HOLIDAY RESORT,BENTOTA.",Galle,Bentota Pradeshiya Sabha,TWO,84,6.430908,,,,,official_tourism,Information for Accommodation.csv,centara ceysands resort spa,Classified Hotels( 1-5 Star).xlsx | Information for Accommodation.csv
ACC000257,CENTAURIA HILL RESORT,Guest Houses,"305/2, COLOMBO ROAD, WERALUPA, RATHNAPURA.",Ratnapura,Ratnapura,A,14,6.697089,,,,,official_tourism,Information for Accommodation.csv,centauria hill resort,Guest Houses.xlsx | Information for Accommodation.csv
ACC000258,CENTAURIA LAKE,Classified Hotels( 1-5 Star),"NEW TOWN,EMBILIPITIYA.",Ratnapura,Embilipitiya,ONE,52,6.320182,,,,,official_tourism,Information for Accommodation.csv,centauria lake,Classified Hotels( 1-5 Star).xlsx | Information for Accommodation.csv
ACC000259,CEYBANK REST - ANURADHAPURA,Guest Houses,"JAYANTHI MAWATHA, ANURADHAPURA.",Anuradhapura,Anuradhapura,A,20,8.340685,,,,,official_tourism,Information for Accommodation.csv,ceybank rest anuradhapura,Guest Houses.xlsx | Information for Accommodation.csv
ACC000260,CEYBANK REST - KATARAGAMA,Guest Houses,"TISSAMAHARAMA ROAD,KATARAGAMA.",Moneragala,Katharagama,A,26,6.412627,,,,,official_tourism,Information for Accommodation.csv,ceybank rest kataragama,Guest Houses.xlsx | Information for Accommodation.csv
ACC000261,CEYBANK REST NUWARA-ELIYA,Guest Houses,"BADULLA ROAD,NUWARA-ELIYA",Nuwara Eliya,Nuwara Eliya,A,19,6.965541,,,,,official_tourism,Information for Accommodation.csv,ceybank rest nuwara eliya,Guest Houses.xlsx | Information for Accommodation.csv
ACC000262,CEYLAN HOTEL,Guest Houses,"""IVIES B"",HATTON ROAD,YATIYANTOTA",Kegalle,Yatiyantota Pradeshiya Sabha,A,11,,,,,,official_tourism,Information for Accommodation.csv,ceylan hotel,Guest Houses.xlsx | Information for Accommodation.csv
ACC000263,CEYLON CITY HOTEL,Guest Houses,"NO. 11,UPATISSA ROAD,COLOMBO 04",Colombo,Colombo,A,37,6.8897357,,,,,official_tourism,Information for Accommodation.csv,ceylon city hotel,Guest Houses.xlsx | Information for Accommodation.csv
ACC000264,CEYLON SEA HOTEL,Guest Houses,"NO-26 , VIJAYA ROAD,MEDAKETIYA,TANGALLE",Hambantota,Tangalle Pradeshiya Sabha,A,18,6.032124,,,,,official_tourism,Information for Accommodation.csv,ceylon sea hotel,Guest Houses.xlsx | Information for Accommodation.csv
ACC000265,CEYLON TEA TRAILS,Guest Houses,"DUNKELD BUNGALOW, DUNKELD ESTATE, DICKOYA",Nuwara Eliya,Ambagamuwa Pradeshiya Sabha,A,5,6.834525,,,,,official_tourism,Information for Accommodation.csv,ceylon tea trails,Guest Houses.xlsx | Information for Accommodation.csv
ACC000266,CEYLONICA BEACH,Guest Houses,"NO 47,LEWIS PLACE,NEGOMBO",Gampaha,Negombo,B,10,7.222095,,,,,official_tourism,Information for Accommodation.csv,ceylonica beach,Guest Houses.xlsx | Information for Accommodation.csv
ACC000267,CHAAYA BLU,Classified Hotels( 1-5 Star),"UPPAVELI, TRINCOMALEE",Trincomalee,Trincomalee,FOUR,56,8.617773,,,,,official_tourism,Information for Accommodation.csv,chaaya blu,Classified Hotels( 1-5 Star).xlsx | Information for Accommodation.csv
ACC000268,CHAAYA TRANZ HOTEL,Classified Hotels( 1-5 Star),"P.O. BOX. 01, GALLE ROAD, HIKKADUWA.",Galle,Hikkaduwa,FOUR,150,6.131353,,,,,official_tourism,Information for Accommodation.csv,chaaya tranz hotel,Classified Hotels( 1-5 Star).xlsx | Information for Accommodation.csv
ACC000269,CHAAYA WILD YALA,Classified Hotels( 1-5 Star),"P.O. BOX. 01, KIRINDA, TISSAMAHARAMA",Hambantota,Hambantota,FOUR,61,6.259168,,,,,official_tourism,Information for Accommodation.csv,chaaya wild yala,Classified Hotels( 1-5 Star).xlsx | Information for Accommodation.csv
ACC000270,CHAMALKAS HOMESTAY,Home Stay Units,"67A,CHURCH STREET,FORT GALLE",Galle,Galle,DELUXE,4,6.029135,,,,,official_tourism,Information for Accommodation.csv,chamalkas homestay,Home Stay Units.xlsx | Information for Accommodation.csv
ACC000271,CHAMELIA,Bangalows,"WATTAHERIYA WATTA,BALLAKETUWA ROAD,ELLA",Badulla,Ella Pradeshiya Sabha,SUPERIOR,5,,,,,,official_tourism,Information for Accommodation.csv,chamelia,Bungalows.xlsx | Information for Accommodation.csv
ACC000272,CHANDIMA GUEST HOUSE.,Guest Houses,"MAIN STREET, ELPITIYA.",Galle,Galle,B,5,,,,,,official_tourism,Information for Accommodation.csv,chandima guest house,Guest Houses.xlsx | Information for Accommodation.csv
ACC000273,CHANDI,Home Stay Units,"117/24B, PERIS MAWATHA,KALUBOWILA.",Colombo,Dehiwala-Mount Lavinia,SUPERIOR,2,,,,,,official_tourism,Information for Accommodation.csv,chandi,Home Stay Units.xlsx | Information for Accommodation.csv
ACC000274,CHANDRA GUEST HOUSE,Guest Houses,"NO:92,MAIN STREET,TANGALLA",Hambantota,Tangalle Pradeshiya Sabha,B,25,,,,,,official_tourism,Information for Accommodation.csv,chandra guest house,Guest Houses.xlsx | Information for Accommodation.csv
ACC000275,CHANDRANI,Home Stay Units,"NO 115, SRI MAHAVIHARA MAWATHA, PANADURA",Kalutara,Panadura Pradeshiya Sabha,STANDARD,4,,,,,,official_tourism,Information for Accommodation.csv,chandrani,Home Stay Units.xlsx | Information for Accommodation.csv
ACC000276,CHANUKA TOURIST GUEST HOUSE,Guest Houses,"NO:29,FRANCES ROAD,WELLAWATTA,COLOMBO 06",Colombo,Colombo,B,10,6.875813,,,,,official_tourism,Information for Accommodation.csv,chanuka tourist guest house,Guest Houses.xlsx | Information for Accommodation.csv
ACC000277,CHARUKA RESORT,Home Stay Units,"168/A, SIGIRI ROAD, POTHANA",Matale,Dambulla Pradeshiya Sabha,STANDARD,4,,,,,,official_tourism,Information for Accommodation.csv,charuka resort,Home Stay Units.xlsx | Information for Accommodation.csv
ACC000278,CHAYA HILLS KANDY,Rented Apartments,"ROSLIN HILL ESTATE,HINDAGALA,PERADENIYA,KANDY",Kandy,Kandy,SUPERIOR,6,7.237552,,,,,official_tourism,Information for Accommodation.csv,chaya hills kandy,Information for Accommodation.csv | Rented Apartments.xlsx
ACC000279,CHAYANIKA BEACH HOTEL,Guest Houses,"NO. 21, FONSEKA LANE, KALUTARA NORTH",Kalutara,Kalutara Pradeshiya Sabha,A,22,6.595533,,,,,official_tourism,Information for Accommodation.csv,chayanika beach hotel,Guest Houses.xlsx | Information for Accommodation.csv
ACC000280,CHELIYAN VILLA,Home Stay Units,"NO.128/1, GEORGE E. DE SILVA MAWATHA, KANDY",Kandy,Kandy,DELUXE,3,,,,,,official_tourism,Information for Accommodation.csv,cheliyan villa,Home Stay Units.xlsx | Information for Accommodation.csv
ACC000281,CHELLI,Home Stay Units,"NO 241/3A, ST. JOSEPH STREET, NEGOMBO",Gampaha,Negombo,STANDARD,3,,,,,,official_tourism,Information for Accommodation.csv,chelli,Home Stay Units.xlsx | Information for Accommodation.csv
ACC000282,CHELSEA GARDENS,Home Stay Units,"20, CHELSEA GARDENS, COLOMBO 3",Colombo,Colombo,STANDARD,3,,,,,,official_tourism,Information for Accommodation.csv,chelsea gardens,Home Stay Units.xlsx | Information for Accommodation.csv
ACC000283,CHENA HUTS,Tourist Hotels,"TALA-PALATUPANA,WILD LIFE TOURISM ZONE,PALATUPANA,YALA,THISSAMAHARAMA.",Hambantota,Thissamaharama,,14,,,,,,official_tourism,Information for Accommodation.csv,chena huts,Information for Accommodation.csv | Tourist Hotels.xlsx
ACC000284,CHOOTY PLACE,Home Stay Units,"ARUGAMBAY,POTTUVIL.",Ampara,Ampara,STANDARD,4,,,,,,official_tourism,Information for Accommodation.csv,chooty place,Home Stay Units.xlsx | Information for Accommodation.csv
ACC000285,CHOYS WATER FRONT RESIDENCE,Guest Houses,"NO31,CUSTOM HOUSE ROAD,NEGOMBO",Gampaha,Negombo,A,8,7.208541,,,,,official_tourism,Information for Accommodation.csv,choys water front residence,Guest Houses.xlsx | Information for Accommodation.csv
ACC000286,CINNAMON APARTMENT,Home Stay Units,"NO 12/B/2/1,WATTALPOLA ROAD, WALANA, PANADURA",Kalutara,Panadura,STANDARD,2,6.7287176,,,,,official_tourism,Information for Accommodation.csv,cinnamon apartment,Home Stay Units.xlsx | Information for Accommodation.csv
ACC000287,CINNAMON BEY,Classified Hotels( 1-5 Star),"MORAGOLLA BEACH,BERUWALA",Kalutara,Kalutara Pradeshiya Sabha,FOUR,200,6.4522247,,,,,official_tourism,Information for Accommodation.csv,cinnamon bey,Classified Hotels( 1-5 Star).xlsx | Information for Accommodation.csv
ACC000288,CINNAMON CITADEL,Classified Hotels( 1-5 Star),"NO.124, SRIMATH KUDA RATWATTA MAWATHA, KANDY",Kandy,Kandy,THREE,121,7.305864,,,,,official_tourism,Information for Accommodation.csv,cinnamon citadel,Classified Hotels( 1-5 Star).xlsx | Information for Accommodation.csv
ACC000289,CINNAMON GRAND HOTEL,Classified Hotels( 1-5 Star),"NO. 77, GALLE ROAD, COLOMBO 03",Colombo,Colombo,FIVE,501,6.918034,,,,,official_tourism,Information for Accommodation.csv,cinnamon grand hotel,Classified Hotels( 1-5 Star).xlsx | Information for Accommodation.csv
ACC000290,CINNAMON INN,Guest Houses,"CINNAMON INN,KONGALA,HAKMANA",Matara,Matara,B,5,,,,,,official_tourism,Information for Accommodation.csv,cinnamon inn,Guest Houses.xlsx | Information for Accommodation.csv
ACC000291,CINNAMON LAKESIDE COLOMBO,Classified Hotels( 1-5 Star),"115, SRI CHITAMPALAM A GARDINER MAWATHA, COLOMBO 02",Colombo,Colombo,FIVE,352,6.929273,,,,,official_tourism,Information for Accommodation.csv,cinnamon lakeside colombo,Classified Hotels( 1-5 Star).xlsx | Information for Accommodation.csv
ACC000292,CINNAMON LODGE,Classified Hotels( 1-5 Star),"P.O. BOX 02, HABARANE",Anuradhapura,Anuradhapura,FIVE,162,8.034584,,,,,official_tourism,Information for Accommodation.csv,cinnamon lodge,Classified Hotels( 1-5 Star).xlsx | Information for Accommodation.csv
ACC000293,CINNAMON PENTHOUSE,Rented Apartments,"24-3F CRESCAT RESIDANCIES, NO75, GALLE ROAD, COLOMBO 03.",Colombo,Colombo,DELUXE,5,6.917928,,,,,official_tourism,Information for Accommodation.csv,cinnamon penthouse,Information for Accommodation.csv | Rented Apartments.xlsx
ACC000294,CINNAMON RED COLOMBO,Classified Hotels( 1-5 Star),"NO:59, ANANDA COOMARASWAMY MAWATHA, COLOMBO 03.",Colombo,Colombo,THREE,243,6.912114,,,,,official_tourism,Information for Accommodation.csv,cinnamon red colombo,Classified Hotels( 1-5 Star).xlsx | Information for Accommodation.csv
ACC000295,CINNAMON VILLA,Bangalows,"KADJUGASDUWA ESTATE,MIRISWATTA, HABURUGALA, BENTOTA.",Galle,Bentota Pradeshiya Sabha,SUPERIOR,4,,,,,,official_tourism,Information for Accommodation.csv,cinnamon villa,Bungalows.xlsx | Information for Accommodation.csv
ACC000296,CITIZEN REST,Guest Houses,"221/9, ELBADA ROAD, INGIRIYA",Kalutara,Kalutara Pradeshiya Sabha,B,5,,,,,,official_tourism,Information for Accommodation.csv,citizen rest,Guest Houses.xlsx | Information for Accommodation.csv
ACC000297,CITRUS - HIKKADUWA,Tourist Hotels,"NO.400,GALLE ROAD,HIKKADUWA",Galle,Galle,,54,6.129744,,,,,official_tourism,Information for Accommodation.csv,citrus hikkaduwa,Information for Accommodation.csv | Tourist Hotels.xlsx
ACC000298,CITRUS WASKADUWA,Tourist Hotels,"427,SAMANTHARA ROAD,KUDA WASKADUWA,WASKADUWA",Kalutara,Kalutara Pradeshiya Sabha,,150,6.9101903,,,,,official_tourism,Information for Accommodation.csv,citrus waskaduwa,Information for Accommodation.csv | Tourist Hotels.xlsx
ACC000299,CITY BEDS THE REGENT,Rented Apartments,"201/2, NEW REGENT BUILDING, COLOMBO 2",Colombo,Colombo,SUPERIOR,5,,,,,,official_tourism,Information for Accommodation.csv,city beds the regent,Information for Accommodation.csv | Rented Apartments.xlsx
ACC000300,CITY BEDS,Rented Apartments,"NO. 20 3/1, REGENT BUILDING,,PARSONS ROAD,COLOMBO 02",Colombo,Colombo,SUPERIOR,3,,,,,,official_tourism,Information for Accommodation.csv,city beds,Information for Accommodation.csv | Rented Apartments.xlsx
ACC000301,CLARION HUB,Guest Houses,"NO: 1374, COLOMBO ROAD, KURANA, KATUNAYAKA.",Gampaha,Gampaha,A,20,,,,,,official_tourism,Information for Accommodation.csv,clarion hub,Guest Houses.xlsx | Information for Accommodation.csv
ACC000302,CLIFF HOUSE,Bangalows,"LABUGOLLA, HATHARALIYADDA.",Kandy,Kandy,SUPERIOR,4,,,,,,official_tourism,Information for Accommodation.csv,cliff house,Bungalows.xlsx | Information for Accommodation.csv
ACC000303,CLINGENDAEL,Boutique Villas,"VICTORIA GOLF & COUNTRY RESORT,P.O.BOX 7, KANDY.",Kandy,Kandy,,5,7.267445,,,,,official_tourism,Information for Accommodation.csv,clingendael,Boutique Villas.xlsx | Information for Accommodation.csv
ACC000304,CLOSENBURG HOTEL,Guest Houses,"11, CLOSEDBERG ROAD,MAGALLE ,GALLE",Galle,Galle,A,20,6.031424,,,,,official_tourism,Information for Accommodation.csv,closenburg hotel,Guest Houses.xlsx | Information for Accommodation.csv
ACC000305,CLOUDS,Bangalows,"64,LILY AVE, HAPUTALE.",Badulla,Haputale,DELUXE,5,6.7647,,,,,official_tourism,Information for Accommodation.csv,clouds,Bungalows.xlsx | Information for Accommodation.csv
ACC000306,CLUB BENTOTA,Classified Hotels( 1-5 Star),"PARADISE ISLAND,ALUTHGAMA.",Galle,Aluthgama,TWO,68,6.437361,,,,,official_tourism,Information for Accommodation.csv,club bentota,Classified Hotels( 1-5 Star).xlsx | Information for Accommodation.csv
ACC000307,CLUB HOTEL DOLPHIN,Classified Hotels( 1-5 Star),"KAMMAL SOUTH, WAIKKAL",Puttalam,Wennappuwa Pradeshiya Sabha,FOUR,151,7.293789,,,,,official_tourism,Information for Accommodation.csv,club hotel dolphin,Classified Hotels( 1-5 Star).xlsx | Information for Accommodation.csv
ACC000308,CLUB LESPRI,Bangalows,"322,TRANQUILITY, GALAHA ROAD, NILLAMBA",Kandy,Kandy,DELUXE,6,7.199854,,,,,official_tourism,Information for Accommodation.csv,club lespri,Bungalows.xlsx | Information for Accommodation.csv
ACC000309,CLUB PALM BAY,Classified Hotels( 1-5 Star),"THALWILAWILIA, THUDUWAWA, MARAWILA",Puttalam,Puttalam Pradeshiya Sabha,THREE,162,7.434188,,,,,official_tourism,Information for Accommodation.csv,club palm bay,Classified Hotels( 1-5 Star).xlsx | Information for Accommodation.csv
ACC000310,CLUB PARADISE HOTEL,Tourist Hotels,"NATIONAL HOLIDAY RESORT,BENTOTA",Galle,Bentota Pradeshiya Sabha,,24,6.4373579,,,,,official_tourism,Information for Accommodation.csv,club paradise hotel,Information for Accommodation.csv | Tourist Hotels.xlsx
ACC000311,CLUB PENTHOUSE ISLAND RESORT,Guest Houses,"NO:22/1,TUDUWA JUNCTION,DAMPE ,PILIYANDALA",Colombo,Kesbewa,A,8,6.756206,,,,,official_tourism,Information for Accommodation.csv,club penthouse island resort,Guest Houses.xlsx | Information for Accommodation.csv
ACC000312,CLUB VILLA,Boutique Hotels,"NO.138/15, GALLE ROAD, BENTOTA",Galle,Benthota Divisional Secretariat,,15,6.414093,,,,,official_tourism,Information for Accommodation.csv,club villa,Boutique Hotels.xlsx | Information for Accommodation.csv
ACC000313,CLUB WASKADUWA BEACH,Tourist Hotels,"211, JAYANTHI MAWATHA, MAHA WASKADUWA NORTH, WASKADUWA",Kalutara,Kalutara,,54,6.616287,,,,,official_tourism,Information for Accommodation.csv,club waskaduwa beach,Information for Accommodation.csv | Tourist Hotels.xlsx
ACC000314,COCO BAY,Boutique Villas,"NO. 4/10, RUMASSALA, UNAWATUNA.",Galle,Hikkaduwa,,8,6.027435,,,,,official_tourism,Information for Accommodation.csv,coco bay,Boutique Villas.xlsx | Information for Accommodation.csv
ACC000315,COCO PALMS,Bangalows,"COCO PALMS, YAKKALA ESTATE, TANK ROAD, IBBAGAMUWA",Kurunegala,Ibbagamuwa Pradeshiya Sabha,SUPERIOR,3,,,,,,official_tourism,Information for Accommodation.csv,coco palms,Bungalows.xlsx | Information for Accommodation.csv
ACC000316,COCO ROYAL BEACH,Classified Hotels( 1-5 Star),"WASKADUWA, KALUTHARA NORTH",Kalutara,Kalutara Pradeshiya Sabha,TWO,70,6.6137006,,,,,official_tourism,Information for Accommodation.csv,coco royal beach,Classified Hotels( 1-5 Star).xlsx | Information for Accommodation.csv
ACC000317,COCO VILLA,Home Stay Units,"74/2, JAMBUGASMULLA MAWATHA, NUGEGODA",Colombo,Maharagama,DELUXE,2,,,,,,official_tourism,Information for Accommodation.csv,coco villa,Home Stay Units.xlsx | Information for Accommodation.csv
ACC000318,COCO VILLE,Bangalows,"WATERVILLE ESTATE, KUMBURUMULA ROAD, KALKUDA",Batticaloa,Batticaloa,DELUXE,3,7.910318,,,,,official_tourism,Information for Accommodation.csv,coco ville,Bungalows.xlsx | Information for Accommodation.csv
ACC000319,COCOON HILLS,Bangalows,"21A,GLENFALL ROAD,NUWARA ELIYA",Nuwara Eliya,Nuwara Eliya,DELUXE,6,,,,,,official_tourism,Information for Accommodation.csv,cocoon hills,Bungalows.xlsx | Information for Accommodation.csv
ACC000320,COCOON RESORT AND VILLAS,Boutique Villas,"KAIKAWALA ROAD, INDURUWA",Galle,Bentota Pradeshiya Sabha,,10,6.373562,,,,,official_tourism,Information for Accommodation.csv,cocoon resort and villas,Boutique Villas.xlsx | Information for Accommodation.csv
ACC000321,COCOON SEA RESORT,Guest Houses,"NO 903,GALLE ROAD,DUWE MADARA,KOSGODA",Galle,balapitiya,A,7,6.348125,,,,,official_tourism,Information for Accommodation.csv,cocoon sea resort,Guest Houses.xlsx | Information for Accommodation.csv
ACC000322,COCOWORLD BUNGALOW,Bangalows,"MALIGAWA ESTATE,RANAWIRU SIRI NANDANA MAWATHA,HAMMALIYA,BANDARA KOSWATTA",Kurunegala,Panduwasnuwara Pradeshiya Sabha,SUPERIOR,2,,,,,,official_tourism,Information for Accommodation.csv,cocoworld bungalow,Bungalows.xlsx | Information for Accommodation.csv
ACC000323,COLOMBO AIRPORT HOMESTAY,Home Stay Units,"NO 17, ZONE 1, MILLENNIUM CITY, KOTUGODA, JA-ELA",Gampaha,Ja-Ela Pradeshiya Sabha,SUPERIOR,5,7.1206712,,,,,official_tourism,Information for Accommodation.csv,colombo airport homestay,Home Stay Units.xlsx | Information for Accommodation.csv
ACC000324,COLOMBO CITY HOTEL,Classified Hotels( 1-5 Star),"LEVEL 3,NO.33,CANAL ROW,COLOMBO 01.",Colombo,Colombo,ONE,48,6.933327,,,,,official_tourism,Information for Accommodation.csv,colombo city hotel,Classified Hotels( 1-5 Star).xlsx | Information for Accommodation.csv
ACC000325,COLOMBO COURTYARD,Classified Hotels( 1-5 Star),"435,R.A DE MEL MAWATHA,COLOMBO 03",Colombo,Colombo,THREE,32,6.897765,,,,,official_tourism,Information for Accommodation.csv,colombo courtyard,Classified Hotels( 1-5 Star).xlsx | Information for Accommodation.csv
ACC000326,COLOMBO HOME STAY,Home Stay Units,"96/12A, KOTTANUWATHA ROAD, OLD KESBEWA ROAD, NUGEGODA.",Colombo,Kotte Muncipal Council,SUPERIOR,5,,,,,,official_tourism,Information for Accommodation.csv,colombo home stay,Home Stay Units.xlsx | Information for Accommodation.csv
ACC000327,COLOMBO LOFT,Bangalows,"365/3, R.A DE MEL MAWATHA, COLOMBO 3",Colombo,Colombo,SUPERIOR,1,,,,,,official_tourism,Information for Accommodation.csv,colombo loft,Bungalows.xlsx | Information for Accommodation.csv
ACC000328,COLOMBO SEA VIEW APARTMENT,Rented Apartments,"48-8/1,HAIG ROAD,BAMBALAPITIYA",Colombo,Colombo,DELUXE,3,6.900996,,,,,official_tourism,Information for Accommodation.csv,colombo sea view apartment,Information for Accommodation.csv | Rented Apartments.xlsx
ACC000329,COLOMBO SWIMMING CLUB,Guest Houses,"STORM LODGE, NO 148, GALLE ROAD, COLOMBO 03",Colombo,Colombo,A,17,6.914766,,,,,official_tourism,Information for Accommodation.csv,colombo swimming club,Guest Houses.xlsx | Information for Accommodation.csv
ACC000330,COLOMBO VILLA,Bangalows,"16/6, CAMBRIDGE PLACE, COLOMBO 7",Colombo,Colombo,DELUXE,4,6.907345,,,,,official_tourism,Information for Accommodation.csv,colombo villa,Bungalows.xlsx | Information for Accommodation.csv
ACC000331,COMFORT HOME STAY,Home Stay Units,"NO. 5A, WEERAKOON GARDENS, KANDY",Kandy,Kandy,STANDARD,1,,,,,,official_tourism,Information for Accommodation.csv,comfort home stay,Home Stay Units.xlsx | Information for Accommodation.csv
ACC000332,COMFY STAY,Home Stay Units,"27/2, O.P.PERERA MAWATHA, LAKE ROAD, BORALASGAMUWA",Colombo,Boralesgamuwa,SUPERIOR,3,6.8429832,,,,,official_tourism,Information for Accommodation.csv,comfy stay,Home Stay Units.xlsx | Information for Accommodation.csv
ACC000333,COMILLA BUNGALOW,Bangalows,"""COMILLA WATHE"" 76/5, INDURUGALLA, WATHURUGAMA",Gampaha,Gampaha,DELUXE,3,7.0566908,,,,,official_tourism,Information for Accommodation.csv,comilla bungalow,Bungalows.xlsx | Information for Accommodation.csv
ACC000334,CONCORD GUEST HOUSE,Guest Houses,"NO. 141, GALLE ROAD, DEHIWALA",Colombo,Dehiwala-Mount Lavinia,A,30,6.855363,,,,,official_tourism,Information for Accommodation.csv,concord guest house,Guest Houses.xlsx | Information for Accommodation.csv
ACC000335,COOP INN,Guest Houses,NO 350 TRINCOMALEE ROAD BATTICALOA,Batticaloa,Batticaloa,B,12,7.725563,,,,,official_tourism,Information for Accommodation.csv,coop inn,Guest Houses.xlsx | Information for Accommodation.csv
ACC000336,COPPENRATH GUEST HOUSE & RESTAURENT,Guest Houses,NO 61 A.WIJAYA ROAD.TANGALLE,Hambantota,Tangalle Pradeshiya Sabha,B,6,6.032977,,,,,official_tourism,Information for Accommodation.csv,coppenrath guest house restaurent,Guest Houses.xlsx | Information for Accommodation.csv
ACC000337,CORAL REEF BEACH HOTEL,Tourist Hotels,"336,GALLE ROAD,HIKKADUWA",Galle,Hikkaduwa,,30,,,,,,official_tourism,Information for Accommodation.csv,coral reef beach hotel,Information for Accommodation.csv | Tourist Hotels.xlsx
ACC000338,CORAL ROCK BY BANSEI,Tourist Hotels,"NO.340, GALL ROAD, HIKKADUWA",Galle,Hikkaduwa,,30,6.134378,,,,,official_tourism,Information for Accommodation.csv,coral rock by bansei,Information for Accommodation.csv | Tourist Hotels.xlsx
ACC000339,CORAL SANDS HOTEL,Tourist Hotels,"326,GALLE ROAD,HIKKADUWA.",Galle,Hikkaduwa,,72,6.136629,,,,,official_tourism,Information for Accommodation.csv,coral sands hotel,Information for Accommodation.csv | Tourist Hotels.xlsx
ACC000340,CORAL SEAS BEACH RESORT,Guest Houses,"N0.346, GALLE ROAD, HIKKADUWA",Galle,Hikkaduwa,A,8,6.134225,,,,,official_tourism,Information for Accommodation.csv,coral seas beach resort,Guest Houses.xlsx | Information for Accommodation.csv
ACC000341,COSY HOTEL & RESTAURANT,Guest Houses,"NO.15,SIRAMPIYADI LANE,JAFFNA.",Jaffna,Jaffna,A,15,9.667941,,,,,official_tourism,Information for Accommodation.csv,cosy hotel restaurant,Guest Houses.xlsx | Information for Accommodation.csv
ACC000342,COTTAGE GARDEN BUNGALOWS,Rented Apartments,"42-48, COLLEGE AVENUE, MOUNT LAVINIA",Colombo,Colombo,STANDARD,3,6.838671,,,,,official_tourism,Information for Accommodation.csv,cottage garden bungalows,Information for Accommodation.csv | Rented Apartments.xlsx
ACC000343,COTTAGE TOURIST REST,Guest Houses,"388/38, HARISCHANDRA MAWATHA, ANURADHAPURA",Anuradhapura,Anuradhapura,B,6,8.332007,,,,,official_tourism,Information for Accommodation.csv,cottage tourist rest,Guest Houses.xlsx | Information for Accommodation.csv
ACC000344,COUNTRY GARDEN RESORT,Guest Houses,"PANABOKKE, WATTAPPOLA",Kandy,Udunuwara Pradeshiya Sabha,A,5,7.222993,,,,,official_tourism,Information for Accommodation.csv,country garden resort,Guest Houses.xlsx | Information for Accommodation.csv
ACC000345,COZY BEDS,Rented Homes,"NO 29/ 2A, CHAPEL ROAD, NUGEGODA.",Colombo,Kotte Muncipal Council,SUPERIOR,4,6.8720807,,,,,official_tourism,Information for Accommodation.csv,cozy beds,Information for Accommodation.csv | Rented Homes.xlsx
ACC000346,COZY HOME STAY,Home Stay Units,"WATERFALL ROAD,WATAGODA WATTA,KITHAL-ELLA,ELLA",Badulla,Ella Pradeshiya Sabha,STANDARD,1,6.868075,,,,,official_tourism,Information for Accommodation.csv,cozy home stay,Home Stay Units.xlsx | Information for Accommodation.csv
ACC000347,COZY NEST,Bangalows,"9, UPPER DICKSON ROAD, GALLE",Galle,Galle,DELUXE,2,6.038124,,,,,official_tourism,Information for Accommodation.csv,cozy nest,Bungalows.xlsx | Information for Accommodation.csv
ACC000348,CRANFORD VILLA,Bangalows,"542, KAHAGOLLA, DIYATHALAWA",Badulla,Haputale,DELUXE,5,,,,,,official_tourism,Information for Accommodation.csv,cranford villa,Bungalows.xlsx | Information for Accommodation.csv
ACC000349,CRYSTAL VILLAS,Guest Houses,"GALLE - MATARA ROAD, PELENA, WELIGAMA.",Matara,Weligama Pradeshiya Sabha,A,6,5.975737,,,,,official_tourism,Information for Accommodation.csv,crystal villas,Guest Houses.xlsx | Information for Accommodation.csv
ACC000350,CULTURE RESORT,Guest Houses,"24, BEACH ROAD, POLHENA, MATARA",Matara,Matara,A,8,5.936771,,,,,official_tourism,Information for Accommodation.csv,culture resort,Guest Houses.xlsx | Information for Accommodation.csv
ACC000351,CYPRESS GARDENS,Guest Houses,"NO 64, PARAKRAMA ROAD, WELISARA.",Gampaha,Wattala Pradeshiya Sabha,A,8,,,,,,official_tourism,Information for Accommodation.csv,cypress gardens,Guest Houses.xlsx | Information for Accommodation.csv
ACC000352,D PAVILION INN,Guest Houses,"82,STRATFORD AVENUE,COLOMBO 06.",Colombo,Colombo,A,5,,,,,,official_tourism,Information for Accommodation.csv,d pavilion inn,Guest Houses.xlsx | Information for Accommodation.csv
ACC000353,DABAN HOMESTAY,Home Stay Units,"""SEWWANDI"",KITHAL-ELLA,ELLA",Badulla,Ella Pradeshiya Sabha,STANDARD,2,6.866365,,,,,official_tourism,Information for Accommodation.csv,daban homestay,Home Stay Units.xlsx | Information for Accommodation.csv
ACC000354,DALAWELLA BEACH RESORT,Guest Houses,NO448.DALAWELLA.UNAWATUNA,Galle,Habaraduwa,B,8,6.002037,,,,,official_tourism,Information for Accommodation.csv,dalawella beach resort,Guest Houses.xlsx | Information for Accommodation.csv
ACC000355,DALMANUTA,Guest Houses,"21, MEEGAMA, ROAD, WARAPITIYA, DHARGATOWN.",Kalutara,Beruwala Pradeshiya Sabha,A,9,6.434796,,,,,official_tourism,Information for Accommodation.csv,dalmanuta,Guest Houses.xlsx | Information for Accommodation.csv
ACC000356,DAMBULLA REST HOUSE,Guest Houses,DAMBULLA,Matale,Dambulla Pradeshiya Sabha,B,4,,,,,,official_tourism,Information for Accommodation.csv,dambulla rest house,Guest Houses.xlsx | Information for Accommodation.csv
ACC000357,DAMITH HOME STAY,Home Stay Units,"NO.06, 'SAMAGIYA', MADAKETIYA ROAD, TANGALLE.",Hambantota,Tangalle Pradeshiya Sabha,SUPERIOR,2,6.029473,,,,,official_tourism,Information for Accommodation.csv,damith home stay,Home Stay Units.xlsx | Information for Accommodation.csv
ACC000358,DAMMIKA HOME,Home Stay Units,"19 (27/7) SANGAMITTA AVENVE, OFF SRI DHARMPALA ROAD, MOUNT LAVINIA",Colombo,Colombo,STANDARD,3,6.8435879,,,,,official_tourism,Information for Accommodation.csv,dammika home,Home Stay Units.xlsx | Information for Accommodation.csv
ACC000359,DAMPE VILLAGE,Guest Houses,"222,DAMPE,MADAPATHA.",Colombo,Kesbewa,A,11,6.771875,,,,,official_tourism,Information for Accommodation.csv,dampe village,Guest Houses.xlsx | Information for Accommodation.csv
ACC000360,DAN HOME,Home Stay Units,"909/10G, ADIKARAM MAWATHA, ETHUL KOTTE.",Colombo,Kotte Muncipal Council,SUPERIOR,2,6.9033653,,,,,official_tourism,Information for Accommodation.csv,dan home,Home Stay Units.xlsx | Information for Accommodation.csv
ACC000361,DANADHEE JUNGLE REST,Guest Houses,"PARAGALA, KURUWITA, THOPPIAHENA WATTA",Ratnapura,MC,A,12,6.766477,,,,,official_tourism,Information for Accommodation.csv,danadhee jungle rest,Guest Houses.xlsx | Information for Accommodation.csv
ACC000362,"DANYAA RESTAURANT,BAR & ACCOMMODATION",Guest Houses,"NO.605, BAR ROAD, BATTICALOA",Batticaloa,Batticaloa,C,6,,,,,,official_tourism,Information for Accommodation.csv,danyaa restaurant bar accommodation,Guest Houses.xlsx | Information for Accommodation.csv
ACC000363,DAWN VIEW HOMESTAY,Home Stay Units,"ELLA WATERFALL ROAD,ELLA",Badulla,Ella Pradeshiya Sabha,STANDARD,2,6.881556,,,,,official_tourism,Information for Accommodation.csv,dawn view homestay,Home Stay Units.xlsx | Information for Accommodation.csv
ACC000364,DE BLUEMARYEN HOTEL,Guest Houses,"NO:78 A,LAKE ROUND,KURUNAGALA",Kurunegala,Kurunegala,B,5,,,,,,official_tourism,Information for Accommodation.csv,de bluemaryen hotel,Guest Houses.xlsx | Information for Accommodation.csv
ACC000365,DE SILVA WIND RESORT KALPITIYA,Guest Houses,"PUDUKUDUIRUPPU,SEETHAWADI,KALPITIYA",Puttalam,Puttalam,B,9,8.230936,,,,,official_tourism,Information for Accommodation.csv,de silva wind resort kalpitiya,Guest Houses.xlsx | Information for Accommodation.csv
ACC000366,DEANS GUEST HOUSE,Guest Houses,"MAIN STREET,ARUGAMBAY,POTTUWIL",Ampara,Ampara,B,14,,,,,,official_tourism,Information for Accommodation.csv,deans guest house,Guest Houses.xlsx | Information for Accommodation.csv
ACC000367,DECO ON FORTY FOUR,Guest Houses,"NO:44,LIGHT HOUSE STREET,FORT,GALLE",Galle,Galle,A,7,6.026811,,,,,official_tourism,Information for Accommodation.csv,deco on forty four,Guest Houses.xlsx | Information for Accommodation.csv
ACC000368,DEE ELLA TOURIST INN,Guest Houses,"HELAGALA, DANOWITA, WARAKAPOLA.",Gampaha,Gampaha,B,8,,,,,,official_tourism,Information for Accommodation.csv,dee ella tourist inn,Guest Houses.xlsx | Information for Accommodation.csv
ACC000369,DEEN HAUS,Bangalows,"15/1, BEACH ROAD, MOUNTLAVINIA.",Colombo,Dehiwala-Mount Lavinia,DELUXE,5,,,,,,official_tourism,Information for Accommodation.csv,deen haus,Bungalows.xlsx | Information for Accommodation.csv
ACC000370,DEEP BLUE,Bangalows,"39/3, POLHENA ROAD, POLHENA, MATARA",Matara,Matara,SUPERIOR,5,5.940061,,,,,official_tourism,Information for Accommodation.csv,deep blue,Bungalows.xlsx | Information for Accommodation.csv
ACC000371,DEERPOINT BUNGALOW,Bangalows,"18/7A,SISIL SEWANA, SIRIMALWATTA, KANDY",Kandy,Kundasle,SUPERIOR,6,7.300052,,,,,official_tourism,Information for Accommodation.csv,deerpoint bungalow,Bungalows.xlsx | Information for Accommodation.csv
ACC000372,DELMA BUNGALOW,Home Stay Units,"1009/6, NAGAHAMULLA ROAD, PELAWATTE, BATTARAMULLA.",Colombo,Colombo,DELUXE,4,6.8856282,,,,,official_tourism,Information for Accommodation.csv,delma bungalow,Home Stay Units.xlsx | Information for Accommodation.csv
ACC000373,DELMAR MOUNT VIEW HOTEL,Guest Houses,"NO :213/7, ALADENIYA, WERELLAGAM, KANDY",Kandy,Harispattuwa Pradeshiya Sabha,A,8,7.337839,,,,,official_tourism,Information for Accommodation.csv,delmar mount view hotel,Guest Houses.xlsx | Information for Accommodation.csv
ACC000374,DELTHOTA VILLAGE,Guest Houses,"154, BOPITIYA ROAD, DELTOTA",Kandy,Pathahewaheta,B,8,7.174126,,,,,official_tourism,Information for Accommodation.csv,delthota village,Guest Houses.xlsx | Information for Accommodation.csv
ACC000375,DEPHANI BEACH GUEST HOUSE & RESTAURANT,Guest Houses,"189/15,LEWIS PLACE,NEGOMBO",Gampaha,Negombo,B,12,7.22777,,,,,official_tourism,Information for Accommodation.csv,dephani beach guest house restaurant,Guest Houses.xlsx | Information for Accommodation.csv
ACC000376,DESHAKA GATEWAY HOTEL,Guest Houses,"37/1, NEGOMBO ROAD, GIRIULLA.",Kurunegala,Pannala Pradeshiya Sabha,B,5,,,,,,official_tourism,Information for Accommodation.csv,deshaka gateway hotel,Guest Houses.xlsx | Information for Accommodation.csv
ACC000377,DEUTSCH LANKA HOTEL & RESTAURANT,Guest Houses,"GODAGAMA, THELWATTA",Galle,Hikkaduwa,B,10,,,,,,official_tourism,Information for Accommodation.csv,deutsch lanka hotel restaurant,Guest Houses.xlsx | Information for Accommodation.csv
ACC000378,DEVASI REST,Guest Houses,"PARANAKANNDA ROAD, ARAMA PATUMAGA, KATARAGAMA",Moneragala,Hambantota,B,18,,,,,,official_tourism,Information for Accommodation.csv,devasi rest,Guest Houses.xlsx | Information for Accommodation.csv
ACC000379,DEVON HOTEL,Classified Hotels( 1-5 Star),"NO.51, AMPITIYA ROAD, KANDY.",Kandy,Kandy,TWO,25,7.284506,,,,,official_tourism,Information for Accommodation.csv,devon hotel,Classified Hotels( 1-5 Star).xlsx | Information for Accommodation.csv
ACC000380,DEWLEE HOMESTAY,Home Stay Units,"""VIJAYA"" .HELLA HALPE, BANDARAWELA",Badulla,Ella Pradeshiya Sabha,STANDARD,2,6.888443,,,,,official_tourism,Information for Accommodation.csv,dewlee homestay,Home Stay Units.xlsx | Information for Accommodation.csv
ACC000381,DHANAWWA TOURIST RESORT,Guest Houses,"NO:46,COLOMBO ROAD,MALPITIYA,BOYAGANE",Kurunegala,Kurunegala,A,5,7.443756,,,,,official_tourism,Information for Accommodation.csv,dhanawwa tourist resort,Guest Houses.xlsx | Information for Accommodation.csv
ACC000382,DHARSHANA RESTAURANT,Guest Houses,"MATARA ROAD, MAKANDURA",Matara,Mulatiyana Pradeshiya Sabha,B,5,6.138621,,,,,official_tourism,Information for Accommodation.csv,dharshana restaurant,Guest Houses.xlsx | Information for Accommodation.csv
ACC000383,DHARSHANI RIVER VIEW,Guest Houses,"15/1,KITHALANDALUWA ROAD,WILLORAWATTE,MORATUWA",Colombo,Moratuwa,B,7,,,,,,official_tourism,Information for Accommodation.csv,dharshani river view,Guest Houses.xlsx | Information for Accommodation.csv
ACC000384,DIAMOND HILLS VILLA,Bangalows,"BOGAHAMULA HENA, THAMBILIDENIYA, MAHAWELA",Matale,Matale,DELUXE,3,,,,,,official_tourism,Information for Accommodation.csv,diamond hills villa,Bungalows.xlsx | Information for Accommodation.csv
ACC000385,DICK OYA BUNGALOW,Bangalows,"HATTON MASKELIYA ROAD, DICK OYA ESTATE, DICK OYA",Nuwara Eliya,Hatton-Dickoya,DELUXE,4,,,,,,official_tourism,Information for Accommodation.csv,dick oya bungalow,Bungalows.xlsx | Information for Accommodation.csv
ACC000386,DICKMAN RESORT,Guest Houses,"NO. 26/7, PORUTHOTA ROAD, NEGOMBO",Gampaha,Negombo,A,10,7.240904,,,,,official_tourism,Information for Accommodation.csv,dickman resort,Guest Houses.xlsx | Information for Accommodation.csv
ACC000387,DICKWELLA BEACH HOTEL,Guest Houses,"NO.112, MAHAWELA ROAD, DICKWELLA",Matara,Dickwella,B,15,5.964324,,,,,official_tourism,Information for Accommodation.csv,dickwella beach hotel,Guest Houses.xlsx | Information for Accommodation.csv
ACC000388,DICKWELLA RESORT,Tourist Hotels,"BATEEGAMA,DICKWELLA.",Matara,Matara,,61,5.959117,,,,,official_tourism,Information for Accommodation.csv,dickwella resort,Information for Accommodation.csv | Tourist Hotels.xlsx
ACC000389,DICKWELLA RESTAURANT,Guest Houses,"NO:121/1,MAIN STREET,AMBALANTOTA",Hambantota,Ambalantota Pradeshiya Sabha,C,6,,,,,,official_tourism,Information for Accommodation.csv,dickwella restaurant,Guest Houses.xlsx | Information for Accommodation.csv
ACC000390,DIL REST,Guest Houses,"RATNAPURA ROAD, GURUGODA, HORANA",Kalutara,Horana Pradeshiya Sabha,A,6,6.730412,,,,,official_tourism,Information for Accommodation.csv,dil rest,Guest Houses.xlsx | Information for Accommodation.csv
ACC000391,DILU'S HOMESTAY,Home Stay Units,"14/21, 1ST CROSS,THIRUCHENDUR, BATTICALOA",Batticaloa,Batticaloa,STANDARD,2,7.730997,,,,,official_tourism,Information for Accommodation.csv,dilu s homestay,Home Stay Units.xlsx | Information for Accommodation.csv
ACC000392,DILUXSHAN REST,Guest Houses,"BEACH ROAD, KALUWANCHIKUDY",Batticaloa,Batticaloa,B,10,7.518212,,,,,official_tourism,Information for Accommodation.csv,diluxshan rest,Guest Houses.xlsx | Information for Accommodation.csv
ACC000393,DIMUTHU HOME STAY,Home Stay Units,"TEMPLE ROAD,ETHIMALE,KITHAL-ELLA,ELLA",Badulla,Ella Pradeshiya Sabha,STANDARD,1,6.869209,,,,,official_tourism,Information for Accommodation.csv,dimuthu home stay,Home Stay Units.xlsx | Information for Accommodation.csv
ACC000394,DINARA GUEST HOUSE,Guest Houses,"269,GALLE ROAD,MASSALA,BERUWALA",Kalutara,Beruwala Pradeshiya Sabha,B,7,,,,,,official_tourism,Information for Accommodation.csv,dinara guest house,Guest Houses.xlsx | Information for Accommodation.csv
ACC000395,DINUDA RESORT,Bangalows,"PUDUKUDUERIPPU, SETHAWADI, KALPITIYA",Puttalam,Kalpitiya Pradeshiya Sabha,STANDARD,4,8.229038,,,,,official_tourism,Information for Accommodation.csv,dinuda resort,Bungalows.xlsx | Information for Accommodation.csv
ACC000396,DIVYAA LAGOON,Tourist Hotels,"DUTCH BAY,KANDAKULIYA,KALPITIYA",Puttalam,Kalpitiya Pradeshiya Sabha,,14,8.228088,,,,,official_tourism,Information for Accommodation.csv,divyaa lagoon,Information for Accommodation.csv | Tourist Hotels.xlsx
ACC000397,DIYA ULPATHA TEA GARDEN RESORT,Guest Houses,"MAWATHAGODA ROAD,HORAVALA",Kalutara,Kalutara Pradeshiya Sabha,B,5,6.472226,,,,,official_tourism,Information for Accommodation.csv,diya ulpatha tea garden resort,Guest Houses.xlsx | Information for Accommodation.csv
ACC000398,DIYAGAL VILLA,Bangalows,"42, PITAWALA ROAD, HIRIWADUNNA, PINNAWALA, RAMBUKKANA",Kegalle,Kegalle,SUPERIOR,4,7.288899,,,,,official_tourism,Information for Accommodation.csv,diyagal villa,Bungalows.xlsx | Information for Accommodation.csv
ACC000399,DIYALUMA FALLS INN,Guest Houses,"NO. 14, DIYALUMA, KOSLANDA",Badulla,Haldummulla Pradeshiya Sabha,A,9,6.72828,,,,,official_tourism,Information for Accommodation.csv,diyaluma falls inn,Guest Houses.xlsx | Information for Accommodation.csv
ACC000400,DIYAMBA BEACH RESORT,Guest Houses,"KANDAKULIYA BEACH ROAD,KANDAKULIYA,KALPITIYA.",Puttalam,Kalpitiya Pradeshiya Sabha,B,8,8.215804,,,,,official_tourism,Information for Accommodation.csv,diyamba beach resort,Guest Houses.xlsx | Information for Accommodation.csv
ACC000401,DIYANILLAKELLE ESTATE BUNGALOW,Bangalows,"DIYANILLAKELLE ESTATE BUNGALOW, DIYANILLAKELLE ESTATE,LINDULA.",Nuwara Eliya,Nuwara Eliya,DELUXE,5,6.903036,,,,,official_tourism,Information for Accommodation.csv,diyanillakelle estate bungalow,Bungalows.xlsx | Information for Accommodation.csv
ACC000402,DIYAWARA HOME STAY,Home Stay Units,"NO-77/03,JAFFNA JUCTION,JAFFNA ROAD,ANURADHAPURA.",Anuradhapura,Anuradhapura,STANDARD,2,8.359991,,,,,official_tourism,Information for Accommodation.csv,diyawara home stay,Home Stay Units.xlsx | Information for Accommodation.csv
ACC000403,DIYESTA TRAVELER,Home Stay Units,"NO. 03, DIYADOLAWATTA, HABARAKADA, THAWALAMA.",Galle,Dickwella,STANDARD,2,,,,,,official_tourism,Information for Accommodation.csv,diyesta traveler,Home Stay Units.xlsx | Information for Accommodation.csv
ACC000404,DREAM BEACH HOTEL,Tourist Hotels,"NO.509,GALLE ROAD AMBALANGODA",Galle,Galle,,24,6.245428,,,,,official_tourism,Information for Accommodation.csv,dream beach hotel,Information for Accommodation.csv | Tourist Hotels.xlsx
ACC000405,DREAM GARDEN,Guest Houses,"WHISKEY POINT, KODDUKAL, URANI, POTTUVIL",Ampara,Pottuvil,A,10,6.902049,,,,,official_tourism,Information for Accommodation.csv,dream garden,Guest Houses.xlsx | Information for Accommodation.csv
ACC000406,DREAM RESTAURANT & GUEST HOUSE,Guest Houses,"NO. 453, MATARA ROAD, DEAWATA, KATUGODA, GALLE",Galle,Galle,B,16,,,,,,official_tourism,Information for Accommodation.csv,dream restaurant guest house,Guest Houses.xlsx | Information for Accommodation.csv
ACC000407,DREAM STAY,Home Stay Units,"25/8, GLASSAUGH ROAD, NANU OYA, NUWARA ELIYA",Nuwara Eliya,Nuwara Eliya,STANDARD,3,6.9428324,,,,,official_tourism,Information for Accommodation.csv,dream stay,Home Stay Units.xlsx | Information for Accommodation.csv
ACC000408,DREAM VILLA,Home Stay Units,"7/3, BRAHMANA WATTA ROAD, BALAPITIYA.",Galle,balapitiya,SUPERIOR,3,6.28557,,,,,official_tourism,Information for Accommodation.csv,dream villa,Home Stay Units.xlsx | Information for Accommodation.csv
ACC000409,DSM HOME STAY,Home Stay Units,"8/1, PITAKANDA ROAD, KANDY",Kandy,Kandy,STANDARD,3,7.310338,,,,,official_tourism,Information for Accommodation.csv,dsm home stay,Home Stay Units.xlsx | Information for Accommodation.csv
ACC000410,DUNE INN HOTEL,Guest Houses,"NO.97,BORELLA ROAD,ATHURUGIRIYA",Colombo,Kaduwela Pradeshiya Sabha,A,6,,,,,,official_tourism,Information for Accommodation.csv,dune inn hotel,Guest Houses.xlsx | Information for Accommodation.csv
ACC000411,DUNKELD BUNGALOW,Boutique Villas,"DUNKEL BUNGALOW, DANKELD ESTATE, DICKOYA",Nuwara Eliya,Ambalantota Pradeshiya Sabha,,5,6.858082,,,,,official_tourism,Information for Accommodation.csv,dunkeld bungalow,Boutique Villas.xlsx | Information for Accommodation.csv
ACC000412,DUTCH BAY RESORTS,Tourist Hotels,"DUTCH BAY ISLAND,KALPITIYA",Puttalam,Kalpitiya Pradeshiya Sabha,,17,8.274467,,,,,official_tourism,Information for Accommodation.csv,dutch bay resorts,Information for Accommodation.csv | Tourist Hotels.xlsx
ACC000413,DUTCH HOUSE,Bangalows,"DUTCH HOUSE, ""SAGALA"",POONAGALA ROAD, BANDARAWELA",Badulla,Bandarawela Pradeshiya Sabha,DELUXE,2,6.824441,,,,,official_tourism,Information for Accommodation.csv,dutch house,Bungalows.xlsx | Information for Accommodation.csv
ACC000414,DUWS WHITE HOUSE,Guest Houses,"37/4, BEACH ROAD, MOUNT LAVINIA",Colombo,Dehiwala-Mount Lavinia,A,10,6.842611,,,,,official_tourism,Information for Accommodation.csv,duws white house,Guest Houses.xlsx | Information for Accommodation.csv
ACC000415,DVILLAS LUXURY,Boutique Villas,"193/1, GNANENDRA MAWATHA, NAWALA",Colombo,Colombo,,6,6.8864696,,,,,official_tourism,Information for Accommodation.csv,dvillas luxury,Boutique Villas.xlsx | Information for Accommodation.csv
ACC000416,DWARA,Home Stay Units,"367/3, 2ND LANE, JINASENA MAWATA, MAHARA, KADAWATHA.",Colombo,Gampaha,STANDARD,2,,,,,,official_tourism,Information for Accommodation.csv,dwara,Home Stay Units.xlsx | Information for Accommodation.csv
ACC000417,EAGAL'S NEST,Bangalows,"BUONA VISTA, UNAWATUNA, GALLE",Galle,Habaraduwa,SUPERIOR,4,6.021211,,,,,official_tourism,Information for Accommodation.csv,eagal s nest,Bungalows.xlsx | Information for Accommodation.csv
ACC000418,EAGLE LODGE,Home Stay Units,"EAGLE LODGE, VICTORIA GOLF RESORT, DIGANA",Kandy,Kandy,DELUXE,4,7.2650791,,,,,official_tourism,Information for Accommodation.csv,eagle lodge,Home Stay Units.xlsx | Information for Accommodation.csv
ACC000419,EAGLE NEST HOLIDAY INN,Guest Houses,"NO.159, LOWER STREET, BADULLA.",Badulla,Badulla,B,10,,,,,,official_tourism,Information for Accommodation.csv,eagle nest holiday inn,Guest Houses.xlsx | Information for Accommodation.csv
ACC000420,EAGLE'S REST HOMESTAY HANTHANA,Home Stay Units,"14B/2/35/3, 8TH LANE, HANTANA HS, HANTANA, KANDY",Kandy,Gagawata Koralya,SUPERIOR,2,7.2749563,,,,,official_tourism,Information for Accommodation.csv,eagle s rest homestay hanthana,Home Stay Units.xlsx | Information for Accommodation.csv
ACC000421,EARL'S CHATEAU,Guest Houses,"NO. 09, WINSTONE, WICKRAMASINGHE MAWATHA, KEGALLE",Kegalle,Kegalle,A,5,,,,,,official_tourism,Information for Accommodation.csv,earl s chateau,Guest Houses.xlsx | Information for Accommodation.csv
ACC000422,EARLS REEF BERUWALA,Tourist Hotels,"NO. 91/22,MARADANA ROAD,MORAGALLA,BERUWALA.",Kalutara,Beruwala Pradeshiya Sabha,,54,6.453929,,,,,official_tourism,Information for Accommodation.csv,earls reef beruwala,Information for Accommodation.csv | Tourist Hotels.xlsx
ACC000423,EARLS REGENCY HOTEL,Classified Hotels( 1-5 Star),"TENNEKUMURA, KANDY",Kandy,Kandy,FIVE,96,7.281795,,,,,official_tourism,Information for Accommodation.csv,earls regency hotel,Classified Hotels( 1-5 Star).xlsx | Information for Accommodation.csv
ACC000424,EARLS REGENT HOTEL,Classified Hotels( 1-5 Star),"NO. 1/40, DEVENIRAJASINGHE ROAD, PERADENIYA,KANDY",Kandy,Kandy,THREE,60,7.283476,,,,,official_tourism,Information for Accommodation.csv,earls regent hotel,Classified Hotels( 1-5 Star).xlsx | Information for Accommodation.csv
ACC000425,EASTERN EATING HOUSE,Guest Houses,"NO. 7, 2ND CROSS STREET, BATTICALOA",Batticaloa,Batticaloa,C,4,,,,,,official_tourism,Information for Accommodation.csv,eastern eating house,Guest Houses.xlsx | Information for Accommodation.csv
ACC000426,ECO HOME HOLIDAY INN,Home Stay Units,"31/48, RIVERDALE GARDEN, ANIWATTE, KANDY",Kandy,Kandy,SUPERIOR,4,,,,,,official_tourism,Information for Accommodation.csv,eco home holiday inn,Home Stay Units.xlsx | Information for Accommodation.csv
ACC000427,ECO JUNGLE HIDEOUT,Bangalows,"ECO JUNGLE HIDEOUT, BERAGAMA, MAKADURA, MULATIANA",Matara,Mulatiyana Pradeshiya Sabha,SUPERIOR,4,6.162424,,,,,official_tourism,Information for Accommodation.csv,eco jungle hideout,Bungalows.xlsx | Information for Accommodation.csv
ACC000428,ECO LANKA VILLA,Bangalows,"MAUSSAWA ESTATE, HALPOLA, PUUDALUOYA",Nuwara Eliya,Nuwara Eliya,STANDARD,8,7.019245,,,,,official_tourism,Information for Accommodation.csv,eco lanka villa,Bungalows.xlsx | Information for Accommodation.csv
ACC000429,EDEN RESORTS AND SPA,Classified Hotels( 1-5 Star),"KALUWAMODARA, BERUWALA",Kalutara,Kalutara Pradeshiya Sabha,FIVE,158,6.444585,,,,,official_tourism,Information for Accommodation.csv,eden resorts and spa,Classified Hotels( 1-5 Star).xlsx | Information for Accommodation.csv
ACC000430,EESHANI GUEST INN,Home Stay Units,"22/3,POLICE STATION ROAD, ELLA.",Badulla,Ella Pradeshiya Sabha,STANDARD,5,6.8752783,,,,,official_tourism,Information for Accommodation.csv,eeshani guest inn,Home Stay Units.xlsx | Information for Accommodation.csv
ACC000431,ELADETTA WALAUWA,Bangalows,"ELADETTA ESTATE, HANDESSA, KANDY",Kandy,Udunuwara Pradeshiya Sabha,DELUXE,5,7.21801,,,,,official_tourism,Information for Accommodation.csv,eladetta walauwa,Bungalows.xlsx | Information for Accommodation.csv
ACC000432,ELEGANT HAMLETS HOME STAY,Home Stay Units,"NO.48, KACHCHAKADUWA,WEERAKODIYANA",Kurunegala,Udubaddawa Pradeshiya Sabha,DELUXE,1,7.501223,,,,,official_tourism,Information for Accommodation.csv,elegant hamlets home stay,Home Stay Units.xlsx | Information for Accommodation.csv
ACC000433,ELEMENTS WATER SPORTS & NATURE RESORT,Guest Houses,"KAPPALADY,KALPITIYA.",Puttalam,Kalpitiya Pradeshiya Sabha,B,5,8.134297,,,,,official_tourism,Information for Accommodation.csv,elements water sports nature resort,Guest Houses.xlsx | Information for Accommodation.csv
ACC000434,ELEPHANT REACH HOTEL,Tourist Hotels,"YALA JUNCTION,KIRINDA TISSAMAHARAMA.",Hambantota,Hambantota,,28,6.228965,,,,,official_tourism,Information for Accommodation.csv,elephant reach hotel,Information for Accommodation.csv | Tourist Hotels.xlsx
ACC000435,ELEPHANT REACH VILLA,Bangalows,"NO 686, KEGALLE - RAMBUKKANA ROAD, PINNAWALA",Kegalle,Rambukkana Pradeshiya Sabha,SUPERIOR,4,7.304627,,,,,official_tourism,Information for Accommodation.csv,elephant reach villa,Bungalows.xlsx | Information for Accommodation.csv
ACC000436,ELEPHANT TRAIL,Guest Houses,"NO 35, KATUPILAGAMA EKAMUTHUGAMA, SEWANAGALA",Moneragala,Thanamalwila Pradeshiya Sabha,A,15,,,,,,official_tourism,Information for Accommodation.csv,elephant trail,Guest Houses.xlsx | Information for Accommodation.csv
ACC000437,ELEPHAS RESORT,Guest Houses,"NO.47/B AUDANGAWA,KIMBISSA,SIGIRIYA.",Matale,Dambulla Pradeshiya Sabha,A,16,7.995286,,,,,official_tourism,Information for Accommodation.csv,elephas resort,Guest Houses.xlsx | Information for Accommodation.csv
ACC000438,ELLA FINALGATE,Home Stay Units,"DIYAMADITHTHA,KITHAL-ELLA,ELLA",Badulla,Ella Pradeshiya Sabha,STANDARD,3,,,,,,official_tourism,Information for Accommodation.csv,ella finalgate,Home Stay Units.xlsx | Information for Accommodation.csv
ACC000439,ELLA FLOWER GARDEN AND RESORT,Guest Houses,"THIRD MILE POST, PASSARA ROAD, ELLA",Badulla,Ella Pradeshiya Sabha,B,14,6.870921,,,,,official_tourism,Information for Accommodation.csv,ella flower garden and resort,Guest Houses.xlsx | Information for Accommodation.csv
ACC000440,ELLA GAP TOURIST INN,Guest Houses,"PASSARA ROAD, ELLA",Badulla,Ella Pradeshiya Sabha,A,5,6.87272,,,,,official_tourism,Information for Accommodation.csv,ella gap tourist inn,Guest Houses.xlsx | Information for Accommodation.csv
ACC000441,ELLA HAPPY VIEW,Home Stay Units,"KITHAL-ELLA,ELLA",Badulla,Ella Pradeshiya Sabha,STANDARD,1,,,,,,official_tourism,Information for Accommodation.csv,ella happy view,Home Stay Units.xlsx | Information for Accommodation.csv
ACC000442,ELLA HIDE VIEW,Home Stay Units,"ETHIMALE,KITHAL-ELLA,ELLA",Badulla,Ella Pradeshiya Sabha,STANDARD,4,6.869702,,,,,official_tourism,Information for Accommodation.csv,ella hide view,Home Stay Units.xlsx | Information for Accommodation.csv
ACC000443,ELLA JUNGLE RESORT,Tourist Hotels,"UVA,KARANDAGOLLA,ELLA",Badulla,Badulla,,22,6.8268869,,,,,official_tourism,Information for Accommodation.csv,ella jungle resort,Information for Accommodation.csv | Tourist Hotels.xlsx
ACC000444,ELLA MOUNT VIEW GUEST INN,Home Stay Units,"WATAGODA WATTA ROAD,KITHAL-ELLA,ELLA",Badulla,Ella Pradeshiya Sabha,STANDARD,3,6.870878,,,,,official_tourism,Information for Accommodation.csv,ella mount view guest inn,Home Stay Units.xlsx | Information for Accommodation.csv
ACC000445,ELLA RIVER FRONT,Home Stay Units,"""SISILA"" WELLAWAYA ROAD,ELLA",Badulla,Ella Pradeshiya Sabha,STANDARD,2,6.8694274,,,,,official_tourism,Information for Accommodation.csv,ella river front,Home Stay Units.xlsx | Information for Accommodation.csv
ACC000446,ELLERTON HOTEL,Boutique Villas,"NAWA GURUKELLE, DOLUWA, GAMPOLA",Kandy,Gampola,,5,7.187229,,,,,official_tourism,Information for Accommodation.csv,ellerton hotel,Boutique Villas.xlsx | Information for Accommodation.csv
ACC000447,ELPITIYA WALAUWA,Heritage Bungalows,"ELPITIYA ESTATE,WELIGALLA.",Kandy,Gampola,DELUXE,5,7.190628,,,,,official_tourism,Information for Accommodation.csv,elpitiya walauwa,Heritage Bungalow.xlsx | Information for Accommodation.csv
ACC000448,ELYSIUM,Bangalows,"NO: 776/2, MATARA ROAD ,MIHIRIPENNA ,TALPE.",Galle,Habaraduwa,DELUXE,5,5.998461,,,,,official_tourism,Information for Accommodation.csv,elysium,Bungalows.xlsx | Information for Accommodation.csv
ACC000449,EMEL BOUTIQUE HOTEL,Home Stay Units,"NO.15,LURDU MAWATHA,KOCHCHIKADE.",Gampaha,Negombo,DELUXE,5,7.2667943,,,,,official_tourism,Information for Accommodation.csv,emel boutique hotel,Home Stay Units.xlsx | Information for Accommodation.csv
ACC000450,ERA BEACH HOTEL,Boutique Villas,"NO. 834, MATARA ROAD, THALPE",Galle,Galle,,6,5.9984781,,,,,official_tourism,Information for Accommodation.csv,era beach hotel,Boutique Villas.xlsx | Information for Accommodation.csv
ACC000451,ERAELIYA VILLAS AND GARDENS,Boutique Villas,"NO : 299,WALLIWALA,KAPPARATOTA,WELIGAMA.",Matara,Matara,,7,5.958113,,,,,official_tourism,Information for Accommodation.csv,eraeliya villas and gardens,Boutique Villas.xlsx | Information for Accommodation.csv
ACC000452,ERONEE VILLA,Rented Apartments,"SRI DHARMA VIJAYARAMA MAWATHA, SOORIYAGODA, BENTOTA.",Galle,Bentota Pradeshiya Sabha,STANDARD,1,6.416431,,,,,official_tourism,Information for Accommodation.csv,eronee villa,Information for Accommodation.csv | Rented Apartments.xlsx
ACC000453,ESCONDITE,Bangalows,"17/2, SUDHARMAN MAWATHA, RAJAMAHA VIHARA ROAD, PITA-KOTTE",Colombo,Colombo,DELUXE,5,6.881239,,,,,official_tourism,Information for Accommodation.csv,escondite,Bungalows.xlsx | Information for Accommodation.csv
ACC000454,EURO STAR HOLIDAY INN,Guest Houses,"KADAWATHA ROAD , ULHITIYAWA , WENNAPPUWA",Puttalam,Wennappuwa Pradeshiya Sabha,C,5,,,,,,official_tourism,Information for Accommodation.csv,euro star holiday inn,Guest Houses.xlsx | Information for Accommodation.csv
ACC000455,EURO STAR,Guest Houses,"KATUNAYAKA ROAD, PEELLAWATTA,MINUWANGODA",Gampaha,Minuwangoda Pradeshiya Sabha,A,30,7.178291,,,,,official_tourism,Information for Accommodation.csv,euro star,Guest Houses.xlsx | Information for Accommodation.csv
ACC000456,EVER GREEN LOUNGE,Home Stay Units,"MAIN STREET, ARUGAMBAY, POTTUVIL.",Ampara,Ampara,STANDARD,3,,,,,,official_tourism,Information for Accommodation.csv,ever green lounge,Home Stay Units.xlsx | Information for Accommodation.csv
ACC000457,EVERGREEN HOMESTAY,Home Stay Units,"NO..33,MABLE COORAY MAVATHA,PRIMROSEGARDEN,KANDY",Kandy,Kandy,SUPERIOR,2,7.281205,,,,,official_tourism,Information for Accommodation.csv,evergreen homestay,Home Stay Units.xlsx | Information for Accommodation.csv
ACC000458,EXCELL HOTEL & RESTAURANT,Guest Houses,"MAIN STREET,URUBOKKA",Matara,Pasgoda Pradeshiya Sabha,C,8,,,,,,official_tourism,Information for Accommodation.csv,excell hotel restaurant,Guest Houses.xlsx | Information for Accommodation.csv
ACC000459,FAIRLY,Home Stay Units,"NO 263/2, BATAPOTHA, MADELGOMUWA, GAMPAHA",Gampaha,Minuwangoda Pradeshiya Sabha,SUPERIOR,2,,,,,,official_tourism,Information for Accommodation.csv,fairly,Home Stay Units.xlsx | Information for Accommodation.csv
ACC000460,FAIRVIEW HOTEL,Classified Hotels( 1-5 Star),"NO:27, RAMKRISHNA ROAD, WELLAWATTE, COLOMBO 06",Colombo,Colombo,TWO,50,6.865486,,,,,official_tourism,Information for Accommodation.csv,fairview hotel,Classified Hotels( 1-5 Star).xlsx | Information for Accommodation.csv
ACC000461,FALCY ESTATE,Home Stay Units,"FALCY ESTATE, AGALLIYA, BADDEGAMA.",Galle,Galle,STANDARD,3,6.1990765,,,,,official_tourism,Information for Accommodation.csv,falcy estate,Home Stay Units.xlsx | Information for Accommodation.csv
ACC000462,FAMOUS GUEST HOUSE,Guest Houses,"NO. 66/5, NEW RATHNAPURA ROAD, SEETHAWAKAPURA, AVISSSAWELLA.",Colombo,Seethawaka Pradeshiya Sabha,A,18,6.94904,,,,,official_tourism,Information for Accommodation.csv,famous guest house,Guest Houses.xlsx | Information for Accommodation.csv
ACC000463,FANTASY HOTEL,Guest Houses,"MAIN STREET,ARUGAMBAY SINNA ULLAI,POTTUVIL.",Ampara,Ampara,B,11,,,,,,official_tourism,Information for Accommodation.csv,fantasy hotel,Guest Houses.xlsx | Information for Accommodation.csv
ACC000464,FAR HORIZONS VILLA,Bangalows,"FAR HORIZONS VILLA, UNAWATUNA KANDA, UNAWATUNA, GALLE",Galle,Habaraduwa,DELUXE,5,,,,,,official_tourism,Information for Accommodation.csv,far horizons villa,Bungalows.xlsx | Information for Accommodation.csv
ACC000465,FARCRY,Guest Houses,"PERAKANATTE, GANGEYAYA, WILGAMUWA, WASGAMUWA",Matale,Wilgamuwa Pradeshiya Sabha,A,6,,,,,,official_tourism,Information for Accommodation.csv,farcry,Guest Houses.xlsx | Information for Accommodation.csv
ACC000466,FEEL HOMESTAY,Home Stay Units,"11A, ST .PHILIP NARY'S CHURCH ROAD, KATUKURUNDA, KALUTARA",Kalutara,Kalutara Pradeshiya Sabha,STANDARD,1,6.5610293,,,,,official_tourism,Information for Accommodation.csv,feel homestay,Home Stay Units.xlsx | Information for Accommodation.csv
ACC000467,FEELIN GOOD RESORT,Guest Houses,"10TH MILE POST, UVA, KARADAGOLLA, ELLA.",Badulla,Ella Pradeshiya Sabha,A,7,,,,,,official_tourism,Information for Accommodation.csv,feelin good resort,Guest Houses.xlsx | Information for Accommodation.csv
ACC000468,FERNCLIFF BOUTIQUE BUNGALOW,Bangalows,"NO 7/10,WEDDER BURN ROAD,NUWARA ELIYA",Nuwara Eliya,Nuwara Eliya,DELUXE,4,6.971091,,,,,official_tourism,Information for Accommodation.csv,ferncliff boutique bungalow,Bungalows.xlsx | Information for Accommodation.csv
ACC000469,FIELD GARDEN,Bangalows,"NO 183/1, STATION MAWATHA, MAHARAGAMA",Colombo,Maharagama,SUPERIOR,4,,,,,,official_tourism,Information for Accommodation.csv,field garden,Bungalows.xlsx | Information for Accommodation.csv
ACC000470,FIELD VIEW INN,Guest Houses,"ATHURA,BULATHSINGHALA",Kalutara,Bulathsinhala Pradeshiya Sabha,B,7,6.89414,,,,,official_tourism,Information for Accommodation.csv,field view inn,Guest Houses.xlsx | Information for Accommodation.csv
ACC000471,FIELD VILLA,Bangalows,"FIELD VIEW, KALAHE, WANCHAWELA, GALLE",Galle,Akmeemana,DELUXE,4,,,,,,official_tourism,Information for Accommodation.csv,field villa,Bungalows.xlsx | Information for Accommodation.csv
ACC000472,FIELDVIEW HOLYDAY RESORT,Classified Hotels( 1-5 Star),"ANNASIWATTE ROAD,OFF MDH,JAWARDANA MW,ATHURUGIRIYA.",Colombo,Colombo,ONE,10,6.894121,,,,,official_tourism,Information for Accommodation.csv,fieldview holyday resort,Classified Hotels( 1-5 Star).xlsx | Information for Accommodation.csv
ACC000473,FINOMINAL GUEST,Guest Houses,"MULANAGODA ROAD, ANGUNUKOLAPELASSA.",Hambantota,Angunakolapelessa,A,6,,,,,,official_tourism,Information for Accommodation.csv,finominal guest,Guest Houses.xlsx | Information for Accommodation.csv
ACC000474,FIRE DRAGON GUEST HOUSE,Guest Houses,"111/05,ST ANN'S LANE,PALANGATHURE,KOCHCHIKADE,NEGOMBO",Gampaha,Negombo,A,7,,,,,,official_tourism,Information for Accommodation.csv,fire dragon guest house,Guest Houses.xlsx | Information for Accommodation.csv
ACC000475,FLAMINGOS BUNDALA SAFARI GUEST HOUSE,Guest Houses,"WELLAWAYA ROAD, WEERAWILA, THISSAMAHARAMAYA.",Hambantota,Thissamaharama,B,8,,,,,,official_tourism,Information for Accommodation.csv,flamingos bundala safari guest house,Guest Houses.xlsx | Information for Accommodation.csv
ACC000476,FLOWER GARDEN LAKE RESORT,Guest Houses,"NO.168,RANDUNUWATTA,WEERAWILA.",Hambantota,Thissamaharama,B,9,,,,,,official_tourism,Information for Accommodation.csv,flower garden lake resort,Guest Houses.xlsx | Information for Accommodation.csv
ACC000477,FLOWER GARDEN STAY,Rented Apartments,"157/13, SAUSIRI UYANA, PITTUGALA, MALABE",Colombo,Kaduwela Pradeshiya Sabha,SUPERIOR,2,,,,,,official_tourism,Information for Accommodation.csv,flower garden stay,Information for Accommodation.csv | Rented Apartments.xlsx
ACC000478,FLOWER VILLA GUEST HOUSE,Guest Houses,"223, KADURUDUWA ROAD, GORAKANA, PANADURA.",Kalutara,Panadura Pradeshiya Sabha,B,5,,,,,,official_tourism,Information for Accommodation.csv,flower villa guest house,Guest Houses.xlsx | Information for Accommodation.csv
ACC000479,FOREST PARADISE GUEST HOME,Bangalows,"PASSARA ROAD, ELLA.",Badulla,Ella Pradeshiya Sabha,SUPERIOR,5,6.874164,,,,,official_tourism,Information for Accommodation.csv,forest paradise guest home,Bungalows.xlsx | Information for Accommodation.csv
ACC000480,FOREST VILLA,Bangalows,"185B, RAJAPIHILLA MW, KANDY",Kandy,Kandy,SUPERIOR,5,7.284137,,,,,official_tourism,Information for Accommodation.csv,forest villa,Bungalows.xlsx | Information for Accommodation.csv
ACC000481,FORT BLISS,Bangalows,"84, LIGHT HOUSE STREET, FORT, GALLE",Galle,Galle,DELUXE,4,6.024691,,,,,official_tourism,Information for Accommodation.csv,fort bliss,Bungalows.xlsx | Information for Accommodation.csv
ACC000482,FOUR TEESS REST INN,Guest Houses,"STATION ROAD,THODDAVELI,ERUKKALAMPITY,MANNAR.",Mannar,Mannar,B,12,9.025378,,,,,official_tourism,Information for Accommodation.csv,four teess rest inn,Guest Houses.xlsx | Information for Accommodation.csv
ACC000483,FRANGIPANI,Home Stay Units,"24/2F-2/1, HILL STREET,DEHIWALA",Colombo,Colombo,DELUXE,3,6.8506373,,,,,official_tourism,Information for Accommodation.csv,frangipani,Home Stay Units.xlsx | Information for Accommodation.csv
ACC000484,FREEDOM BEACH GUEST HOUSE,Home Stay Units,"BEACH ROAD, ULLAI, POTTUVIL,ARUGAMBAY.",Ampara,Ampara,STANDARD,5,6.839377,,,,,official_tourism,Information for Accommodation.csv,freedom beach guest house,Home Stay Units.xlsx | Information for Accommodation.csv
ACC000485,FREEDOM GUEST INN,Bangalows,"132/1,SAPUMALTHANNA,PASSARA ROAD,ELLA",Badulla,Ella Pradeshiya Sabha,STANDARD,4,,,,,,official_tourism,Information for Accommodation.csv,freedom guest inn,Bungalows.xlsx | Information for Accommodation.csv
ACC000486,FRENCH LOTUS,Bangalows,"YADDEHIMULLA ROAD,,UNAWATUNA BEACH,,GALLE.",Galle,Habaraduwa,DELUXE,5,6.010178,,,,,official_tourism,Information for Accommodation.csv,french lotus,Bungalows.xlsx | Information for Accommodation.csv
ACC000487,FRESCO WATER VILLA,Tourist Hotels,"FRESCO WATER VILLA (PVT) LTD,SIGIRIYA ROAD,KIMBISSA",Matale,Dambulla Pradeshiya Sabha,,36,7.945932,,,,,official_tourism,Information for Accommodation.csv,fresco water villa,Information for Accommodation.csv | Tourist Hotels.xlsx
ACC000488,FRIENDLY FAMILY GUEST HOUSE,Home Stay Units,"NO.291/A,D.S.SENANAYAKE VIDIYA,KANDY",Kandy,Kandy,SUPERIOR,5,,,,,,official_tourism,Information for Accommodation.csv,friendly family guest house,Home Stay Units.xlsx | Information for Accommodation.csv
ACC000489,FROZEN VILLA,Guest Houses,"FROZEN VILLA,RATHNAPURA ROAD,UDAGAMA, EMBILIPITIYA",Ratnapura,Embilipitiya,A,12,6.34133,,,,,official_tourism,Information for Accommodation.csv,frozen villa,Guest Houses.xlsx | Information for Accommodation.csv
ACC000490,FULL MOON GARDEN HOTEL,Classified Hotels( 1-5 Star),"NO.754, COLOMBO ROAD, KATUNAYAKE.",Gampaha,Katana Pradeshiya Sabha,ONE,30,7.154204,,,,,official_tourism,Information for Accommodation.csv,full moon garden hotel,Classified Hotels( 1-5 Star).xlsx | Information for Accommodation.csv
ACC000491,GAGA ADDARA GUEST,Bangalows,"7TH MILE POST, HEPOLA, DIYAKOBBALA, BIBILE",Moneragala,Bibile,STANDARD,4,,,,,,official_tourism,Information for Accommodation.csv,gaga addara guest,Bungalows.xlsx | Information for Accommodation.csv
ACC000492,GAJAMADARA WALAUWA,Guest Houses,"75, KURUNEGALA ROAD, POLGAHAWELA.",Kurunegala,Polgahawela Pradeshiya Sabha,A,8,7.340999,,,,,official_tourism,Information for Accommodation.csv,gajamadara walauwa,Guest Houses.xlsx | Information for Accommodation.csv
ACC000493,GALADARI HOTEL,Classified Hotels( 1-5 Star),"NO. 64, LOTUS ROAD, COLOMBO 01",Colombo,Colombo,THREE,408,6.931679,,,,,official_tourism,Information for Accommodation.csv,galadari hotel,Classified Hotels( 1-5 Star).xlsx | Information for Accommodation.csv
ACC000494,GALAGODA WALAWWA,Rented Apartments,"PUWAKMOTE, YATAGAMA, RAMBUKKANA",Kegalle,Rambukkana Pradeshiya Sabha,SUPERIOR,1,,,,,,official_tourism,Information for Accommodation.csv,galagoda walawwa,Information for Accommodation.csv | Rented Apartments.xlsx
ACC000495,GALAHA TEA BUNGALOW,Bangalows,"GALAHA ESTATE BIG BUNGALOW,MORAGOLLA ROAD,GALAHA.",Kandy,Kandy,DELUXE,4,7.203967,,,,,official_tourism,Information for Accommodation.csv,galaha tea bungalow,Bungalows.xlsx | Information for Accommodation.csv
ACC000496,GALAVILLA BOUTIQUE HOTEL & SPA,Tourist Hotels,"AGAWATTA ESTATE MORAGOLLA,THALATHUOYA KANDY",Kandy,Kandy,,12,7.220522,,,,,official_tourism,Information for Accommodation.csv,galavilla boutique hotel spa,Information for Accommodation.csv | Tourist Hotels.xlsx
ACC000497,GALAXY LOUNGE,Guest Houses,"ARUGAMBAY,SINNAVLLOVI,POTTUWIL -18",Ampara,Ampara,B,8,6.849136,,,,,official_tourism,Information for Accommodation.csv,galaxy lounge,Guest Houses.xlsx | Information for Accommodation.csv
ACC000498,GALKADAWALA FOREST LODGE,Bangalows,"GALKADAWALA, PALUGASWEWA, HABARANA",Polonnaruwa,Palugaswewa,DELUXE,4,8.031355,,,,,official_tourism,Information for Accommodation.csv,galkadawala forest lodge,Bungalows.xlsx | Information for Accommodation.csv
ACC000499,GALKANDA WALAUWE,Bangalows,"27, WALALA, MENIKHINNA",Kandy,Kundasle,SUPERIOR,3,7.319149,,,,,official_tourism,Information for Accommodation.csv,galkanda walauwe,Bungalows.xlsx | Information for Accommodation.csv
ACC000500,GALKIRIYAGAMA VILLAGE,Guest Houses,"NO.23, NEW, TOWN, GALKIRIYAGAMA.",Anuradhapura,Palagala Pradeshiya Sabha,B,5,,,,,,official_tourism,Information for Accommodation.csv,galkiriyagama village,Guest Houses.xlsx | Information for Accommodation.csv
ACC000501,GALLE FACE COVE,Home Stay Units,"97, GALLE ROAD, COLOMBO 03",Colombo,Colombo,DELUXE,3,6.920627,,,,,official_tourism,Information for Accommodation.csv,galle face cove,Home Stay Units.xlsx | Information for Accommodation.csv
ACC000502,GALLE FACE HOTEL,Classified Hotels( 1-5 Star),"NO.02, GALLE ROAD, COLOMBO 03",Colombo,Colombo,THREE,145,6.920125,,,,,official_tourism,Information for Accommodation.csv,galle face hotel,Classified Hotels( 1-5 Star).xlsx | Information for Accommodation.csv
ACC000503,GALLE FORT HOTEL,Boutique Hotels,"NO.28, CHURCH STREET, FORT , GALLE",Galle,Galle Divisional Secretariat,,14,6.026649,,,,,official_tourism,Information for Accommodation.csv,galle fort hotel,Boutique Hotels.xlsx | Information for Accommodation.csv
ACC000504,GALLE HILL TOP,Bangalows,"PALAGALAGODAKANDA, NAVINNA, ULUVITIKE (GALLE)",Galle,Bope,SUPERIOR,5,6.06871,,,,,official_tourism,Information for Accommodation.csv,galle hill top,Bungalows.xlsx | Information for Accommodation.csv
ACC000505,GALOYA HOTEL,Guest Houses,"NILIATUGODA, ETTAMPITIYA",Badulla,Badulla,A,5,7.301744,,,,,official_tourism,Information for Accommodation.csv,galoya hotel,Guest Houses.xlsx | Information for Accommodation.csv
ACC000506,GALWAY FOREST LODGE,Classified Hotels( 1-5 Star),"NO. 89, UPPER LAKE ROAD, HAVELOCK DRIVE, NUWARA ELIYA.",Nuwara Eliya,Nuwara Eliya,THREE,52,6.980005,,,,,official_tourism,Information for Accommodation.csv,galway forest lodge,Classified Hotels( 1-5 Star).xlsx | Information for Accommodation.csv
ACC000507,GAMAGE NEST AND REST,Guest Houses,"MIRISWATTA,KAMBURUPITIYA.",Matara,Kamburupitiya Pradeshiya Sabha,B,9,,,,,,official_tourism,Information for Accommodation.csv,gamage nest and rest,Guest Houses.xlsx | Information for Accommodation.csv
ACC000508,GAMODH CITADEL RESORT,Guest Houses,"LOLUWAGODA ,ELAYAPATHTHUWA,ANURADHAPURA",Anuradhapura,Anuradhapura,A,10,8.364036,,,,,official_tourism,Information for Accommodation.csv,gamodh citadel resort,Guest Houses.xlsx | Information for Accommodation.csv
ACC000509,GAMPAHA HOLIDAY INN,Guest Houses,"NO:143,MATHAMMANA,MINUWANGODA",Gampaha,Minuwangoda Pradeshiya Sabha,C,14,,,,,,official_tourism,Information for Accommodation.csv,gampaha holiday inn,Guest Houses.xlsx | Information for Accommodation.csv
ACC000510,GAMPAHA VILLAGE INN,Guest Houses,"NO.63/28 A, WEERA KEPPETIPOLA MAWATHA, BANDARAWATTA ESTATE, GAMPAHA.",Gampaha,Gampaha,A,14,,,,,,official_tourism,Information for Accommodation.csv,gampaha village inn,Guest Houses.xlsx | Information for Accommodation.csv
ACC000511,GAMUNU REST INN,Guest Houses,"412, COLOMBO ROAD, SEEDUWA.",Gampaha,Katana Pradeshiya Sabha,B,5,,,,,,official_tourism,Information for Accommodation.csv,gamunu rest inn,Guest Houses.xlsx | Information for Accommodation.csv
ACC000512,GANGA ADDARA HOTEL,Guest Houses,"NO.295,PEEKWELLA,MATARA",Matara,Matara,B,7,5.947097,,,,,official_tourism,Information for Accommodation.csv,ganga addara hotel,Guest Houses.xlsx | Information for Accommodation.csv
ACC000513,GANGA GARDEN,Guest Houses,"126/27, GALLE ROAD, KALUWAMODARA, ALUTHGAMA.",Kalutara,Aluthgama,B,5,6.437746,,,,,official_tourism,Information for Accommodation.csv,ganga garden,Guest Houses.xlsx | Information for Accommodation.csv
ACC000514,GARDEN BEACH CLUB,Guest Houses,"NO.430,MATHARA ROAD,DALAWELLA,UNAWATUNA",Galle,Galle,B,6,,,,,,official_tourism,Information for Accommodation.csv,garden beach club,Guest Houses.xlsx | Information for Accommodation.csv
ACC000515,GARDEN GUEST HOUSE,Home Stay Units,"7, KARLSHRUE GARDENS, COLOMBO 8.",Colombo,Colombo,SUPERIOR,3,6.921816,,,,,official_tourism,Information for Accommodation.csv,garden guest house,Home Stay Units.xlsx | Information for Accommodation.csv
ACC000516,GARDEN REST-KANDY,Home Stay Units,"3/30,30/3/1/2,VIHARA MW.,SUDUHUMPOLA,KANDY",Kandy,MC,SUPERIOR,3,7.2832395,,,,,official_tourism,Information for Accommodation.csv,garden rest kandy,Home Stay Units.xlsx | Information for Accommodation.csv
ACC000517,GARTONS CAPE,Tourist Hotels,"DENUWALA,AHANGAMA.",Galle,Weligama Pradeshiya Sabha,,19,5.965604,,,,,official_tourism,Information for Accommodation.csv,gartons cape,Information for Accommodation.csv | Tourist Hotels.xlsx
ACC000518,GAYA FAMILY RESORT,Guest Houses,"NO 01,WALAW WATTA,MAWATHAGAMA",Kurunegala,Mawathagama Pradeshiya Sabha,B,8,7.435825,,,,,official_tourism,Information for Accommodation.csv,gaya family resort,Guest Houses.xlsx | Information for Accommodation.csv
ACC000519,GAYAN GUEST HOUSE,Guest Houses,"ELAKAKA ROAD, KANAHENTOTA, HABURUGALA.",Galle,Bentota Pradeshiya Sabha,B,5,6.031898,,,,,official_tourism,Information for Accommodation.csv,gayan guest house,Guest Houses.xlsx | Information for Accommodation.csv
ACC000520,GECKO RESTAURANT & ROOMS,Guest Houses,"MAIN STREET,ARUGAMBAY,POTTUWIL",Ampara,Ampara,B,6,6.841218,,,,,official_tourism,Information for Accommodation.csv,gecko restaurant rooms,Guest Houses.xlsx | Information for Accommodation.csv
ACC000521,GIHANS FAMILY RESTAURANT AND GUEST,Guest Houses,"NO 90, S. D. S JAYASINGHE MAWATHA, KOHUWALA",Colombo,Dehiwala-Mount Lavinia,B,5,6.857903,,,,,official_tourism,Information for Accommodation.csv,gihans family restaurant and guest,Guest Houses.xlsx | Information for Accommodation.csv
ACC000522,GIMAN FREE BEACH RESORT,Guest Houses,"KEERIKUDA,KAYANKERNI, NORTH PASSIKUDAH.",Batticaloa,Batticaloa,A,14,7.986431,,,,,official_tourism,Information for Accommodation.csv,giman free beach resort,Guest Houses.xlsx | Information for Accommodation.csv
ACC000523,GIMANHALA HOTEL,Classified Hotels( 1-5 Star),754 ANURADHAPURA ROAD DAMBULLA,Matale,Matale,TWO,17,7.879954,,,,,official_tourism,Information for Accommodation.csv,gimanhala hotel,Classified Hotels( 1-5 Star).xlsx | Information for Accommodation.csv
ACC000524,GIMDULA HOTEL & RESTAURNT,Guest Houses,"NO. 17/7, SAMIDHU MAWATHA, PAMUNUWILA, GONAWALA",Gampaha,Biyagama Pradeshiya Sabha,A,23,6.969543,,,,,official_tourism,Information for Accommodation.csv,gimdula hotel restaurnt,Guest Houses.xlsx | Information for Accommodation.csv
ACC000525,GING OYA LODGE,Guest Houses,KAMMALA NORTH.WAIKKALA,Puttalam,Wennappuwa Pradeshiya Sabha,A,6,,,,,,official_tourism,Information for Accommodation.csv,ging oya lodge,Guest Houses.xlsx | Information for Accommodation.csv
ACC000526,GIRAGALA VILLAGE RESTAURENT,Guest Houses,"BANDARAMULLA,MIRISSA",Matara,Weligama Pradeshiya Sabha,B,17,5.943054,,,,,official_tourism,Information for Accommodation.csv,giragala village restaurent,Guest Houses.xlsx | Information for Accommodation.csv
ACC000527,GIRITALE HOTEL,Classified Hotels( 1-5 Star),"NATIONAL HOLIDAY RESORT, GIRITALE",Polonnaruwa,Polonnaruwa,ONE,40,7.997114,,,,,official_tourism,Information for Accommodation.csv,giritale hotel,Classified Hotels( 1-5 Star).xlsx | Information for Accommodation.csv
ACC000528,GIRIULLA MAOYA ELEPHANT VILLA,Bangalows,"UDARA STATE, MASNORUWA, GIRIULLA",Kurunegala,Kurunegala,SUPERIOR,3,7.192303,,,,,official_tourism,Information for Accommodation.csv,giriulla maoya elephant villa,Bungalows.xlsx | Information for Accommodation.csv
ACC000529,GIRIULLA RESORT,Guest Houses,"SATHUTU UYANA ,NALLE, DIWULDENIYA.",Gampaha,Gampaha,A,20,,,,,,official_tourism,Information for Accommodation.csv,giriulla resort,Guest Houses.xlsx | Information for Accommodation.csv
ACC000530,GLENDOWER HOTEL,Classified Hotels( 1-5 Star),"NO:05,GRAND HOTEL ROAD,NUWARA ELIYA",Nuwara Eliya,Nuwara Eliya,ONE,20,6.9675209,,,,,official_tourism,Information for Accommodation.csv,glendower hotel,Classified Hotels( 1-5 Star).xlsx | Information for Accommodation.csv
ACC000531,GLOBAL TOWERS HOTEL,Classified Hotels( 1-5 Star),"NO.11, STATION AVENUE, COLOMBO 06.",Colombo,Colombo,THREE,54,6.877516,,,,,official_tourism,Information for Accommodation.csv,global towers hotel,Classified Hotels( 1-5 Star).xlsx | Information for Accommodation.csv
ACC000532,GLORIA GRAND HOTEL,Tourist Hotels,"YADDEHIMULLA ROAD,UNAWATUNA",Galle,Habaraduwa,,20,6.011392,,,,,official_tourism,Information for Accommodation.csv,gloria grand hotel,Information for Accommodation.csv | Tourist Hotels.xlsx
ACC000533,GLORIA GUEST ROOMS,Home Stay Units,"78 MAIN ROAD,KALPITIYA.",Puttalam,Kalpitiya Pradeshiya Sabha,STANDARD,3,8.229528,,,,,official_tourism,Information for Accommodation.csv,gloria guest rooms,Home Stay Units.xlsx | Information for Accommodation.csv
ACC000534,GODAGAMA REACH HOTEL,Guest Houses,"NO23/3,SAMANALA UYANA, PADUKKA ROAD,GODAGAMA,MEEGODA",Colombo,Homagama Pradeshiya Sabha,A,18,6.84855,,,,,official_tourism,Information for Accommodation.csv,godagama reach hotel,Guest Houses.xlsx | Information for Accommodation.csv
ACC000535,GOLDEN COCONUT CABANAS,Guest Houses,"WELLADDAYA,REKEWA,RANNA",Hambantota,Tangalle Pradeshiya Sabha,B,5,,,,,,official_tourism,Information for Accommodation.csv,golden coconut cabanas,Guest Houses.xlsx | Information for Accommodation.csv
ACC000536,GOLDEN FLOWER GUEST HOUSE,Guest Houses,"AIRPORT ROAD, HINGURAKGODA",Polonnaruwa,Hingurakgoda Pradeshiya Sabha,A,5,,,,,,official_tourism,Information for Accommodation.csv,golden flower guest house,Guest Houses.xlsx | Information for Accommodation.csv
ACC000537,GOLDEN HOLIDAY GUEST HOUSE,Guest Houses,"NO.17/19 C,PONNAMPALAM 4TH LANE,JAFFNA.",Jaffna,Jaffna,B,6,,,,,,official_tourism,Information for Accommodation.csv,golden holiday guest house,Guest Houses.xlsx | Information for Accommodation.csv
ACC000538,GOLDEN NEST GUEST HOUSE,Guest Houses,"NO.21, CRIPPS ROAD, GALLE",Galle,Galle,B,5,,,,,,official_tourism,Information for Accommodation.csv,golden nest guest house,Guest Houses.xlsx | Information for Accommodation.csv
ACC000539,GOLDEN NEST VILLA,Bangalows,"NO 50 A, THAPODARAMA TEMPLE ROAD, HANTANA, KANDY",Kandy,Gagawata Koralya,DELUXE,5,,,,,,official_tourism,Information for Accommodation.csv,golden nest villa,Bungalows.xlsx | Information for Accommodation.csv
ACC000540,GOLDEN STAR BEACH HOTEL,Tourist Hotels,"NO.163,LEWIS PLACE,NEGOMBO",Gampaha,Negombo,,62,7.226821,,,,,official_tourism,Information for Accommodation.csv,golden star beach hotel,Information for Accommodation.csv | Tourist Hotels.xlsx
ACC000541,GOLDEN VIEW GUEST,Home Stay Units,"MEDAPATHANA,KITHAL-ELLA,ELLA",Badulla,Ella Pradeshiya Sabha,STANDARD,4,6.869177,,,,,official_tourism,Information for Accommodation.csv,golden view guest,Home Stay Units.xlsx | Information for Accommodation.csv
ACC000542,GOLDEN VIEW,Guest Houses,"NO 68,EGODAWATTA,BORALESGAMUWA",Colombo,Kesbewa,B,11,,,,,,official_tourism,Information for Accommodation.csv,golden view,Guest Houses.xlsx | Information for Accommodation.csv
ACC000543,GOLDEN VILLA,Rented Apartments,"NAGAHA JUNCTION, PANWILA, HIKKADUWA",Galle,Galle,SUPERIOR,2,,,,,,official_tourism,Information for Accommodation.csv,golden villa,Information for Accommodation.csv | Rented Apartments.xlsx
ACC000544,GOLDI SANDS HOTEL,Classified Hotels( 1-5 Star),"GOLDI SANDS HOTELS (PRIVATE) LIMITED, ETHUKALA, NEGOMBO",Gampaha,Negombo,TWO,70,7.245416,,,,,official_tourism,Information for Accommodation.csv,goldi sands hotel,Classified Hotels( 1-5 Star).xlsx | Information for Accommodation.csv
ACC000545,GOMEZ PLACE,Guest Houses,"NO:22/6B,PORUTHOTA ROAD,ETTUKALA,NEGAMBO",Gampaha,Negombo,B,11,7.240576,,,,,official_tourism,Information for Accommodation.csv,gomez place,Guest Houses.xlsx | Information for Accommodation.csv
ACC000546,GOVERNORS CHALETS,Guest Houses,"BADULLA, ROAD, NUWARAELIYA.",Nuwara Eliya,Nuwara Eliya,A,6,6.956578,,,,,official_tourism,Information for Accommodation.csv,governors chalets,Guest Houses.xlsx | Information for Accommodation.csv
ACC000547,GRACE GREEN VILLE HOMESTAY,Home Stay Units,"414/5,ST. RITA'S ROAD, DALUWAKOTUWA,KOCHCHIKADE",Gampaha,Negombo,DELUXE,4,,,,,,official_tourism,Information for Accommodation.csv,grace green ville homestay,Home Stay Units.xlsx | Information for Accommodation.csv
ACC000548,GRACE HOME STAY,Home Stay Units,"572, OBADAWATTA, SINHARUPAGAMA, BENTOTA",Galle,Bentota Pradeshiya Sabha,STANDARD,3,,,,,,official_tourism,Information for Accommodation.csv,grace home stay,Home Stay Units.xlsx | Information for Accommodation.csv
ACC000549,GRANARY HOME STAY,Home Stay Units,"NO 80,,PAMUNUWA,,PILIMATALAWA.",Kandy,Udunuwara Pradeshiya Sabha,SUPERIOR,4,7.240107,,,,,official_tourism,Information for Accommodation.csv,granary home stay,Home Stay Units.xlsx | Information for Accommodation.csv
ACC000550,GRAND CROWN HOTEL,Guest Houses,"891,MILAGAS JUNCTION,ANURADHAPURA",Anuradhapura,Anuradhapura,A,10,8.3208563,,,,,official_tourism,Information for Accommodation.csv,grand crown hotel,Guest Houses.xlsx | Information for Accommodation.csv
ACC000551,GRAND ELLA MOTEL,Guest Houses,ELLA,Badulla,Ella Pradeshiya Sabha,A,14,6.871321,,,,,official_tourism,Information for Accommodation.csv,grand ella motel,Guest Houses.xlsx | Information for Accommodation.csv
ACC000552,GRAND HOTEL,Classified Hotels( 1-5 Star),"GRAND HOTEL ROAD, NUWARAELIYA",Nuwara Eliya,Nuwara Eliya,FOUR,155,6.968335,,,,,official_tourism,Information for Accommodation.csv,grand hotel,Classified Hotels( 1-5 Star).xlsx | Information for Accommodation.csv
ACC000553,GRAND MUSIC AND CUISINE,Guest Houses,"NO.102, REID AVENUE, COLOMBO 07.",Colombo,Colombo,A,7,,,,,,official_tourism,Information for Accommodation.csv,grand music and cuisine,Guest Houses.xlsx | Information for Accommodation.csv
ACC000554,GRAND ORIENTAL HOTEL,Classified Hotels( 1-5 Star),"NO.2, YORK STREET, COLOMBO 01.",Colombo,Colombo,TWO,72,6.937474,,,,,official_tourism,Information for Accommodation.csv,grand oriental hotel,Classified Hotels( 1-5 Star).xlsx | Information for Accommodation.csv
ACC000555,GRAND REGENT,Guest Houses,"GALKOTUWA, POTHANA, KIMBISSA, SIGIRIYA",Matale,Dambulla Pradeshiya Sabha,A,12,7.934016,,,,,official_tourism,Information for Accommodation.csv,grand regent,Guest Houses.xlsx | Information for Accommodation.csv
ACC000556,GRAND STAR CHINESE RESTAURANT,Guest Houses,"NO.105, GALA JUNCTION, KIIBATHGODA, KELANIYA",Gampaha,Kelaniya Pradeshiya Sabha,B,6,,,,,,official_tourism,Information for Accommodation.csv,grand star chinese restaurant,Guest Houses.xlsx | Information for Accommodation.csv
ACC000557,GRAND UDAWALAWE SAFARI RESORT,Classified Hotels( 1-5 Star),"NO 912, THANAMALVILA ROAD,UDAWALAWA",Ratnapura,Udawalawa,FOUR,57,6.419811,,,,,official_tourism,Information for Accommodation.csv,grand udawalawe safari resort,Classified Hotels( 1-5 Star).xlsx | Information for Accommodation.csv
ACC000558,GRANDEEZA LUXURY HOTEL &BANQUETS,Tourist Hotels,"772, COLOMBO ROAD, KURANA, NEGOMBO",Gampaha,Negombo,,40,7.185642,,,,,official_tourism,Information for Accommodation.csv,grandeeza luxury hotel banquets,Information for Accommodation.csv | Tourist Hotels.xlsx
ACC000559,GREAT HOSPITALITY IN HILL COUNTRY,Home Stay Units,"NO 8/4 A ,,MADDEPATANA,AMPIYIYA",Kandy,Kandy,STANDARD,3,7.268636,,,,,official_tourism,Information for Accommodation.csv,great hospitality in hill country,Home Stay Units.xlsx | Information for Accommodation.csv
ACC000560,GREEN B CORNER,Guest Houses,MAKATHMAKANTHY VEETHY.CHAVAKACHCHERI,Jaffna,Chavakacheri,B,5,,,,,,official_tourism,Information for Accommodation.csv,green b corner,Guest Houses.xlsx | Information for Accommodation.csv
ACC000561,GREEN BEACH HOTEL,Home Stay Units,"SINNAULLAY, POTUVIL",Ampara,,STANDARD,3,,,,,,official_tourism,Information for Accommodation.csv,green beach hotel,Home Stay Units.xlsx | Information for Accommodation.csv
ACC000562,GREEN GARDEN HOLIDAY BUNGALOW,Bangalows,"535/E , ANAGI MW, HORAGOLLA, NITTAMBUWA.",Gampaha,Gampaha,DELUXE,3,,,,,,official_tourism,Information for Accommodation.csv,green garden holiday bungalow,Bungalows.xlsx | Information for Accommodation.csv
ACC000563,GREEN GRASS HOTEL & RESTAURANT,Guest Houses,"NO. 33, ASEERVATHAM LANE, HOSPITAL ROAD, JAFFNA",Jaffna,Jaffna,A,25,9.664293,,,,,official_tourism,Information for Accommodation.csv,green grass hotel restaurant,Guest Houses.xlsx | Information for Accommodation.csv
ACC000564,GREEN HILL ELLA,Home Stay Units,"PASSARA ROAD,SAPUMALTHANNA,ELLA",Badulla,Ella Pradeshiya Sabha,STANDARD,5,,,,,,official_tourism,Information for Accommodation.csv,green hill ella,Home Stay Units.xlsx | Information for Accommodation.csv
ACC000565,GREEN HILL HOTEL,Tourist Hotels,"NO 114, WELLAWAYA ROAD, MONARAGALA",Moneragala,Kalmunai,,16,,,,,,official_tourism,Information for Accommodation.csv,green hill hotel,Information for Accommodation.csv | Tourist Hotels.xlsx
ACC000566,GREEN HOUSE RESTAURANT AND LODGING HOUSE,Guest Houses,"MUTALIYAR ROAD, AKKARAIPATTUWA 8",Ampara,AKKARAIPATTU,B,5,,,,,,official_tourism,Information for Accommodation.csv,green house restaurant and lodging house,Guest Houses.xlsx | Information for Accommodation.csv
ACC000567,GREEN INN RESTAURANT,Guest Houses,"NO.60, KANDY ROAD, CHUNDIKULI, JAFFNA",Jaffna,Jaffna,B,7,9.660214,,,,,official_tourism,Information for Accommodation.csv,green inn restaurant,Guest Houses.xlsx | Information for Accommodation.csv
ACC000568,GREEN LINE GUEST HOUSE,Guest Houses,"MOONRAM PITY, PALIYARU, MANNAR",Mannar,MC,B,6,,,,,,official_tourism,Information for Accommodation.csv,green line guest house,Guest Houses.xlsx | Information for Accommodation.csv
ACC000569,GREEN PARADISE AGRO ECO HOTEL,Tourist Hotels,"KUBUKKADANWALA,DAMBULLA.",Matale,Matale,,67,7.899706,,,,,official_tourism,Information for Accommodation.csv,green paradise agro eco hotel,Information for Accommodation.csv | Tourist Hotels.xlsx
ACC000570,GREEN RESIDENCE,Home Stay Units,"GREEN RESIDANCE, ELLA",Badulla,Ella Pradeshiya Sabha,STANDARD,3,,,,,,official_tourism,Information for Accommodation.csv,green residence,Home Stay Units.xlsx | Information for Accommodation.csv
ACC000571,GREEN REST,Guest Houses,"NO.136A,MEGODA ,THAMMITA,MAKEVITA.",Gampaha,Gampaha,C,14,,,,,,official_tourism,Information for Accommodation.csv,green rest,Guest Houses.xlsx | Information for Accommodation.csv
ACC000572,GREEN VIEW GUEST,Bangalows,"GREEN VIEW GUEST,ELLA.",Badulla,Bandarawela Pradeshiya Sabha,STANDARD,6,,,,,,official_tourism,Information for Accommodation.csv,green view guest,Bungalows.xlsx | Information for Accommodation.csv
ACC000573,GREEN VIEW HOME STAY,Home Stay Units,"631/1, SRI SUNANDA MAWATHA, UTHUWANKANDA, MAWANELLA",Kegalle,Kegalle,SUPERIOR,2,7.2502954,,,,,official_tourism,Information for Accommodation.csv,green view home stay,Home Stay Units.xlsx | Information for Accommodation.csv
ACC000574,GREEN WOOD TOURIST GUEST HOUSE,Guest Houses,ALIKANDAWATTA ELAHERA,Matale,Matale,B,6,,,,,,official_tourism,Information for Accommodation.csv,green wood tourist guest house,Guest Houses.xlsx | Information for Accommodation.csv
ACC000575,GREEN WOODS HOLIDAY INN,Guest Houses,"NO.301, BANDARAWELA ROAD, BADULLA.",Badulla,Badulla,B,14,6.990582,,,,,official_tourism,Information for Accommodation.csv,green woods holiday inn,Guest Houses.xlsx | Information for Accommodation.csv
ACC000576,GREENLANDS HOTEL,Guest Houses,"3A, SHRUBERY GARDENS, BAMBALAPITIYA, COLOMBO 04",Colombo,Colombo,A,16,,,,,,official_tourism,Information for Accommodation.csv,greenlands hotel,Guest Houses.xlsx | Information for Accommodation.csv
ACC000577,GREGORY'S BUNGALOW,Bangalows,"109, UPPER LAKE ROAD, NUWARA ELIYA",Nuwara Eliya,Nuwara Eliya,DELUXE,6,6.956362,,,,,official_tourism,Information for Accommodation.csv,gregory s bungalow,Bungalows.xlsx | Information for Accommodation.csv
ACC000578,GREYSTONES VILLA,Guest Houses,"""GREYSTONE VILLA"", DIYATALAWA",Badulla,Haputale,B,5,,,,,,official_tourism,Information for Accommodation.csv,greystones villa,Guest Houses.xlsx | Information for Accommodation.csv
ACC000579,GRINDLAYS REGENCY,Guest Houses,"RANWALA ROAD,ALAWATTE,ALAWWA",Kegalle,WARAKAPOLA,A,16,7.291324,,,,,official_tourism,Information for Accommodation.csv,grindlays regency,Guest Houses.xlsx | Information for Accommodation.csv
ACC000580,GROVE SRI LANKA,Bangalows,"DIAS WATTE, ATTAVILLU, PALAVIA, PUTTALAM",Puttalam,Puttalam Pradeshiya Sabha,DELUXE,2,7.979181,,,,,official_tourism,Information for Accommodation.csv,grove sri lanka,Bungalows.xlsx | Information for Accommodation.csv
ACC000581,GSH COLOMBO,Guest Houses,"NO. 382, GALLE ROAD, COLOMBO 06",Colombo,Colombo,A,32,6.867818,,,,,official_tourism,Information for Accommodation.csv,gsh colombo,Guest Houses.xlsx | Information for Accommodation.csv
ACC000582,GULANAHENA TEA ESTATE BUNGALOW,Bangalows,"GULANAHENA TEA ESTATE,NILGAHAHENA,THINIYAWALA",Kalutara,Palindanuwara Pradeshiya Sabha,STANDARD,3,6.404352,,,,,official_tourism,Information for Accommodation.csv,gulanahena tea estate bungalow,Bungalows.xlsx | Information for Accommodation.csv
ACC000583,GUNNERS' CLUB,Guest Houses,"ARTILLERY COMPLEX ,MINNERIYA",Polonnaruwa,Hingurakgoda Pradeshiya Sabha,A,16,8.061251,,,,,official_tourism,Information for Accommodation.csv,gunners club,Guest Houses.xlsx | Information for Accommodation.csv
ACC000584,GURULUPOTHA REST HOUSE,Guest Houses,"GURULUPOTHA, HASALAKA.",Kandy,Kandy,A,4,,,,,,official_tourism,Information for Accommodation.csv,gurulupotha rest house,Guest Houses.xlsx | Information for Accommodation.csv
ACC000585,HABARADUWA HOUSE VILLA,Guest Houses,"HADYWATTA,HABARADUWA,GALLE",Galle,Habaraduwa,A,5,,,,,,official_tourism,Information for Accommodation.csv,habaraduwa house villa,Guest Houses.xlsx | Information for Accommodation.csv
ACC000586,HABARANA REST HOUSE,Guest Houses,HABARANA,Anuradhapura,Dambulla Pradeshiya Sabha,B,4,,,,,,official_tourism,Information for Accommodation.csv,habarana rest house,Guest Houses.xlsx | Information for Accommodation.csv
ACC000587,HABARANA VILLAGE BY CINNAMON,Classified Hotels( 1-5 Star),"P.O. BOX. 01, HABARANA.",Anuradhapura,Hingurakgoda Pradeshiya Sabha,FOUR,108,8.036549,,,,,official_tourism,Information for Accommodation.csv,habarana village by cinnamon,Classified Hotels( 1-5 Star).xlsx | Information for Accommodation.csv
ACC000588,HAGGAI TOURIST BUNGALOW,Bangalows,"NO 20, HALGASWATTE LANE, KIRULAPONE, COLOMBO 06",Colombo,Colombo,DELUXE,5,,,,,,official_tourism,Information for Accommodation.csv,haggai tourist bungalow,Bungalows.xlsx | Information for Accommodation.csv
ACC000589,HALA HOUSE COLOMBO,Bangalows,"NO 7, KOTHALAWALA GARDENS, COLOMBO 4",Colombo,Colombo,DELUXE,9,,,,,,official_tourism,Information for Accommodation.csv,hala house colombo,Bungalows.xlsx | Information for Accommodation.csv
ACC000590,HAMILTON DELI,Guest Houses,"NO:2,ASARAPPA ROAD,NEGAMBO",Gampaha,Negombo,A,8,7.21129,,,,,official_tourism,Information for Accommodation.csv,hamilton deli,Guest Houses.xlsx | Information for Accommodation.csv
ACC000591,HAMSAAM VILLA,Home Stay Units,"NO:35/1 A,NEW DUTCH BAR ROAD,KALLADY,BATTICALOA",Batticaloa,Batticaloa,STANDARD,3,,,,,,official_tourism,Information for Accommodation.csv,hamsaam villa,Home Stay Units.xlsx | Information for Accommodation.csv
ACC000592,HANDY LODGE,Home Stay Units,"176, POLWATTE ROAD, PAMUNUWA, MAHARAGAMA",Colombo,Colombo,STANDARD,4,,,,,,official_tourism,Information for Accommodation.csv,handy lodge,Home Stay Units.xlsx | Information for Accommodation.csv
ACC000593,HANGTIME,Guest Houses,"540, WALIGAMA BYOASS ROAD, WELIGAMA",Matara,Matara,B,8,5.972947,,,,,official_tourism,Information for Accommodation.csv,hangtime,Guest Houses.xlsx | Information for Accommodation.csv
ACC000594,HANGURANKETHA REST HOUSE,Guest Houses,"REST HOUSE, HANGURANKETHA.",Nuwara Eliya,Nuwara Eliya,B,4,,,,,,official_tourism,Information for Accommodation.csv,hanguranketha rest house,Guest Houses.xlsx | Information for Accommodation.csv
ACC000595,HANSA HOLIDAY REST,Guest Houses,"NO 5/1, WEWALA KANDA, WEWALA - HORANA",Kalutara,Horana Pradeshiya Sabha,A,15,6.701054,,,,,official_tourism,Information for Accommodation.csv,hansa holiday rest,Guest Houses.xlsx | Information for Accommodation.csv
ACC000596,HANTAHANA HOLIDAY ROOMS,Home Stay Units,"NO. 13/B/15/1, N. H. S. HANTANA, KANDY",Kandy,Gagawata Koralya,DELUXE,5,7.2749143,,,,,official_tourism,Information for Accommodation.csv,hantahana holiday rooms,Home Stay Units.xlsx | Information for Accommodation.csv
ACC000597,HANTANA HOME STAY,Home Stay Units,"11 B3/1A/2, UPPER WATER TANK ROAD, HANTANA HOUSING SCHEME, HANTANA, KANDY",Kandy,Kandy,STANDARD,2,7.2756388,,,,,official_tourism,Information for Accommodation.csv,hantana home stay,Home Stay Units.xlsx | Information for Accommodation.csv
ACC000598,HANTANA RANGE VIEW,Home Stay Units,"47, GEORGE DE SILVA MAWATHA, KANDY",Kandy,Kandy,DELUXE,3,7.284343,,,,,official_tourism,Information for Accommodation.csv,hantana range view,Home Stay Units.xlsx | Information for Accommodation.csv
ACC000599,HANTANE SHADOW RESORT,Tourist Hotels,"SPRING HILL ESTATE,HEERASSAGALA,KANDY",Kandy,Kandy,,11,7.261332,,,,,official_tourism,Information for Accommodation.csv,hantane shadow resort,Information for Accommodation.csv | Tourist Hotels.xlsx
ACC000600,HANTHANA HOUSE,Home Stay Units,"108, THAPODARAMA ROOAD, HANTHANA, KANDY",Kandy,Gagawata Koralya,DELUXE,4,7.2750592,,,,,official_tourism,Information for Accommodation.csv,hanthana house,Home Stay Units.xlsx | Information for Accommodation.csv
ACC000601,HANWELLA REST HOUSE,Guest Houses,HANWELLA,Colombo,Seethawaka Pradeshiya Sabha,B,8,6.910321,,,,,official_tourism,Information for Accommodation.csv,hanwella rest house,Guest Houses.xlsx | Information for Accommodation.csv
ACC000602,HAPPY GUEST HOUSE,Guest Houses,"NO:190/4,NEW ROAD,HUNUPITIYA,WATTALA",Gampaha,Kelaniya Pradeshiya Sabha,A,35,,,,,,official_tourism,Information for Accommodation.csv,happy guest house,Guest Houses.xlsx | Information for Accommodation.csv
ACC000603,HAPPY KENT HOTEL,Guest Houses,"MAHASENPURA,KATARAGAMA RD,TISSAMAHARAMA",Hambantota,Hambantota,B,19,6.292301,,,,,official_tourism,Information for Accommodation.csv,happy kent hotel,Guest Houses.xlsx | Information for Accommodation.csv
ACC000604,HAPPY LEONI HOTEL,Guest Houses,"NO 329/6,MAHAWELA WATHTHA,5TH LANE,MEHENTHALE ROAD,ANURADHAPURA",Anuradhapura,Anuradhapura,A,10,8.353516,,,,,official_tourism,Information for Accommodation.csv,happy leoni hotel,Guest Houses.xlsx | Information for Accommodation.csv
ACC000605,HAPPY PANDA,Home Stay Units,"ARUGAMBAY,POTTUVIL 18.",Ampara,Ampara,STANDARD,3,6.84312,,,,,official_tourism,Information for Accommodation.csv,happy panda,Home Stay Units.xlsx | Information for Accommodation.csv
ACC000606,HAREESHA HOLIDAY RESORT,Guest Houses,"IMADUWA ROAD,YAKKALAMULLA",Galle,Galle,A,23,6.102983,,,,,official_tourism,Information for Accommodation.csv,hareesha holiday resort,Guest Houses.xlsx | Information for Accommodation.csv
ACC000607,HARIDRA RESORT & SPA,Tourist Hotels,"921,PARALLEL ROAD,POHODDARAMULLA,WADDUWA.",Kalutara,Kalutara Pradeshiya Sabha,,32,6.644964,,,,,official_tourism,Information for Accommodation.csv,haridra resort spa,Information for Accommodation.csv | Tourist Hotels.xlsx
ACC000608,HARITHA COTTAGE,Home Stay Units,"60/Q/3 LUMBINI GARDENS LUMBINI MAWATHA,DALUGAMA,KELANIYA",Gampaha,Kelaniya Pradeshiya Sabha,SUPERIOR,2,6.975736,,,,,official_tourism,Information for Accommodation.csv,haritha cottage,Home Stay Units.xlsx | Information for Accommodation.csv
ACC000609,HARMONY BEACH HOTEL,Home Stay Units,"SIINA ULLAI,ARUGAMBAY,POTTUVIL-P/18",Ampara,Ampara,STANDARD,5,6.8499967,,,,,official_tourism,Information for Accommodation.csv,harmony beach hotel,Home Stay Units.xlsx | Information for Accommodation.csv
ACC000610,HARTLAND CITY,Guest Houses,"PUWAKWATTA JUNCTION,PADUKKA ROAD,MEEGODA",Colombo,Homagama Pradeshiya Sabha,B,5,,,,,,official_tourism,Information for Accommodation.csv,hartland city,Guest Houses.xlsx | Information for Accommodation.csv
ACC000611,HASARA GUEST HOUSE,Guest Houses,"NO.01, WEKUNUGODA ROAD, GALLE.",Galle,Galle,A,20,6.04959,,,,,official_tourism,Information for Accommodation.csv,hasara guest house,Guest Houses.xlsx | Information for Accommodation.csv
ACC000612,HATALE BUNGALOW,Bangalows,"392, MAIN STREET, MATALE",Kandy,Kandy,DELUXE,5,7.374981,,,,,official_tourism,Information for Accommodation.csv,hatale bungalow,Bungalows.xlsx | Information for Accommodation.csv
ACC000613,HAUS CHANDRA HOTEL,Guest Houses,"NO.37,BEACH ROAD,MT.LAVINIA",Colombo,Dehiwala-Mount Lavinia,A,16,6.842547,,,,,official_tourism,Information for Accommodation.csv,haus chandra hotel,Guest Houses.xlsx | Information for Accommodation.csv
ACC000614,HAVELOCK SANCTUARY,Bangalows,"425/15, HAVELOCK ROAD, COLOMBO 06.",Colombo,Colombo,DELUXE,3,6.879174,,,,,official_tourism,Information for Accommodation.csv,havelock sanctuary,Bungalows.xlsx | Information for Accommodation.csv
ACC000615,HAWALLI VILLA,Bangalows,"492/2, PERADENIYA ROAD, KANDY",Kandy,Kandy,SUPERIOR,2,7.282176,,,,,official_tourism,Information for Accommodation.csv,hawalli villa,Bungalows.xlsx | Information for Accommodation.csv
ACC000616,HAWK HOLIDAYS,Rented Apartments,"20 2/3, REGENT BUILDING,REGENT FLATS, PARSONS ROAD,COLOMBO 02",Colombo,Colombo,STANDARD,3,,,,,,official_tourism,Information for Accommodation.csv,hawk holidays,Information for Accommodation.csv | Rented Apartments.xlsx
ACC000617,HEATHWOOD,Home Stay Units,"26/1, SIR MARCUS FERNANDO MAWATHA, COLOMBO7",Colombo,Colombo,SUPERIOR,3,,,,,,official_tourism,Information for Accommodation.csv,heathwood,Home Stay Units.xlsx | Information for Accommodation.csv
ACC000618,HEAVEN BY O,Bangalows,"24/4,YADDEHIMULLA ROAD, UNAWATUNA,GALLE",Galle,Habaraduwa,DELUXE,8,6.010155,,,,,official_tourism,Information for Accommodation.csv,heaven by o,Bungalows.xlsx | Information for Accommodation.csv
ACC000619,HEAVEN SEVEN,Guest Houses,"NO 24,HADON HILL ROAD,NUWARA ELIYA",Nuwara Eliya,Nuwara Eliya,A,11,6.962279,,,,,official_tourism,Information for Accommodation.csv,heaven seven,Guest Houses.xlsx | Information for Accommodation.csv
ACC000620,HEAVEN UPON RICE FIELDS,Home Stay Units,"3/3 A NUWARAVEWA WATHTHA, MIHINTHALA ROAD, JAFFNA JUNCTION, ANURADAPURA.",Anuradhapura,Anuradhapura,SUPERIOR,3,8.35,,,,,official_tourism,Information for Accommodation.csv,heaven upon rice fields,Home Stay Units.xlsx | Information for Accommodation.csv
ACC000621,HELGAS FOLLY,Tourist Hotels,"NO.70,RAJAPIHILLA MAWATHA,KANDY.",Kandy,Kandy,,25,7.284489,,,,,official_tourism,Information for Accommodation.csv,helgas folly,Information for Accommodation.csv | Tourist Hotels.xlsx
ACC000622,HEMADAN,Guest Houses,"NO:25,RIVER AVENUE,ALUTHGAMA",Kalutara,Beruwala Pradeshiya Sabha,A,10,6.42923,,,,,official_tourism,Information for Accommodation.csv,hemadan,Guest Houses.xlsx | Information for Accommodation.csv
ACC000623,HERIN GREEN HOUSE,Home Stay Units,"NO.33/1A,SEMANARYA ROAD, KITHULAMPITIYA,GALLE",Galle,Bope,STANDARD,2,6.0608002,,,,,official_tourism,Information for Accommodation.csv,herin green house,Home Stay Units.xlsx | Information for Accommodation.csv
ACC000624,HERITAGE BUNGALOW (PVT) LTD,Bangalows,"NO 59, MIRISWATTE, PUWAKPITIYA",Colombo,Seethawaka Pradeshiya Sabha,SUPERIOR,3,,,,,,official_tourism,Information for Accommodation.csv,heritage bungalow pvt ltd,Bungalows.xlsx | Information for Accommodation.csv
ACC000625,HERITAGE GARDEN,Guest Houses,"NO:687,GALLE ROAD,MOLLIGODA,WADDUWA,",Kalutara,Panadura Pradeshiya Sabha,B,5,6.66238,,,,,official_tourism,Information for Accommodation.csv,heritage garden,Guest Houses.xlsx | Information for Accommodation.csv
ACC000626,HERITAGE LIFE,Bangalows,"46/100,. KASAPAGAMA, PIDURANGALA, SIGIRIYA",Matale,Dambulla Pradeshiya Sabha,DELUXE,3,,,,,,official_tourism,Information for Accommodation.csv,heritage life,Bungalows.xlsx | Information for Accommodation.csv
ACC000627,HERITANCE AHUNGALLE,Classified Hotels( 1-5 Star),AHUNGALLE,Galle,Galle,FIVE,154,6.31218,,,,,official_tourism,Information for Accommodation.csv,heritance ahungalle,Classified Hotels( 1-5 Star).xlsx | Information for Accommodation.csv
ACC000628,HERITANCE AYURVEDA MAHAGEDARA,Tourist Hotels,"GALLE ROAD,MORAGALLE,BERUWALA",Kalutara,Beruwala Pradeshiya Sabha,,64,6.446616,,,,,official_tourism,Information for Accommodation.csv,heritance ayurveda mahagedara,Information for Accommodation.csv | Tourist Hotels.xlsx
ACC000629,HERITANCE KANDALAMA,Classified Hotels( 1-5 Star),"P.O. BOX 11, DAMBULLA.",Matale,Matale,FIVE,162,7.871055,,,,,official_tourism,Information for Accommodation.csv,heritance kandalama,Classified Hotels( 1-5 Star).xlsx | Information for Accommodation.csv
ACC000630,HERITANCE NEGOMBO,Classified Hotels( 1-5 Star),"NO.175,LEWIS PLACE,NEGOMBO.",Gampaha,Negombo,FIVE,140,7.208799,,,,,official_tourism,Information for Accommodation.csv,heritance negombo,Classified Hotels( 1-5 Star).xlsx | Information for Accommodation.csv
ACC000631,HERITANCE TEA FACTORY,Classified Hotels( 1-5 Star),"KANDAPOLA, NUWARAELIYA",Nuwara Eliya,Nuwara Eliya,FOUR,57,6.991101,,,,,official_tourism,Information for Accommodation.csv,heritance tea factory,Classified Hotels( 1-5 Star).xlsx | Information for Accommodation.csv
ACC000632,HERONDALE BUNGALOW,Heritage Bungalows,"HERONDALE ESTATE, A2 ESTATE - BLOCK 02, NAGASTENNE ROAD, RAMBUKPITIYA, NAWALAPITIYA",Kandy,Kandy,DELUXE,4,,,,,,official_tourism,Information for Accommodation.csv,herondale bungalow,Heritage Bungalow.xlsx | Information for Accommodation.csv
ACC000633,HESHAN HOLIDAY REST,Guest Houses,"740/5,ROMIYAL MAWATHA,PANAGODA,HOMAGAMA",Colombo,Homagama Pradeshiya Sabha,B,15,6.855338,,,,,official_tourism,Information for Accommodation.csv,heshan holiday rest,Guest Houses.xlsx | Information for Accommodation.csv
ACC000634,HETTIARACHCHI FAMILY RESTURANT & GUEST HOUSE,Guest Houses,"NO 151,MATHUGAMA ROAD,PELAWATHTHA",Kalutara,Walallawita Pradeshiya Sabha,A,6,,,,,,official_tourism,Information for Accommodation.csv,hettiarachchi family resturant guest house,Guest Houses.xlsx | Information for Accommodation.csv
ACC000635,HEVENLY HOME,Home Stay Units,"NO 14/16,UPPER LAKE ROAD,NUWARA ELIYA",Nuwara Eliya,Nuwara Eliya,SUPERIOR,2,6.9633029,,,,,official_tourism,Information for Accommodation.csv,hevenly home,Home Stay Units.xlsx | Information for Accommodation.csv
ACC000636,HIBISCUS BEACH HOTEL,Classified Hotels( 1-5 Star),"MAHAWASKADUWA,KALUTARA NORTH,KALUTHARA",Kalutara,Kalutara Pradeshiya Sabha,ONE,51,6.615207,,,,,official_tourism,Information for Accommodation.csv,hibiscus beach hotel,Classified Hotels( 1-5 Star).xlsx | Information for Accommodation.csv
ACC000637,HIDE AWAY,Home Stay Units,"5/1, UDYANA MAWATHA, NUGEGODA",Colombo,Colombo,STANDARD,2,,,,,,official_tourism,Information for Accommodation.csv,hide away,Home Stay Units.xlsx | Information for Accommodation.csv
ACC000638,HIDEAWAY RESORT,Guest Houses,"ULLE, POTTUVIL",Ampara,Ampara,B,13,6.841615,,,,,official_tourism,Information for Accommodation.csv,hideaway resort,Guest Houses.xlsx | Information for Accommodation.csv
ACC000639,HIGH CLIFFE HOTEL,Guest Houses,"NO.15,STATION ROAD,,HAPUTHALE",Badulla,Haputale,B,9,6.768795,,,,,official_tourism,Information for Accommodation.csv,high cliffe hotel,Guest Houses.xlsx | Information for Accommodation.csv
ACC000640,HIGHLAND VILLA,Boutique Hotels,"351, ABIMANGAMA ROAD, KUMBALGAMA, WELIGAMA",Matara,Weligama Divisional Secretariat,,10,5.960334,,,,,official_tourism,Information for Accommodation.csv,highland villa,Boutique Hotels.xlsx | Information for Accommodation.csv
ACC000641,HIKKADUWA BEACH HOTEL,Tourist Hotels,"298,GALLE ROAD,HIKKADUWA",Galle,Hikkaduwa,,52,6.138497,,,,,official_tourism,Information for Accommodation.csv,hikkaduwa beach hotel,Information for Accommodation.csv | Tourist Hotels.xlsx
ACC000642,HILL CLUB,Tourist Hotels,"29,GRAND HOTEL ROAD,NUWARAELIYA",Nuwara Eliya,Nuwara Eliya,,39,6.970311,,,,,official_tourism,Information for Accommodation.csv,hill club,Information for Accommodation.csv | Tourist Hotels.xlsx
ACC000643,HILL CREST VILLA,Bangalows,"3, HILL CREST VILLA GREEN, UDA PERADENIYA, KANDY",Kandy,Kandy,SUPERIOR,5,7.257661,,,,,official_tourism,Information for Accommodation.csv,hill crest villa,Bungalows.xlsx | Information for Accommodation.csv
ACC000644,HILL HOUSE - KANDY,Guest Houses,"NO:60/83,INNER CIRCULAR ROAD,ANIWATE,KANDY",Kandy,Kandy,A,11,7.283531,,,,,official_tourism,Information for Accommodation.csv,hill house kandy,Guest Houses.xlsx | Information for Accommodation.csv
ACC000645,HILL SAFARI,Bangalows,"LOWER BRAY ESTATE, OHIYA",Badulla,Welimada Pradeshiya Sabha,STANDARD,5,6.797426,,,,,official_tourism,Information for Accommodation.csv,hill safari,Bungalows.xlsx | Information for Accommodation.csv
ACC000646,HILL TOP HOLIDAY INN,Guest Houses,"NO. 150, KANDALANDA, HIGH LEVEL ROAD, HOMAGAMA",Colombo,Homagama Pradeshiya Sabha,B,10,,,,,,official_tourism,Information for Accommodation.csv,hill top holiday inn,Guest Houses.xlsx | Information for Accommodation.csv
ACC000647,HILL WAY TOUR INN,Bangalows,"102 1/1, RAJAPIHILLAWA MAWATHA, KANDY",Kandy,Kandy,STANDARD,5,7.283988,,,,,official_tourism,Information for Accommodation.csv,hill way tour inn,Bungalows.xlsx | Information for Accommodation.csv
ACC000648,HILTON COLOMBO RESIDENCE,Classified Hotels( 1-5 Star),"NO. 200, UNION PLACE, COLOMBO 02",Colombo,Colombo,FOUR,176,6.920386,,,,,official_tourism,Information for Accommodation.csv,hilton colombo residence,Classified Hotels( 1-5 Star).xlsx | Information for Accommodation.csv
ACC000649,HILTON-COLOMBO,Classified Hotels( 1-5 Star),"LOTUS ROAD,ECHELON SQUARE,COLOMBO 01",Colombo,Colombo,FIVE,382,6.932248,,,,,official_tourism,Information for Accommodation.csv,hilton colombo,Classified Hotels( 1-5 Star).xlsx | Information for Accommodation.csv
ACC000650,HINIDUMA REST HOUSE,Guest Houses,"REST HOUSE,HINIDUMA",Galle,Galle,B,3,6.304647,,,,,official_tourism,Information for Accommodation.csv,hiniduma rest house,Guest Houses.xlsx | Information for Accommodation.csv
ACC000651,HOLIDAY NEST,Home Stay Units,"20/1A, 3RD LANE,DALADAWATTA ROAD, THALPITIYA,WADDUWA",Kalutara,Panadura Pradeshiya Sabha,SUPERIOR,4,6.675791,,,,,official_tourism,Information for Accommodation.csv,holiday nest,Home Stay Units.xlsx | Information for Accommodation.csv
ACC000652,HOLIDAY RESIDENT SEREDEEP,Rented Apartments,"70/2, BADDAGANA NORTH, KOTTE",Colombo,Colombo,SUPERIOR,1,,,,,,official_tourism,Information for Accommodation.csv,holiday resident seredeep,Information for Accommodation.csv | Rented Apartments.xlsx
ACC000653,HOLIDAY STAY INN,Home Stay Units,"NO. 100/7B, GEORGE E DE SILVA MAWATHA, KANDY VIEW GARDEN, KANDY",Kandy,Gagawata Koralya,SUPERIOR,3,7.2874246,,,,,official_tourism,Information for Accommodation.csv,holiday stay inn,Home Stay Units.xlsx | Information for Accommodation.csv
ACC000654,HOME AWAY FROM HOME,Home Stay Units,"154/8, ERIYAGAMA, PERADENIYA",Kandy,Kandy,SUPERIOR,2,7.265275,,,,,official_tourism,Information for Accommodation.csv,home away from home,Home Stay Units.xlsx | Information for Accommodation.csv
ACC000655,HOME FROM HOME,Bangalows,"NO 42/2,RUPASIRI MAWATHA,MIRIHANA NUGEGODA",Colombo,Kotte Muncipal Council,DELUXE,3,6.864908,,,,,official_tourism,Information for Accommodation.csv,home from home,Bungalows.xlsx | Information for Accommodation.csv
ACC000656,HOME STAY - KOTTE,Home Stay Units,"237/9B, WIJAYA MW, RAJAMAHA VIHARA ROAD, PITA KOTTE.",Colombo,Maharagama,SUPERIOR,2,,,,,,official_tourism,Information for Accommodation.csv,home stay kotte,Home Stay Units.xlsx | Information for Accommodation.csv
ACC000657,HOME STAY MATARA,Rented Apartments,"1/9 B, BROWNS HILL, MATARA",Matara,Matara,SUPERIOR,3,5.943112,,,,,official_tourism,Information for Accommodation.csv,home stay matara,Information for Accommodation.csv | Rented Apartments.xlsx
ACC000658,HOME STAY ON THE FOURTH,Home Stay Units,"NO 30, 4TH LANE, RATMALANA",Colombo,Dehiwala-Mount Lavinia,SUPERIOR,2,,,,,,official_tourism,Information for Accommodation.csv,home stay on the fourth,Home Stay Units.xlsx | Information for Accommodation.csv
ACC000659,HOME STAY STRAND,Home Stay Units,"218, YADDEHIMULLA ROAD, UNAWATUNA",Galle,Habaraduwa,STANDARD,5,6.0095014,,,,,official_tourism,Information for Accommodation.csv,home stay strand,Home Stay Units.xlsx | Information for Accommodation.csv
ACC000660,HOMELY GUEST HOUSE,Guest Houses,"GOLAHENAWATTE JUNCTION,MAHAWELA 21140,MATALE",Matale,Matale,A,9,,,,,,official_tourism,Information for Accommodation.csv,homely guest house,Guest Houses.xlsx | Information for Accommodation.csv
ACC000661,HONORS CLUB,Guest Houses,"NO.351,PORUTHOTA ROAD,PALANGATURE,KOCHCHIKADE,NEGOMBO.",Gampaha,Negombo,A,30,,,,,,official_tourism,Information for Accommodation.csv,honors club,Guest Houses.xlsx | Information for Accommodation.csv
ACC000662,HORAKELLE ESTATE,Bangalows,"BLOCK NO 2, PALLIYAPITIYA, DUNAGAHA.",Gampaha,Gampaha,DELUXE,9,7.251445,,,,,official_tourism,Information for Accommodation.csv,horakelle estate,Bungalows.xlsx | Information for Accommodation.csv
ACC000663,HORENADUWA VILLA,Home Stay Units,"193/16, KADUWELA ROAD, THALANGAMA NORTH, BATTARAMULLA",Colombo,Kaduwela Pradeshiya Sabha,SUPERIOR,2,,,,,,official_tourism,Information for Accommodation.csv,horenaduwa villa,Home Stay Units.xlsx | Information for Accommodation.csv
ACC000664,HORIZON HILL HOTEL,Guest Houses,"NO.33,GOTABAYA MAWATHA,HUNUPITIYA,WATTALA",Gampaha,Kelaniya Pradeshiya Sabha,A,12,6.982057,,,,,official_tourism,Information for Accommodation.csv,horizon hill hotel,Guest Houses.xlsx | Information for Accommodation.csv
ACC000665,HORIZON TOUR INN,Guest Houses,"NO. 204/8, GANEMULLA ROAD, BATAGAMA NORTH,WELIGAMPITIYA, JA-ELA",Gampaha,Gampaha,A,10,,,,,,official_tourism,Information for Accommodation.csv,horizon tour inn,Guest Houses.xlsx | Information for Accommodation.csv
ACC000666,HOSANNA KITE BEACH RESORT,Guest Houses,"KUDAWA, KANDAKULIYA, KALPITIYA",Puttalam,Kalpitiya Pradeshiya Sabha,C,9,8.225591,,,,,official_tourism,Information for Accommodation.csv,hosanna kite beach resort,Guest Houses.xlsx | Information for Accommodation.csv
ACC000667,HOTEL ALAKAMANDA,Guest Houses,"NO:11/1,NAGASENA MAWATHA,ANURADHAPURA",Anuradhapura,Anuradhapura,A,6,8.308622,,,,,official_tourism,Information for Accommodation.csv,hotel alakamanda,Guest Houses.xlsx | Information for Accommodation.csv
ACC000668,HOTEL ASHFORD - NUWARA ELIYA,Guest Houses,"WELIMADA ROAD, SEETHA ELIYA, NUWARA ELIYA",Nuwara Eliya,Nuwara Eliya,A,20,6.934051,,,,,official_tourism,Information for Accommodation.csv,hotel ashford nuwara eliya,Guest Houses.xlsx | Information for Accommodation.csv
ACC000669,HOTEL ATHGIRI,Classified Hotels( 1-5 Star),"NO. 344-350, KANDY ROAD, KURUNEGALA",Kurunegala,Kurunegala,ONE,23,7.479005,,,,,official_tourism,Information for Accommodation.csv,hotel athgiri,Classified Hotels( 1-5 Star).xlsx | Information for Accommodation.csv
ACC000670,HOTEL ATLANTIC,Guest Houses,"237,GALLE ROAD,COLOMBO 4",Colombo,Colombo,B,16,,,,,,official_tourism,Information for Accommodation.csv,hotel atlantic,Guest Houses.xlsx | Information for Accommodation.csv
ACC000671,HOTEL BABIE & CATERS,Guest Houses,"DALADAGAMA,BALALLA,MAHO",Kurunegala,Kurunegala,B,18,7.810201,,,,,official_tourism,Information for Accommodation.csv,hotel babie caters,Guest Houses.xlsx | Information for Accommodation.csv
ACC000672,HOTEL BENTOTA VILLAGE,Classified Hotels( 1-5 Star),"ALWIS ROAD,WARAHENA,BENTOTA",Galle,Bentota Pradeshiya Sabha,TWO,14,6.406818,,,,,official_tourism,Information for Accommodation.csv,hotel bentota village,Classified Hotels( 1-5 Star).xlsx | Information for Accommodation.csv
ACC000673,HOTEL BINOTA,Guest Houses,NO 21. BONAVISTA ROAD. KELEGALA. NUWARA ELIYA,Nuwara Eliya,Nuwara Eliya,A,9,6.955417,,,,,official_tourism,Information for Accommodation.csv,hotel binota,Guest Houses.xlsx | Information for Accommodation.csv
ACC000674,HOTEL BLUE NOTE,Guest Houses,"NO. 424, GALLE ROAD, HIKKADUWA",Galle,Hikkaduwa,B,9,6.12801,,,,,official_tourism,Information for Accommodation.csv,hotel blue note,Guest Houses.xlsx | Information for Accommodation.csv
ACC000675,HOTEL BLUE SKY,Guest Houses,"NO. 242, NEGOMBO ROAD, PUWAKGASHANDIYA, KURUNEGALA",Kurunegala,Kurunegala,A,18,,,,,,official_tourism,Information for Accommodation.csv,hotel blue sky,Guest Houses.xlsx | Information for Accommodation.csv
ACC000676,HOTEL BRIDGE VIEW,Guest Houses,"63/24,NEW DUTCH BAR ROAD,KALLADY,BATTICALOA",Batticaloa,Batticaloa,B,21,7.721854,,,,,official_tourism,Information for Accommodation.csv,hotel bridge view,Guest Houses.xlsx | Information for Accommodation.csv
ACC000677,HOTEL CANBO,Guest Houses,"NO.98,MAHIYANGANA ROAD,BIBILE",Moneragala,,A,9,7.164342,,,,,official_tourism,Information for Accommodation.csv,hotel canbo,Guest Houses.xlsx | Information for Accommodation.csv
ACC000678,HOTEL CANOLACK,Guest Houses,"NO.10,PILANA ROAD,HABARADUWA.",Galle,Habaraduwa,A,8,5.99471,,,,,official_tourism,Information for Accommodation.csv,hotel canolack,Guest Houses.xlsx | Information for Accommodation.csv
ACC000679,HOTEL CASAMARA,Classified Hotels( 1-5 Star),"NO.12, KATUGODELLA VIDIYA, KANDY.",Kandy,Kandy,TWO,33,7.293367,,,,,official_tourism,Information for Accommodation.csv,hotel casamara,Classified Hotels( 1-5 Star).xlsx | Information for Accommodation.csv
ACC000680,HOTEL CHAMILA,Classified Hotels( 1-5 Star),"NO.85,TISSA ROAD,DETAGAMWA KATARAGAMA.",Moneragala,Thissamaharama,ONE,50,6.416999817,,,,,official_tourism,Information for Accommodation.csv,hotel chamila,Classified Hotels( 1-5 Star).xlsx | Information for Accommodation.csv
ACC000681,HOTEL CHAMPIS,Guest Houses,"KEGALLE ROAD,HIRIWADUNNA",Kegalle,Rambukkana Pradeshiya Sabha,A,8,,,,,,official_tourism,Information for Accommodation.csv,hotel champis,Guest Houses.xlsx | Information for Accommodation.csv
ACC000682,HOTEL CHANDRIKA,Tourist Hotels,"KATARAGAMA ROAD, TISSAMAHARAMA",Hambantota,Hambantota,,20,6.412938,,,,,official_tourism,Information for Accommodation.csv,hotel chandrika,Information for Accommodation.csv | Tourist Hotels.xlsx
ACC000683,HOTEL CHATHUMEDURA VILLAGE INN,Tourist Hotels,"NO.258/1,IHALAYAGODA,YAGODA",Gampaha,Gampaha,,22,7.053018,,,,,official_tourism,Information for Accommodation.csv,hotel chathumedura village inn,Information for Accommodation.csv | Tourist Hotels.xlsx
ACC000684,HOTEL CHATHUNA,Guest Houses,"167, BAR ROAD, BATTICALOA",Batticaloa,Batticaloa,B,12,7.727078,,,,,official_tourism,Information for Accommodation.csv,hotel chathuna,Guest Houses.xlsx | Information for Accommodation.csv
ACC000685,HOTEL CLARION,Guest Houses,"NO 103, KANDY ROAD, KIRIBATHGODA",Gampaha,Kelaniya Pradeshiya Sabha,A,31,6.983531,,,,,official_tourism,Information for Accommodation.csv,hotel clarion,Guest Houses.xlsx | Information for Accommodation.csv
ACC000686,HOTEL COCKPIT,Guest Houses,"660/36,ARALIYA LANE,LIYANAGEMULLA,SEEDUWA.",Gampaha,Gampaha,B,5,7.14831,,,,,official_tourism,Information for Accommodation.csv,hotel cockpit,Guest Houses.xlsx | Information for Accommodation.csv
ACC000687,HOTEL COUNTRY COMFORT,Tourist Hotels,"32,POLICE STATION ROAD,ELLA",Badulla,Ella Pradeshiya Sabha,,18,6.876185,,,,,official_tourism,Information for Accommodation.csv,hotel country comfort,Information for Accommodation.csv | Tourist Hotels.xlsx
ACC000688,HOTEL CROWN FIELD,Guest Houses,"KURUNEGALA ROAD,NARAMMALA",Kurunegala,Kurunegala,A,8,7.43409,,,,,official_tourism,Information for Accommodation.csv,hotel crown field,Guest Houses.xlsx | Information for Accommodation.csv
ACC000689,HOTEL DAMBADENIYA,Guest Houses,"ATURUWALA, DAMBADENIYA.",Kurunegala,Kurunegala,A,5,,,,,,official_tourism,Information for Accommodation.csv,hotel dambadeniya,Guest Houses.xlsx | Information for Accommodation.csv
ACC000690,HOTEL DEKATANA VILLAGE,Guest Houses,"NO.126, MALWANA ROAD, DEKATANA.",Gampaha,Dompe Pradeshiya Sabha,B,10,,,,,,official_tourism,Information for Accommodation.csv,hotel dekatana village,Guest Houses.xlsx | Information for Accommodation.csv
ACC000691,HOTEL DHAMMIKA,Guest Houses,"YADDEHIMULLA ROAD, UNAWATUNA, GALLE",Galle,Habaraduwa,B,6,6.009779,,,,,official_tourism,Information for Accommodation.csv,hotel dhammika,Guest Houses.xlsx | Information for Accommodation.csv
ACC000692,HOTEL DULYANA,Classified Hotels( 1-5 Star),"488/18,MAITHREEPALA SENANAYAKE MW,ANURADHAPURA",Anuradhapura,Anuradhapura,TWO,30,8.325802,,,,,official_tourism,Information for Accommodation.csv,hotel dulyana,Classified Hotels( 1-5 Star).xlsx | Information for Accommodation.csv
ACC000693,HOTEL EAST LAGOON,Tourist Hotels,"MUNAI LANE,UPPODAI LAKE ROAD,SINNA UPPODAI,BATICALOA",Batticaloa,Batticaloa,,45,7.728728,,,,,official_tourism,Information for Accommodation.csv,hotel east lagoon,Information for Accommodation.csv | Tourist Hotels.xlsx
ACC000694,HOTEL EDEN GARDEN,Tourist Hotels,"SIGIRIYA ROAD,INAMALUWA,DAMBULLA",Matale,Dambulla Pradeshiya Sabha,,36,7.929571,,,,,official_tourism,Information for Accommodation.csv,hotel eden garden,Information for Accommodation.csv | Tourist Hotels.xlsx
ACC000695,HOTEL ELEPHANT BAY,Guest Houses,"PINNAWALA, RAMBUKKANA",Kegalle,Rambukkana Pradeshiya Sabha,A,20,,,,,,official_tourism,Information for Accommodation.csv,hotel elephant bay,Guest Houses.xlsx | Information for Accommodation.csv
ACC000696,HOTEL ELEPHANT VIEW,Guest Houses,"PINNAWALA, RAMBUKKANA",Kegalle,Rambukkana Pradeshiya Sabha,A,4,7.298837,,,,,official_tourism,Information for Accommodation.csv,hotel elephant view,Guest Houses.xlsx | Information for Accommodation.csv
ACC000697,HOTEL EURO LANKA,Guest Houses,"29, MILAGIRIYA AVENUE, (MARINE DRIVE), COLOMBO 04",Colombo,Colombo,A,35,6.888464,,,,,official_tourism,Information for Accommodation.csv,hotel euro lanka,Guest Houses.xlsx | Information for Accommodation.csv
ACC000698,HOTEL EVA LANKA,Tourist Hotels,"HOTEL EVA LANKA,TANGALLE ROAD,TANGALLE.",Hambantota,Hambantota,,29,6.002818,,,,,official_tourism,Information for Accommodation.csv,hotel eva lanka,Information for Accommodation.csv | Tourist Hotels.xlsx
ACC000699,HOTEL FAMOUS,Guest Houses,"NO.41,SCHOOL LANE,EHELIYAGODA",Ratnapura,Eheliyagoda Pradeshiya Sabha,A,16,,,,,,official_tourism,Information for Accommodation.csv,hotel famous,Guest Houses.xlsx | Information for Accommodation.csv
ACC000700,HOTEL FLOWER GARDEN,Guest Houses,"NO.14,WELLA DEWALA ROAD,UNAWATUNA,GALLE",Galle,Galle,A,25,6.013972,,,,,official_tourism,Information for Accommodation.csv,hotel flower garden,Guest Houses.xlsx | Information for Accommodation.csv
ACC000701,HOTEL GANGAADDARA,Guest Houses,"NO.11/A.DEWENI RAJASINGHE MAWATHA,GETABE,KANDY",Kandy,Kandy,A,13,7.274586,,,,,official_tourism,Information for Accommodation.csv,hotel gangaaddara,Guest Houses.xlsx | Information for Accommodation.csv
ACC000702,HOTEL GARDEN BEACH,Guest Houses,"643/19, THALGAHAPITYA ROAD, KOSGODA.",Galle,Galle,A,10,,,,,,official_tourism,Information for Accommodation.csv,hotel garden beach,Guest Houses.xlsx | Information for Accommodation.csv
ACC000703,HOTEL GOODWOOD PLAZA,Tourist Hotels,"CANADA FRIENDSHIP ROAD,KATUNAYAKE.",Gampaha,Katana Pradeshiya Sabha,,32,7.16576,,,,,official_tourism,Information for Accommodation.csv,hotel goodwood plaza,Information for Accommodation.csv | Tourist Hotels.xlsx
ACC000704,HOTEL GREEN PALACE,Guest Houses,"57/30, NITTAMBUWA ROAD, VEYANGODA",Gampaha,Attanagalla Pradeshiya Sabha,A,15,,,,,,official_tourism,Information for Accommodation.csv,hotel green palace,Guest Houses.xlsx | Information for Accommodation.csv
ACC000705,HOTEL GREEN VALLEY,Guest Houses,"OLD COLOMBO ROAD, HANWELLA",Colombo,Colombo,A,18,6.909187,,,,,official_tourism,Information for Accommodation.csv,hotel green valley,Guest Houses.xlsx | Information for Accommodation.csv
ACC000706,HOTEL HEAVENS EDGE,Tourist Hotels,"KITALELLA ROAD, KITALELLA, ELLA",Badulla,Ella Pradeshiya Sabha,,24,,,,,,official_tourism,Information for Accommodation.csv,hotel heavens edge,Information for Accommodation.csv | Tourist Hotels.xlsx
ACC000707,HOTEL HEMALEE,Tourist Hotels,"POLONNARUWA ROAD,GIRITALE",Polonnaruwa,Hingurakgoda Pradeshiya Sabha,,16,7.995609,,,,,official_tourism,Information for Accommodation.csv,hotel hemalee,Information for Accommodation.csv | Tourist Hotels.xlsx
ACC000708,HOTEL HESHANI,Guest Houses,"NO:176/1,WALAWWATTE,KEGALLE",Kegalle,Kegalle,B,8,7.140422,,,,,official_tourism,Information for Accommodation.csv,hotel heshani,Guest Houses.xlsx | Information for Accommodation.csv
ACC000709,HOTEL HILL TOP,Classified Hotels( 1-5 Star),"200/21,BAHIRAVAKANDA,PERADENIYA ROAD,KANDY",Kandy,Kandy,TWO,81,7.289342,,,,,official_tourism,Information for Accommodation.csv,hotel hill top,Classified Hotels( 1-5 Star).xlsx | Information for Accommodation.csv
ACC000710,HOTEL HOME FEEL,Guest Houses,"166, RAJA MAWATHA, UDAMMITA, JA-ELA",Gampaha,Gampaha,B,8,,,,,,official_tourism,Information for Accommodation.csv,hotel home feel,Guest Houses.xlsx | Information for Accommodation.csv
ACC000711,HOTEL HONEY MOON,Guest Houses,"KANDY ROAD,NAVATKULI,KAITHDY.",Jaffna,Kalmunai,B,7,,,,,,official_tourism,Information for Accommodation.csv,hotel honey moon,Guest Houses.xlsx | Information for Accommodation.csv
ACC000712,HOTEL ITALIA,Guest Houses,"NO 6 HEENELA ROAD,VILEGODA,AMBALANGODA",Galle,Ambalangoda,A,14,,,,,,official_tourism,Information for Accommodation.csv,hotel italia,Guest Houses.xlsx | Information for Accommodation.csv
ACC000713,HOTEL JANAKI,Classified Hotels( 1-5 Star),"43, FIFE ROAD, THIMBIRIGASYAYA,COLOMBO 05",Colombo,Colombo,ONE,43,6.8907555,,,,,official_tourism,Information for Accommodation.csv,hotel janaki,Classified Hotels( 1-5 Star).xlsx | Information for Accommodation.csv
ACC000714,HOTEL JASMINE LANKA,Guest Houses,"MIRIGAMA RD,PASYALA",Gampaha,Gampaha,B,12,,,,,,official_tourism,Information for Accommodation.csv,hotel jasmine lanka,Guest Houses.xlsx | Information for Accommodation.csv
ACC000715,HOTEL J,Tourist Hotels,"331/1, LEWIS PLACE, NEGOMBO.",Gampaha,Negombo,,35,7.232976,,,,,official_tourism,Information for Accommodation.csv,hotel j,Information for Accommodation.csv | Tourist Hotels.xlsx
ACC000716,HOTEL KABALANA,Classified Hotels( 1-5 Star),"KATHALUWA,AHANGAMA",Galle,Habaraduwa,TWO,22,5.977906,,,,,official_tourism,Information for Accommodation.csv,hotel kabalana,Classified Hotels( 1-5 Star).xlsx | Information for Accommodation.csv
ACC000717,HOTEL KINKINI,Guest Houses,"306,BADULLA RD,BIBILE",Moneragala,,A,15,7.15441,,,,,official_tourism,Information for Accommodation.csv,hotel kinkini,Guest Houses.xlsx | Information for Accommodation.csv
ACC000718,HOTEL KINTOP,Guest Houses,"UKOWITA,UDUGAMA",Galle,Galle,B,12,,,,,,official_tourism,Information for Accommodation.csv,hotel kintop,Guest Houses.xlsx | Information for Accommodation.csv
ACC000719,HOTEL LAGONE,Guest Houses,"05, HATHARALIYEDDA ROAD, POTTAPITIYA, MANIKDIWELA.",Kandy,Kandy,A,11,,,,,,official_tourism,Information for Accommodation.csv,hotel lagone,Guest Houses.xlsx | Information for Accommodation.csv
ACC000720,HOTEL LAGOON PARADISE,Guest Houses,"NO. 12/7,RAJAWATTE,PAMUNUGAMA",Gampaha,Negombo,A,8,7.135494,,,,,official_tourism,Information for Accommodation.csv,hotel lagoon paradise,Guest Houses.xlsx | Information for Accommodation.csv
ACC000721,HOTEL LANKA PARADISE,Tourist Hotels,"1/9, AMARASENA MAWATHA, HIKKADUWA.",Galle,Hikkaduwa,,21,6.139194,,,,,official_tourism,Information for Accommodation.csv,hotel lanka paradise,Information for Accommodation.csv | Tourist Hotels.xlsx
ACC000722,HOTEL LANKA SUPER CORALS,Tourist Hotels,"NO.390,GALLE ROAD,HIKKADUWA.",Galle,Hikkaduwa,,100,6.129903,,,,,official_tourism,Information for Accommodation.csv,hotel lanka super corals,Information for Accommodation.csv | Tourist Hotels.xlsx
ACC000723,HOTEL LION INN,Guest Houses,"BINDUNUWEWA, BANDARAWELA.",Badulla,Bandarawela Pradeshiya Sabha,A,19,6.837185,,,,,official_tourism,Information for Accommodation.csv,hotel lion inn,Guest Houses.xlsx | Information for Accommodation.csv
ACC000724,HOTEL LION NATURE,Guest Houses,"DIMBULAMURAYA,ELLA ROAD,WELLAWAYA",Moneragala,Wellawaya,A,7,6.750513,,,,,official_tourism,Information for Accommodation.csv,hotel lion nature,Guest Houses.xlsx | Information for Accommodation.csv
ACC000725,HOTEL LIONS DEN,Guest Houses,"NO:523/11,D.S.SENANAYAKE MW,STAGE II,ANURADHAPURA",Anuradhapura,Anuradhapura,B,5,8.317564,,,,,official_tourism,Information for Accommodation.csv,hotel lions den,Guest Houses.xlsx | Information for Accommodation.csv
ACC000726,HOTEL LOVUSI,Guest Houses,"NO:584,HOSPITAL ROAD,JAFFNA",Jaffna,Jaffna,B,12,9.664856,,,,,official_tourism,Information for Accommodation.csv,hotel lovusi,Guest Houses.xlsx | Information for Accommodation.csv
ACC000727,HOTEL LUX ETOILES,Guest Houses,"NO 34,CHETTY STREET LANE,NALLUR,JAFFNA",Jaffna,Jaffna,A,22,,,,,,official_tourism,Information for Accommodation.csv,hotel lux etoiles,Guest Houses.xlsx | Information for Accommodation.csv
ACC000728,HOTEL MADARA,Guest Houses,"KANDY ROAD,THIRAPPANI,ANURADHAPURA",Anuradhapura,Anuradhapura,B,6,,,,,,official_tourism,Information for Accommodation.csv,hotel madara,Guest Houses.xlsx | Information for Accommodation.csv
ACC000729,HOTEL MAHANUGE,Guest Houses,"25TH MILE POST, BENDIWEWA.",Polonnaruwa,Polonnaruwa,A,12,,,,,,official_tourism,Information for Accommodation.csv,hotel mahanuge,Guest Houses.xlsx | Information for Accommodation.csv
ACC000730,HOTEL MAPURA,Guest Houses,"61,COLOMBO ROAD,KIRIBATHKUMBURA",Kandy,Kandy,A,6,7.267232,,,,,official_tourism,Information for Accommodation.csv,hotel mapura,Guest Houses.xlsx | Information for Accommodation.csv
ACC000731,HOTEL MIHINTALE,Guest Houses,ANURADHAPURA ROAD MIHINTALE.,Anuradhapura,Mihintale Pradeshiya Sabha,A,10,,,,,,official_tourism,Information for Accommodation.csv,hotel mihintale,Guest Houses.xlsx | Information for Accommodation.csv
ACC000732,HOTEL MIHIRA VILLAGE,Guest Houses,"ANURADHAPURA ROAD, DETHAWA, AMBANPOLA.",Kurunegala,Kurunegala,A,8,,,,,,official_tourism,Information for Accommodation.csv,hotel mihira village,Guest Houses.xlsx | Information for Accommodation.csv
ACC000733,HOTEL MIYORA,Guest Houses,"YATIBERIYA, PITAWALA, NAWALAPITIYA",Nuwara Eliya,Nawalapitiya,A,22,6.990179,,,,,official_tourism,Information for Accommodation.csv,hotel miyora,Guest Houses.xlsx | Information for Accommodation.csv
ACC000734,HOTEL MOONSTONE,Guest Houses,"M 18, PANADULAGAMA,ANURADHAPURA.",Anuradhapura,Anuradhapura,B,14,,,,,,official_tourism,Information for Accommodation.csv,hotel moonstone,Guest Houses.xlsx | Information for Accommodation.csv
ACC000735,HOTEL NATURE GARDENS,Guest Houses,"NO.31,KANDY ROAD,YAKKALA",Gampaha,Gampaha,A,9,,,,,,official_tourism,Information for Accommodation.csv,hotel nature gardens,Guest Houses.xlsx | Information for Accommodation.csv
ACC000736,HOTEL NELLY,Classified Hotels( 1-5 Star),"NO. 84, 02ND CROSS STREET, VAUNIYA",Vavuniya,Vavuniya,ONE,20,8.751378,,,,,official_tourism,Information for Accommodation.csv,hotel nelly,Classified Hotels( 1-5 Star).xlsx | Information for Accommodation.csv
ACC000737,HOTEL NEPTUNE BAY,Guest Houses,"YADDHIMULLA ROAD, UNAWATUNA, GALLE",Galle,Habaraduwa,A,12,6.009925,,,,,official_tourism,Information for Accommodation.csv,hotel neptune bay,Guest Houses.xlsx | Information for Accommodation.csv
ACC000738,HOTEL NEW SEA LORD,Guest Houses,"3RD MILE POST,UPPAVELI,TRINCOMALEE",Trincomalee,Trincomalee,B,25,8.60287,,,,,official_tourism,Information for Accommodation.csv,hotel new sea lord,Guest Houses.xlsx | Information for Accommodation.csv
ACC000739,HOTEL NILKETHA VILLA,Guest Houses,"NO:139,OLD MIHINTALE ROAD,ANURADHAPURA",Anuradhapura,Anuradhapura,A,15,8.354155,,,,,official_tourism,Information for Accommodation.csv,hotel nilketha villa,Guest Houses.xlsx | Information for Accommodation.csv
ACC000740,HOTEL NIPPON,Tourist Hotels,"123, KUMARANRATNAM ROAD, COLOMBO 02",Colombo,Colombo,,49,6.9239319,,,,,official_tourism,Information for Accommodation.csv,hotel nippon,Information for Accommodation.csv | Tourist Hotels.xlsx
ACC000741,HOTEL NIRUTHA,Guest Houses,"MAIN ROAD, KOMMATHURAI, CHENKALADY",Batticaloa,Batticaloa,A,10,,,,,,official_tourism,Information for Accommodation.csv,hotel nirutha,Guest Houses.xlsx | Information for Accommodation.csv
ACC000742,HOTEL OCEAN PARK,Bangalows,"101,ALLES GARDEN, SAMPALTIVU,TRINCOMALEE",Trincomalee,Trincomalee,STANDARD,7,,,,,,official_tourism,Information for Accommodation.csv,hotel ocean park,Bungalows.xlsx | Information for Accommodation.csv
ACC000743,HOTEL ONROCK,Guest Houses,"WEMULLAHENA, ELLA",Badulla,Ella Pradeshiya Sabha,A,8,,,,,,official_tourism,Information for Accommodation.csv,hotel onrock,Guest Houses.xlsx | Information for Accommodation.csv
ACC000744,HOTEL ORCHID INN,Guest Houses,"NO.571/6, GALLE ROAD, COLOMBO 06.",Colombo,Colombo,B,20,6.865113,,,,,official_tourism,Information for Accommodation.csv,hotel orchid inn,Guest Houses.xlsx | Information for Accommodation.csv
ACC000745,HOTEL OSHIN,Guest Houses,"NO.621, KANDY ROAD,ANDANKULAMA, TRINCOMALEE.",Trincomalee,Trincomalee,A,8,8.588839,,,,,official_tourism,Information for Accommodation.csv,hotel oshin,Guest Houses.xlsx | Information for Accommodation.csv
ACC000746,HOTEL PANCHI VILLA,Guest Houses,"KURUWATTA, WARAHENA, BENTOTA.",Galle,Bentota Pradeshiya Sabha,A,8,6.400549,,,,,official_tourism,Information for Accommodation.csv,hotel panchi villa,Guest Houses.xlsx | Information for Accommodation.csv
ACC000747,HOTEL PARADISO,Guest Houses,"406,GALLE ROAD,HIKKADUWA",Galle,Hikkaduwa,B,1,6.128799,,,,,official_tourism,Information for Accommodation.csv,hotel paradiso,Guest Houses.xlsx | Information for Accommodation.csv
ACC000748,HOTEL PICTURESQUE,Tourist Hotels,"NO:503,THEMBILIYANA ESTATE,DEHIOWITA",Kegalle,Dehiowita Pradeshiya Sabha,,10,6.965811,,,,,official_tourism,Information for Accommodation.csv,hotel picturesque,Information for Accommodation.csv | Tourist Hotels.xlsx
ACC000749,HOTEL RAHAS ELLA,Guest Houses,"NO.27/8,PANWILA ROAD,WATTEGAMA",Kandy,Kandy,A,5,,,,,,official_tourism,Information for Accommodation.csv,hotel rahas ella,Guest Houses.xlsx | Information for Accommodation.csv
ACC000750,HOTEL RAJIU PALACE,Guest Houses,"NO. 69, GREEN STATE, BINGIRIYA",Kurunegala,Bingiriya Pradeshiya Sabha,A,12,,,,,,official_tourism,Information for Accommodation.csv,hotel rajiu palace,Guest Houses.xlsx | Information for Accommodation.csv
ACC000751,HOTEL RANATHISARA,Tourist Hotels,"NO:51,KANDY RD,NITTAMBUWA",Gampaha,Attanagalla Pradeshiya Sabha,,12,7.14695,,,,,official_tourism,Information for Accommodation.csv,hotel ranathisara,Information for Accommodation.csv | Tourist Hotels.xlsx
ACC000752,HOTEL RANDIV,Guest Houses,"562/1A,KANDY RD,MEEPITIYA,KEGALLE",Kegalle,Kegalle,A,5,7.281209,,,,,official_tourism,Information for Accommodation.csv,hotel randiv,Guest Houses.xlsx | Information for Accommodation.csv
ACC000753,HOTEL RANKETHA,Guest Houses,"NO:160,BATTICALOA ROAD,POLONNARUWA",Polonnaruwa,Polonnaruwa,B,11,,,,,,official_tourism,Information for Accommodation.csv,hotel ranketha,Guest Houses.xlsx | Information for Accommodation.csv
ACC000754,HOTEL RED ROSE,Guest Houses,"NO 32B,CEMETRY ROAD,KUDAPADUWA,NEGOMBO",Gampaha,Negombo,A,7,,,,,,official_tourism,Information for Accommodation.csv,hotel red rose,Guest Houses.xlsx | Information for Accommodation.csv
ACC000755,HOTEL REFRESH,Guest Houses,"KATHARAGAMA ROAD, PUNCHI AKURUGODA, THISSAMAHARAMA",Hambantota,Thissamaharama,A,5,,,,,,official_tourism,Information for Accommodation.csv,hotel refresh,Guest Houses.xlsx | Information for Accommodation.csv
ACC000756,HOTEL REHANS,Guest Houses,KANDALAMA MIRIGAMA,Gampaha,Gampaha,A,6,,,,,,official_tourism,Information for Accommodation.csv,hotel rehans,Guest Houses.xlsx | Information for Accommodation.csv
ACC000757,HOTEL RITAS AND BEACH RESTURANT,Guest Houses,"GALLE ROAD,NARIGAMA,HIKKADUWA",Galle,Hikkaduwa,A,25,,,,,,official_tourism,Information for Accommodation.csv,hotel ritas and beach resturant,Guest Houses.xlsx | Information for Accommodation.csv
ACC000758,HOTEL ROCK FORT,Tourist Hotels,"GURUKANDA WATTA-DALAWELLA,UNAWATUNA",Galle,Habaraduwa,,18,6.003965,,,,,official_tourism,Information for Accommodation.csv,hotel rock fort,Information for Accommodation.csv | Tourist Hotels.xlsx
ACC000759,HOTEL ROSILU,Guest Houses,"NO. 60/5/A, KANDY ROAD, THIHARIYA, KALAGEDIHENA",Gampaha,Attanagalla Pradeshiya Sabha,B,6,7.124225,,,,,official_tourism,Information for Accommodation.csv,hotel rosilu,Guest Houses.xlsx | Information for Accommodation.csv
ACC000760,HOTEL SADEEPA,Guest Houses,"GANETENNA, HINGULLA",Kegalle,Kegalle,B,26,,,,,,official_tourism,Information for Accommodation.csv,hotel sadeepa,Guest Houses.xlsx | Information for Accommodation.csv
ACC000761,HOTEL SAMENRA,Guest Houses,520/5.COLOMBO ROAD.KADUWELA,Colombo,Kaduwela Pradeshiya Sabha,A,5,,,,,,official_tourism,Information for Accommodation.csv,hotel samenra,Guest Houses.xlsx | Information for Accommodation.csv
ACC000762,HOTEL SANDA DIYA,Guest Houses,"POLONNARUWA ROAD,PELWEHERA,DAMBULLA.",Matale,Dambulla Pradeshiya Sabha,A,6,7.910221,,,,,official_tourism,Information for Accommodation.csv,hotel sanda diya,Guest Houses.xlsx | Information for Accommodation.csv
ACC000763,HOTEL SANSINDA,Tourist Hotels,"AKURUGODA,TISSAMAHARAMAYA",Hambantota,Thissamaharama,,18,,,,,,official_tourism,Information for Accommodation.csv,hotel sansinda,Information for Accommodation.csv | Tourist Hotels.xlsx
ACC000764,HOTEL SANSU,Guest Houses,"NO.651/31- B, ELVITIGALA MAWATHA, COLOMBO 05",Colombo,Colombo,A,18,6.888832,,,,,official_tourism,Information for Accommodation.csv,hotel sansu,Guest Houses.xlsx | Information for Accommodation.csv
ACC000765,HOTEL SAPPHIRE,Classified Hotels( 1-5 Star),"NO.371,GALLE ROAD,COLOMBO 06.",Colombo,Colombo,TWO,40,6.870956,,,,,official_tourism,Information for Accommodation.csv,hotel sapphire,Classified Hotels( 1-5 Star).xlsx | Information for Accommodation.csv
ACC000766,HOTEL SEE KANDY,Guest Houses,"NO:38/14,RAJAPHILLA MAWATHA,KANDY",Kandy,Kandy,A,6,7.287999,,,,,official_tourism,Information for Accommodation.csv,hotel see kandy,Guest Houses.xlsx | Information for Accommodation.csv
ACC000767,HOTEL SELLA REST,Guest Houses,"NO.46, KANAKAPURAM ROAD, UTHAYANGAR WEST, KILINOCHCHI.",Kilinochchi,Karachchi,B,10,9.383397,,,,,official_tourism,Information for Accommodation.csv,hotel sella rest,Guest Houses.xlsx | Information for Accommodation.csv
ACC000768,HOTEL SHANIKA,Guest Houses,NO 175.BALAGOLLA.KENGALLA,Kandy,Kundasle,B,10,,,,,,official_tourism,Information for Accommodation.csv,hotel shanika,Guest Houses.xlsx | Information for Accommodation.csv
ACC000769,HOTEL SHANTHI,Guest Houses,"NO:114/1,MORAGOLLAGAMA ROAD,MAHO",Kurunegala,Kurunegala,A,14,,,,,,official_tourism,Information for Accommodation.csv,hotel shanthi,Guest Houses.xlsx | Information for Accommodation.csv
ACC000770,HOTEL SIGIRIYA,Classified Hotels( 1-5 Star),SIGIRIYA,Matale,Matale,ONE,80,7.949891,,,,,official_tourism,Information for Accommodation.csv,hotel sigiriya,Classified Hotels( 1-5 Star).xlsx | Information for Accommodation.csv
ACC000771,HOTEL SILANMO,Guest Houses,"BANDARAMULLA,MIRISSA",Matara,Weligama,A,15,5.944065,,,,,official_tourism,Information for Accommodation.csv,hotel silanmo,Guest Houses.xlsx | Information for Accommodation.csv
ACC000772,HOTEL SILVER SANDS,Guest Houses,"229,LEWIS PLACE,NEGOMBO",Gampaha,Negombo,B,15,7.228771,,,,,official_tourism,Information for Accommodation.csv,hotel silver sands,Guest Houses.xlsx | Information for Accommodation.csv
ACC000773,HOTEL SISIL THERA,Bangalows,"NO:558/A, D.S SENANAYAKE MAWATHA, STAGE TOWN, ANURADHAPURA",Anuradhapura,Anuradhapura,STANDARD,4,8.319266,,,,,official_tourism,Information for Accommodation.csv,hotel sisil thera,Bungalows.xlsx | Information for Accommodation.csv
ACC000774,HOTEL SOBANA,Tourist Hotels,"KIRIIBBANWEWA, SEVANAGALA, EMBILIPITIYA.",Ratnapura,Thanamalwila Pradeshiya Sabha,,17,6.384522,,,,,official_tourism,Information for Accommodation.csv,hotel sobana,Information for Accommodation.csv | Tourist Hotels.xlsx
ACC000775,HOTEL SUDU ARALIYA,Tourist Hotels,"NEWTOWN,POLONNARUWA",Polonnaruwa,Polonnaruwa,,104,7.923266,,,,,official_tourism,Information for Accommodation.csv,hotel sudu araliya,Information for Accommodation.csv | Tourist Hotels.xlsx
ACC000776,HOTEL SUISSE,Tourist Hotels,"NO:30,SANGARAJA MAWATHA,KANDY",Kandy,Kandy,,90,7.288387,,,,,official_tourism,Information for Accommodation.csv,hotel suisse,Information for Accommodation.csv | Tourist Hotels.xlsx
ACC000777,HOTEL SUMADAI,Guest Houses,"NO. 61, BANDARAWATHTHA, BERUWALA",Kalutara,Beruwala Pradeshiya Sabha,A,21,6.467535,,,,,official_tourism,Information for Accommodation.csv,hotel sumadai,Guest Houses.xlsx | Information for Accommodation.csv
ACC000778,HOTEL SUNHILL,Classified Hotels( 1-5 Star),"NO.18 UNIQUE VIEW ROAD,NUWARAELIYA",Nuwara Eliya,Nuwara Eliya,ONE,15,6.963358,,,,,official_tourism,Information for Accommodation.csv,hotel sunhill,Classified Hotels( 1-5 Star).xlsx | Guest Houses.xlsx | Information for Accommodation.csv
ACC000779,HOTEL SUNRAY,Guest Houses,"NO:117/8,ANAGARIKA DHARMAPALA MAWATHA,KANDY",Kandy,Kandy,A,19,7.293095,,,,,official_tourism,Information for Accommodation.csv,hotel sunray,Guest Houses.xlsx | Information for Accommodation.csv
ACC000780,HOTEL SUNRICH,Guest Houses,"NO. 260/4, HEDENIYA, WERELLAGAMA",Kandy,Harispattuwa Pradeshiya Sabha,A,36,7.338127,,,,,official_tourism,Information for Accommodation.csv,hotel sunrich,Guest Houses.xlsx | Information for Accommodation.csv
ACC000781,HOTEL SUNSET BEACH,Tourist Hotels,"NO.5, CARRON PLACE, LEWIS ROAD,NEGOMBO.",Gampaha,Negombo,,35,7.225328,,,,,official_tourism,Information for Accommodation.csv,hotel sunset beach,Information for Accommodation.csv | Tourist Hotels.xlsx
ACC000782,HOTEL SURASA,Guest Houses,"NEGOMBO ROAD, ALAKOLADENIYA, KURUNEGALA",Kurunegala,Kurunegala,B,17,,,,,,official_tourism,Information for Accommodation.csv,hotel surasa,Guest Houses.xlsx | Information for Accommodation.csv
ACC000783,HOTEL SUSANTHAS,Classified Hotels( 1-5 Star),"NATIONAL HOLIDAY RESORT RD,PITARAMBA,BENTOTA",Galle,Bentota Pradeshiya Sabha,ONE,18,6.421783,,,,,official_tourism,Information for Accommodation.csv,hotel susanthas,Classified Hotels( 1-5 Star).xlsx | Information for Accommodation.csv
ACC000784,HOTEL SWISS DALE,Guest Houses,"NO 7/5 THOTAGAMUWA, MATALE",Matale,Matale,B,12,,,,,,official_tourism,Information for Accommodation.csv,hotel swiss dale,Guest Houses.xlsx | Information for Accommodation.csv
ACC000785,HOTEL TAMARIND TREE,Tourist Hotels,"MAHASENPURA,TISSAMAHARAMAYA",Hambantota,Thissamaharama,,20,6.292573,,,,,official_tourism,Information for Accommodation.csv,hotel tamarind tree,Information for Accommodation.csv | Tourist Hotels.xlsx
ACC000786,HOTEL TARAGON,Guest Houses,"NO. 546, KURUNEGALA ROAD, THULHIRIYA",Kegalle,Kegalle,A,16,,,,,,official_tourism,Information for Accommodation.csv,hotel taragon,Guest Houses.xlsx | Information for Accommodation.csv
ACC000787,HOTEL THE PARADISE,Guest Houses,"PUTTALAM ROAD,WALAGANE,MASPOTHA.",Kurunegala,Kurunegala,B,6,,,,,,official_tourism,Information for Accommodation.csv,hotel the paradise,Guest Houses.xlsx | Information for Accommodation.csv
ACC000788,HOTEL THILANKA,Tourist Hotels,"NO.3,SANGAMITTA MAWATHA,KANDY.",Kandy,Kandy,,86,7.291327,,,,,official_tourism,Information for Accommodation.csv,hotel thilanka,Information for Accommodation.csv | Tourist Hotels.xlsx
ACC000789,HOTEL THUSHARA,Guest Houses,"WELIMADA ROAD, BORALANDA",Badulla,Welimada Pradeshiya Sabha,B,10,,,,,,official_tourism,Information for Accommodation.csv,hotel thushara,Guest Houses.xlsx | Information for Accommodation.csv
ACC000790,HOTEL TISSA,Guest Houses,"KACHCHERIYAGAMA, THISSAMAHARAMAYA.",Hambantota,Thissamaharama,B,8,,,,,,official_tourism,Information for Accommodation.csv,hotel tissa,Guest Houses.xlsx | Information for Accommodation.csv
ACC000791,HOTEL TOBIKO,Bangalows,"NO 24, MURUGAPURI ROAD, UPPUVELI, TRINCOMALEE",Trincomalee,Trincomalee,SUPERIOR,4,8.601562,,,,,official_tourism,Information for Accommodation.csv,hotel tobiko,Bungalows.xlsx | Information for Accommodation.csv
ACC000792,HOTEL TOPAZ,Classified Hotels( 1-5 Star),"ANNIWATTE, KANDY",Kandy,Kandy,TWO,75,7.29056,,,,,official_tourism,Information for Accommodation.csv,hotel topaz,Classified Hotels( 1-5 Star).xlsx | Information for Accommodation.csv
ACC000793,HOTEL WEDDING HOUSE HOLIDAY INN,Guest Houses,"128/A , MAHABODI MAWATHA, KANDY ROAD, KADAWATHA",Gampaha,Mahara Pradeshiya Sabha,B,14,6.543719,,,,,official_tourism,Information for Accommodation.csv,hotel wedding house holiday inn,Guest Houses.xlsx | Information for Accommodation.csv
ACC000794,HOTEL WESTEERN,Guest Houses,"NO. 35, FRANKFURT PLACE, COLOMBO 04",Colombo,Colombo,A,44,6.883914,,,,,official_tourism,Information for Accommodation.csv,hotel westeern,Guest Houses.xlsx | Information for Accommodation.csv
ACC000795,HOTEL WEWALA BEACH,Guest Houses,"NO. 380, GALLE ROAD, HIKKADUWA",Galle,Hikkaduwa,A,20,6.130476,,,,,official_tourism,Information for Accommodation.csv,hotel wewala beach,Guest Houses.xlsx | Information for Accommodation.csv
ACC000796,HOTEL WINDSURF,Guest Houses,"NO. 15A, DE ZOYSA AVANUE, MOUNT LAVINIYA",Colombo,Colombo,B,12,,,,,,official_tourism,Information for Accommodation.csv,hotel windsurf,Guest Houses.xlsx | Information for Accommodation.csv
ACC000797,HOTEL WONDER BAR,Guest Houses,"CHANDANA VILLA,ROBOLGODA,BENTHOTA",Galle,Bentota Pradeshiya Sabha,A,6,6.411683,,,,,official_tourism,Information for Accommodation.csv,hotel wonder bar,Guest Houses.xlsx | Information for Accommodation.csv
ACC000798,HOTEL YAPAHUWA PARADISE,Classified Hotels( 1-5 Star),"KINGDOM ROAD,YAPAHUWA,MAHO",Kurunegala,Mahawa Pradeshiya Sabha,TWO,20,7.82901,,,,,official_tourism,Information for Accommodation.csv,hotel yapahuwa paradise,Classified Hotels( 1-5 Star).xlsx | Information for Accommodation.csv
ACC000799,HUNNAS FALLS HOTEL,Classified Hotels( 1-5 Star),"ELKADUWA, KANDY",Matale,Matale,THREE,31,7.401023,,,,,official_tourism,Information for Accommodation.csv,hunnas falls hotel,Classified Hotels( 1-5 Star).xlsx | Information for Accommodation.csv
ACC000800,HURULU SEVENA HOTEL,Guest Houses,"JAYAMPATHIE,KAHATAGASDIGILIYA.",Anuradhapura,Anuradhapura,C,13,,,,,,official_tourism,Information for Accommodation.csv,hurulu sevena hotel,Guest Houses.xlsx | Information for Accommodation.csv
ACC000801,I.J. LAKE VIEW HOLIDAY BUNGALOW,Bangalows,"NO.66A, BONAVISTA ROAD, NUWARAELIYA.",Nuwara Eliya,Nuwara Eliya,SUPERIOR,3,6.955038,,,,,official_tourism,Information for Accommodation.csv,i j lake view holiday bungalow,Bungalows.xlsx | Information for Accommodation.csv
ACC000802,ICE AGE HOTEL AND RESTURANT,Guest Houses,"359,GALLE ROAD,BALAPITIYA",Galle,balapitiya,A,6,6.267228,,,,,official_tourism,Information for Accommodation.csv,ice age hotel and resturant,Guest Houses.xlsx | Information for Accommodation.csv
ACC000803,@ IDDAMAL,Rented Apartments,"10A, IDDAMAL MAWATHA, OFF TEMPLERS ROAD, MT LAVANIA",Colombo,MC,SUPERIOR,4,6.827457,,,,,official_tourism,Information for Accommodation.csv,iddamal,Information for Accommodation.csv | Rented Apartments.xlsx
ACC000804,IDYLL HOMESTAY,Home Stay Units,"WATAGODAWATTA, KITHALAELLA, ELLA",Badulla,Ella Pradeshiya Sabha,STANDARD,4,6.8691837,,,,,official_tourism,Information for Accommodation.csv,idyll homestay,Home Stay Units.xlsx | Information for Accommodation.csv
ACC000805,ILEY GARDEN RESTAURANT,Guest Houses,"NO.14, STATION ROAD, BAMBALAPITIYA.",Colombo,Colombo,B,6,,,,,,official_tourism,Information for Accommodation.csv,iley garden restaurant,Guest Houses.xlsx | Information for Accommodation.csv
ACC000806,IMAGINE LEISURE,Guest Houses,"234,EKANAYAKAWATTA,KAMBURUGAMUWA",Matara,Weligama Pradeshiya Sabha,A,9,,,,,,official_tourism,Information for Accommodation.csv,imagine leisure,Guest Houses.xlsx | Information for Accommodation.csv
ACC000807,INDISCH,Boutique Villas,"NO.246,AHANGAMA KANDA,AHANGAMA.",Galle,Habaraduwa,,5,5.967664,,,,,official_tourism,Information for Accommodation.csv,indisch,Boutique Villas.xlsx | Information for Accommodation.csv
ACC000808,INDRA HOTEL,Guest Houses,"174/3,NADUNA WATTA,RAGAMA ROAD,KADAWATHA",Gampaha,Gampaha,B,19,7.002975,,,,,official_tourism,Information for Accommodation.csv,indra hotel,Guest Houses.xlsx | Information for Accommodation.csv
ACC000809,INDRA REGENT HOTEL,Classified Hotels( 1-5 Star),"NO.383,R.A.D.MEL MAWATHA,COLOMBO 03",Colombo,Colombo,ONE,26,6.90434,,,,,official_tourism,Information for Accommodation.csv,indra regent hotel,Classified Hotels( 1-5 Star).xlsx | Information for Accommodation.csv
ACC000810,INDRANS,Guest Houses,"40/5, RAILWAY STATION ROAD, VAVUNIYA",Vavuniya,Vavuniya,C,6,8.752929,,,,,official_tourism,Information for Accommodation.csv,indrans,Guest Houses.xlsx | Information for Accommodation.csv
ACC000811,INDURUWA BEACH RESORT,Tourist Hotels,"GALLE ROAD,KAIKAWALA,INDURUWA",Galle,Galle,,90,6.376688,,,,,official_tourism,Information for Accommodation.csv,induruwa beach resort,Information for Accommodation.csv | Tourist Hotels.xlsx
ACC000812,INGINIYAGALA SAFARI INN,Guest Houses,INGINIYAGALA,Moneragala,,B,5,,,,,,official_tourism,Information for Accommodation.csv,inginiyagala safari inn,Guest Houses.xlsx | Information for Accommodation.csv
ACC000813,INN ON THE BAY,Home Stay Units,"BEACH ROAD,PASIKUDAH,KALKUDAH.",Batticaloa,Koralai Pattu,STANDARD,5,,,,,,official_tourism,Information for Accommodation.csv,inn on the bay,Home Stay Units.xlsx | Information for Accommodation.csv
ACC000814,INNAMALUWA INN,Guest Houses,"SIGIRIYA RD,INNAMALUWA",Matale,Dambulla Pradeshiya Sabha,B,10,7.927465,,,,,official_tourism,Information for Accommodation.csv,innamaluwa inn,Guest Houses.xlsx | Information for Accommodation.csv
ACC000815,INSIGHT,Tourist Hotels,"NO.67,MATARA ROAD,AHANGAMA.",Galle,Habaraduwa,,32,5.973159,,,,,official_tourism,Information for Accommodation.csv,insight,Information for Accommodation.csv | Tourist Hotels.xlsx
ACC000816,IRUWI,Home Stay Units,"220, GALLE ROAD, MORAGALLA, BERUWALA.",Kalutara,Beruwala Pradeshiya Sabha,SUPERIOR,1,6.451463,,,,,official_tourism,Information for Accommodation.csv,iruwi,Home Stay Units.xlsx | Information for Accommodation.csv
ACC000817,ISHAN HOTEL,Guest Houses,"NO. 583, COLOMBO ROAD, UTUWANKANDA, MAWANELLA",Kegalle,Kegalle,A,10,7.2519,,,,,official_tourism,Information for Accommodation.csv,ishan hotel,Guest Houses.xlsx | Information for Accommodation.csv
ACC000818,ISURU GUEST HOUSE,Guest Houses,"NO:27,AKURASSA ROAD,KAMBURUPITIYA",Matara,Matara,B,6,,,,,,official_tourism,Information for Accommodation.csv,isuru guest house,Guest Houses.xlsx | Information for Accommodation.csv
ACC000819,ISURU RESTAURANT,Guest Houses,"NO.42/B, KANDY ROAD, GELIOYA",Kandy,Udunuwara Pradeshiya Sabha,B,12,7.216917,,,,,official_tourism,Information for Accommodation.csv,isuru restaurant,Guest Houses.xlsx | Information for Accommodation.csv
ACC000820,ISURU SEWANA HOLIDAY HOME,Home Stay Units,"""ISURU SEWANA HOLIDAY INN"",NO.1/2,KALUKALE,NUWARA ELIYA",Nuwara Eliya,Nuwara Eliya,STANDARD,5,,,,,,official_tourism,Information for Accommodation.csv,isuru sewana holiday home,Home Stay Units.xlsx | Information for Accommodation.csv
ACC000821,IVORY BUNGALOW,Bangalows,"HASTHI LANKA, TEMPLE ROAD, GANEHIMULLA, DEVALAPOLA",Gampaha,Minuwangoda Pradeshiya Sabha,DELUXE,4,,,,,,official_tourism,Information for Accommodation.csv,ivory bungalow,Bungalows.xlsx | Information for Accommodation.csv
ACC000822,IVY COTTAGE,Home Stay Units,"F & G CONTINENTAL RESIDENCIES, HOUSE NO 59, 41/104, ADNIVES ROAD, PERIYAMULLA, NEGOMBO",Gampaha,Negombo,SUPERIOR,2,7.223092,,,,,official_tourism,Information for Accommodation.csv,ivy cottage,Home Stay Units.xlsx | Information for Accommodation.csv
ACC000823,J.CS VILLAGE,Guest Houses,"NO. 175, KANDY ROAD, KAPUWATTA, DAMBULLA",Matale,Dambulla Pradeshiya Sabha,A,12,7.838936,,,,,official_tourism,Information for Accommodation.csv,j cs village,Guest Houses.xlsx | Information for Accommodation.csv
ACC000824,J.J.GUEST HOUSE,Guest Houses,"KANDY ROAD,PALAI",Kilinochchi,Jaffna,B,6,,,,,,official_tourism,Information for Accommodation.csv,j j guest house,Guest Houses.xlsx | Information for Accommodation.csv
ACC000825,JADE WAY HOTEL & RESORT,Guest Houses,"VIDYALOKA MAWATHA, PALLEGAMA EMBILIPITIYA",Ratnapura,Embilipitiya,B,11,,,,,,official_tourism,Information for Accommodation.csv,jade way hotel resort,Guest Houses.xlsx | Information for Accommodation.csv
ACC000826,JAFFNA CITY HOTEL,Guest Houses,"NO. 70/06, K. K. S ROAD, JAFFNA",Jaffna,Jaffna,A,8,9.665792,,,,,official_tourism,Information for Accommodation.csv,jaffna city hotel,Guest Houses.xlsx | Information for Accommodation.csv
ACC000827,JAFFNA FORT,Guest Houses,"NO. 56, 1ST CROSS STREET, JAFFNA",Jaffna,Jaffna,B,6,9.663071,,,,,official_tourism,Information for Accommodation.csv,jaffna fort,Guest Houses.xlsx | Information for Accommodation.csv
ACC000828,JAFFNA HERITAGE HOTEL,Tourist Hotels,"NO 195,TEMPLE ROAD,NALLUR,JAFFNA",Jaffna,Jaffna,,10,9.670882,,,,,official_tourism,Information for Accommodation.csv,jaffna heritage hotel,Information for Accommodation.csv | Tourist Hotels.xlsx
ACC000829,JAFFNA REST,Guest Houses,"NO.16.RAJESHWARI WEETHI,NAYANAMARKADU,JAFFNA.",Jaffna,Jaffna,B,5,,,,,,official_tourism,Information for Accommodation.csv,jaffna rest,Guest Houses.xlsx | Information for Accommodation.csv
ACC000830,JAGATH CABANA INN,Guest Houses,"50, ACRE BLOCK, HALWATHURA ESTATE, INGIRIYA.",Kalutara,Bulathsinhala Pradeshiya Sabha,B,8,,,,,,official_tourism,Information for Accommodation.csv,jagath cabana inn,Guest Houses.xlsx | Information for Accommodation.csv
ACC000831,JASMIN VILLA,Bangalows,"JASMIN VILLA, DAMBULLA ROAD, HABARANA",Anuradhapura,Anuradhapura,SUPERIOR,3,,,,,,official_tourism,Information for Accommodation.csv,jasmin villa,Bungalows.xlsx | Information for Accommodation.csv
ACC000832,JASMINE HOMES,Bangalows,"27/1, GREENFIELD PARK, MADIWELA, KOTTE",Colombo,Colombo,DELUXE,3,6.876324,,,,,official_tourism,Information for Accommodation.csv,jasmine homes,Bungalows.xlsx | Information for Accommodation.csv
ACC000833,JASMINE INN,Guest Houses,"MATARA ROAD, TALPE",Galle,Habaraduwa,B,12,5.999494,,,,,official_tourism,Information for Accommodation.csv,jasmine inn,Guest Houses.xlsx | Information for Accommodation.csv
ACC000834,JAYABIMA GUEST HOUSE,Guest Houses,"NO. 124, KOTMALE ROAD, NAWALAPITIYA",Kandy,Pasbage Korale Pradeshiya Sabha,A,5,,,,,,official_tourism,Information for Accommodation.csv,jayabima guest house,Guest Houses.xlsx | Information for Accommodation.csv
ACC000835,JAYALATH INN,Guest Houses,"NO.269,WELIGAMPITIYA, JAELA",Gampaha,Gampaha,C,6,7.068365,,,,,official_tourism,Information for Accommodation.csv,jayalath inn,Guest Houses.xlsx | Information for Accommodation.csv
ACC000836,JAYASWIN HOLIDAY BUNGALOW,Home Stay Units,"NO.159,ROBOLGODA,BENTOTA.",Galle,Bentota Pradeshiya Sabha,SUPERIOR,3,,,,,,official_tourism,Information for Accommodation.csv,jayaswin holiday bungalow,Home Stay Units.xlsx | Information for Accommodation.csv
ACC000837,JAYAVIMANA,Home Stay Units,"NO.147/20, DHARMASHOKA MAWATHA, LEWELLA, KANDY",Kandy,Kandy,STANDARD,1,7.299508,,,,,official_tourism,Information for Accommodation.csv,jayavimana,Home Stay Units.xlsx | Information for Accommodation.csv
ACC000838,JAYS HOLIDAY RESORT,Guest Houses,"THREESINGHAGAMA, MORAGASWAWE, HABARANA",Polonnaruwa,Hingurakgoda Pradeshiya Sabha,A,8,8.029694,,,,,official_tourism,Information for Accommodation.csv,jays holiday resort,Guest Houses.xlsx | Information for Accommodation.csv
ACC000839,JETWING AYURVEDA,Tourist Hotels,"NO.14, ETTHUKALA, NEGOMBO",Gampaha,Negombo,,12,7.236983,,,,,official_tourism,Information for Accommodation.csv,jetwing ayurveda,Information for Accommodation.csv | Tourist Hotels.xlsx
ACC000840,JETWING BEACH,Tourist Hotels,"ETHUKALA,NEGOMBO.",Gampaha,Negombo,,78,7.243757,,,,,official_tourism,Information for Accommodation.csv,jetwing beach,Information for Accommodation.csv | Tourist Hotels.xlsx
ACC000841,JETWING BLUE,Classified Hotels( 1-5 Star),"LEWIS PLACE, NEGOMBO",Gampaha,Negombo,FIVE,108,7.241616,,,,,official_tourism,Information for Accommodation.csv,jetwing blue,Classified Hotels( 1-5 Star).xlsx | Information for Accommodation.csv
ACC000842,JETWING COLOMBO SEVEN,Tourist Hotels,"NO 57, WARD PLACE ,COLOMBO 07",Colombo,Colombo,,108,,,,,,official_tourism,Information for Accommodation.csv,jetwing colombo seven,Information for Accommodation.csv | Tourist Hotels.xlsx
ACC000843,JETWING JAFFNA,Tourist Hotels,"NO:37,MAHATHMAGANDI ROAD,JAFFNA.",Jaffna,Jaffna,,53,9.664915,,,,,official_tourism,Information for Accommodation.csv,jetwing jaffna,Information for Accommodation.csv | Tourist Hotels.xlsx
ACC000844,JETWING KADURUKETHA,Tourist Hotels,WELLAWAYA,Moneragala,Wellawaya,,25,6.754837,,,,,official_tourism,Information for Accommodation.csv,jetwing kaduruketha,Information for Accommodation.csv | Tourist Hotels.xlsx
ACC000845,JETWING LAGOON,Tourist Hotels,"PAMUNUGAMA ROAD, THALHENA,NEGOMBO.",Gampaha,Negombo,,55,7.1680341,,,,,official_tourism,Information for Accommodation.csv,jetwing lagoon,Information for Accommodation.csv | Tourist Hotels.xlsx
ACC000846,JETWING LAKE,Classified Hotels( 1-5 Star),"WIJEKUMARATHUNGA MAWATHA,YAPAGAMA,DAMBULLA.",Matale,Matale,FOUR,94,7.839867,,,,,official_tourism,Information for Accommodation.csv,jetwing lake,Classified Hotels( 1-5 Star).xlsx | Information for Accommodation.csv
ACC000847,JETWING LIGHTHOUSE,Tourist Hotels,"DADELLA,GALLE.",Galle,Galle,,85,6.042663,,,,,official_tourism,Information for Accommodation.csv,jetwing lighthouse,Information for Accommodation.csv | Tourist Hotels.xlsx
ACC000848,JETWING SEA,Classified Hotels( 1-5 Star),"PALAGITURAI, KOCHCHIKADE, NEGOMBO.",Gampaha,Gampaha,FOUR,72,7.25177,,,,,official_tourism,Information for Accommodation.csv,jetwing sea,Classified Hotels( 1-5 Star).xlsx | Information for Accommodation.csv
ACC000849,JETWING SUNRISE HOTEL,Tourist Hotels,"COCONUT DEVELOPMENT BOARD ROAD, PASSIKUDAH",Batticaloa,Batticaloa,,58,,,,,,official_tourism,Information for Accommodation.csv,jetwing sunrise hotel,Information for Accommodation.csv | Tourist Hotels.xlsx
ACC000850,JETWING YALA,Tourist Hotels,"PALATUPANA,YALA",Hambantota,Thissamaharama,,80,,,,,,official_tourism,Information for Accommodation.csv,jetwing yala,Information for Accommodation.csv | Tourist Hotels.xlsx
ACC000851,JIE JIE BEACH BY JETWING,Tourist Hotels,"NO.150,SAMUDRA MAWATHA,UYANKALEWATTA,PANADURA",Kalutara,Panadura Pradeshiya Sabha,,180,6.70343,,,,,official_tourism,Information for Accommodation.csv,jie jie beach by jetwing,Information for Accommodation.csv | Tourist Hotels.xlsx
ACC000852,JIMS FARM VILLA,Boutique Hotels,"AHELAPOLA, PELLEPOLA, MATALE",Matale,Pallepola Divisional Secretariat,,10,7.621357,,,,,official_tourism,Information for Accommodation.csv,jims farm villa,Boutique Hotels.xlsx | Information for Accommodation.csv
ACC000853,JKAB PARK HOTEL,Guest Houses,"NO.93, LOVE LANE, NILAVELI ROAD, TRINCOMALEE.",Trincomalee,Trincomalee,A,13,8.593913,,,,,official_tourism,Information for Accommodation.csv,jkab park hotel,Guest Houses.xlsx | Information for Accommodation.csv
ACC000854,JOES HABARANA VILLAGE,Guest Houses,"NO. 107, MILE POST, KIMBISSA.",Matale,Dambulla Pradeshiya Sabha,A,12,7.997661,,,,,official_tourism,Information for Accommodation.csv,joes habarana village,Guest Houses.xlsx | Information for Accommodation.csv
ACC000855,JOYOUS COTTAGE,Bangalows,"NO:62,NEELAMMAHARA ROAD, MAHARAGAMA",Colombo,Maharagama,DELUXE,6,6.837627,,,,,official_tourism,Information for Accommodation.csv,joyous cottage,Bungalows.xlsx | Information for Accommodation.csv
ACC000856,JULIANA HOTEL,Guest Houses,"NO.316,GALLE ROAD,COLOMBO 3",Colombo,Colombo,A,51,6.90929,,,,,official_tourism,Information for Accommodation.csv,juliana hotel,Guest Houses.xlsx | Information for Accommodation.csv
ACC000857,JULIYAN VILLA,Home Stay Units,"127/8, SANDUN UYANA, PILIMATALAWA.",Kandy,Kandy,SUPERIOR,4,7.2569323,,,,,official_tourism,Information for Accommodation.csv,juliyan villa,Home Stay Units.xlsx | Information for Accommodation.csv
ACC000858,JUNGLE BEACH RESORT,Tourist Hotels,"27TH KM POST, PULMUDEI ROAD, KUCHCHAVELI, TRINCOMALEE",Trincomalee,Kuchchaveli,,48,8.771857,,,,,official_tourism,Information for Accommodation.csv,jungle beach resort,Information for Accommodation.csv | Tourist Hotels.xlsx
ACC000859,JUNGLE BREEZE,Home Stay Units,"13B2/17B2, UPPER TANK ROAD, HANTHANA H.S, KANDY",Kandy,Kandy,DELUXE,3,7.274439,,,,,official_tourism,Information for Accommodation.csv,jungle breeze,Home Stay Units.xlsx | Information for Accommodation.csv
ACC000860,JUNGLE TIDE,Bangalows,"UDUWELA,HANTANE,KANDY",Kandy,Kandy,DELUXE,4,7.233831,,,,,official_tourism,Information for Accommodation.csv,jungle tide,Bungalows.xlsx | Information for Accommodation.csv
ACC000861,JUNGLE VIEW,Home Stay Units,"NO.55,CIRCULAR ROAD,HANTHANA HOUSING SCHEME,HANTHANA,KANDY.",Kandy,Kandy,SUPERIOR,3,7.281025,,,,,official_tourism,Information for Accommodation.csv,jungle view,Home Stay Units.xlsx | Information for Accommodation.csv
ACC000862,JUNGLE VILLAGE HOMESTAY,Home Stay Units,"A-92,,GALPOLA,,MOLAGODA,",Kegalle,Rambukkana Pradeshiya Sabha,STANDARD,1,7.277056,,,,,official_tourism,Information for Accommodation.csv,jungle village homestay,Home Stay Units.xlsx | Information for Accommodation.csv
ACC000863,K.G.A.ARIYAWAN REST,Guest Houses,"K.P.66, 1ST AVANUE, NAWAGAMPURA,AMPARA.",Ampara,Ampara,A,31,7.294888,,,,,official_tourism,Information for Accommodation.csv,k g a ariyawan rest,Guest Houses.xlsx | Information for Accommodation.csv
ACC000864,K. J SENIOR CITIZENS RECREATION CLUB,Guest Houses,"NO:100 E,BOPITIYA ROAD,USWETAKEIYAWA",Gampaha,Wattala Pradeshiya Sabha,B,7,,,,,,official_tourism,Information for Accommodation.csv,k j senior citizens recreation club,Guest Houses.xlsx | Information for Accommodation.csv
ACC000865,"KADUGANNAWA HOMESTAY, KANDY",Home Stay Units,"226/4, KANDY ROAD, KADAWATHGAMA, KADUGANNAWA",Kandy,Kadugannawa,STANDARD,2,,,,,,official_tourism,Information for Accommodation.csv,kadugannawa homestay kandy,Home Stay Units.xlsx | Information for Accommodation.csv
ACC000866,KADUGANNAWA REACH,Bangalows,"YATANTALE, UDAMULLA",Kegalle,Kegalle,STANDARD,7,,,,,,official_tourism,Information for Accommodation.csv,kadugannawa reach,Bungalows.xlsx | Information for Accommodation.csv
ACC000867,KAHAMBE ESTATE VILLA,Bangalows,"73/1, KAHAMBE ESTATE, KAHAMBE, PILIMATHALAWA",Kandy,Udunuwara Pradeshiya Sabha,STANDARD,4,7.255776,,,,,official_tourism,Information for Accommodation.csv,kahambe estate villa,Bungalows.xlsx | Information for Accommodation.csv
ACC000868,KAHANDA KANDA,Boutique Villas,"AGULUGAHA, GALLE",Galle,Galle,,6,6.020899,,,,,official_tourism,Information for Accommodation.csv,kahanda kanda,Boutique Villas.xlsx | Information for Accommodation.csv
ACC000869,KALLA BONGO LAKE RESORT,Guest Houses,"22/8K FEILD VIEW, BADDEGAMA ROAD, NALAGASDENIYA, HIKKADUWA.",Galle,Hikkaduwa,A,15,,,,,,official_tourism,Information for Accommodation.csv,kalla bongo lake resort,Guest Houses.xlsx | Information for Accommodation.csv
ACC000870,KALU S HIDEAWAY,Guest Houses,"WALAWEGAMA, UDAWALAWA.",Moneragala,Embilipitiya,A,7,,,,,,official_tourism,Information for Accommodation.csv,kalu s hideaway,Guest Houses.xlsx | Information for Accommodation.csv
ACC000871,KALUNDEWA RETREAT,Guest Houses,"KALUNDEWA RETREAT, DAMBULU OYA, DAMBULLA",Matale,Dambulla Pradeshiya Sabha,A,6,7.798901,,,,,official_tourism,Information for Accommodation.csv,kalundewa retreat,Guest Houses.xlsx | Information for Accommodation.csv
ACC000872,KALUWAGAHA WATTA,Home Stay Units,"INDRASARA MW, THALARAMBA, KAMBURUGAMUWA, MATARA",Matara,Matara,SUPERIOR,2,,,,,,official_tourism,Information for Accommodation.csv,kaluwagaha watta,Home Stay Units.xlsx | Information for Accommodation.csv
ACC000873,KAMARO HOLIDAY RESORT,Guest Houses,"NO. 05, BOLGODA, BANDARAGAMA",Kalutara,Bandaragama Pradeshiya Sabha,A,6,,,,,,official_tourism,Information for Accommodation.csv,kamaro holiday resort,Guest Houses.xlsx | Information for Accommodation.csv
ACC000874,KAMILI BEACH VILLA,Tourist Hotels,"NO.531,FIRST STATION ROAD,WASKADUWA,KALUTARA",Kalutara,Kalutara Pradeshiya Sabha,,24,6.629886,,,,,official_tourism,Information for Accommodation.csv,kamili beach villa,Information for Accommodation.csv | Tourist Hotels.xlsx
ACC000875,KAMON RICH,Home Stay Units,"405C, GUNARATNE MAWATHA, PAHALA IRIYAGAMA, PERADENIYA",Kandy,Kandy,STANDARD,5,,,,,,official_tourism,Information for Accommodation.csv,kamon rich,Home Stay Units.xlsx | Information for Accommodation.csv
ACC000876,KAMVELTA HOLIDAY RESORT,Guest Houses,"KINDELPITIYA JUNCTION,WELMILLA,BANDARAGAMA",Kalutara,Bandaragama Pradeshiya Sabha,A,6,6.751599,,,,,official_tourism,Information for Accommodation.csv,kamvelta holiday resort,Guest Houses.xlsx | Information for Accommodation.csv
ACC000877,KANDA HOLIDAY BUNGALOW,Bangalows,"NO.104, PARADISE PARK, HANTANA, KANDY",Kandy,Gagawata Koralya,SUPERIOR,3,7.279461,,,,,official_tourism,Information for Accommodation.csv,kanda holiday bungalow,Bungalows.xlsx | Information for Accommodation.csv
ACC000878,KANDANA REST,Bangalows,"117/A/4(27), DE MAZENOD COLLEGE ROAD, HAPUGODA, KANDANA",Gampaha,Ja-Ela Pradeshiya Sabha,STANDARD,2,,,,,,official_tourism,Information for Accommodation.csv,kandana rest,Bungalows.xlsx | Information for Accommodation.csv
ACC000879,KANDY CITY REST,Home Stay Units,"271/42B, WALIHIRIYA ROAD, UDA PERADENIYA, PERADENIYA",Kandy,Kandy,DELUXE,3,,,,,,official_tourism,Information for Accommodation.csv,kandy city rest,Home Stay Units.xlsx | Information for Accommodation.csv
ACC000880,KANDY COTTAGE,Bangalows,"NO. 160, LADY GORDON DRIVE, KANDY",Kandy,Kandy,SUPERIOR,3,7.301451,,,,,official_tourism,Information for Accommodation.csv,kandy cottage,Bungalows.xlsx | Information for Accommodation.csv
ACC000881,KANDY HILL VIEW HOME STAY,Home Stay Units,"50/10,,UPLANDS,,KANDY.",Kandy,Kandy,STANDARD,1,7.290572,,,,,official_tourism,Information for Accommodation.csv,kandy hill view home stay,Home Stay Units.xlsx | Information for Accommodation.csv
ACC000882,KANDY HILLS BUNGALOW,Bangalows,"96/1, PUNCHI BOGAPITIYA, DUMARA MAWATHA, BALAGOLA",Kandy,Kandy,DELUXE,2,,,,,,official_tourism,Information for Accommodation.csv,kandy hills bungalow,Bungalows.xlsx | Information for Accommodation.csv
ACC000883,KANDY HILL,Home Stay Units,"NO.195/9,RICHMOND HILL LANE,HEERSAGALA ROAD,KANDY.",Kandy,Kandy,STANDARD,1,7.2721647,,,,,official_tourism,Information for Accommodation.csv,kandy hill,Home Stay Units.xlsx | Information for Accommodation.csv
ACC000884,KANDY HOLIDAY HOME,Guest Houses,"51/30, BANGALAWATTA, LEWELLA, KANDY.",Kandy,Kandy,A,10,7.297828,,,,,official_tourism,Information for Accommodation.csv,kandy holiday home,Guest Houses.xlsx | Information for Accommodation.csv
ACC000885,KANDY HOLIDAY RESIDENCE,Home Stay Units,"NO.19/5,P.L.P.ALWIS MAWATHA,LEWELLA ROAD,KANDY.",Kandy,Kandy,SUPERIOR,3,7.2960543,,,,,official_tourism,Information for Accommodation.csv,kandy holiday residence,Home Stay Units.xlsx | Information for Accommodation.csv
ACC000886,KANDY HOUSE,Bangalows,"NO 95,UPUL MAWATHA, ,5TH LANE,PRIMROSE GARDEN,KANDY",Kandy,Kandy,DELUXE,2,7.282027,,,,,official_tourism,Information for Accommodation.csv,kandy house,Bungalows.xlsx | Information for Accommodation.csv
ACC000887,KANDY PANORAMA RESORT,Guest Houses,"NO. 352/H, DHARMARAJA MAWATHA, KANDY",Kandy,Kandy,A,10,7.287736,,,,,official_tourism,Information for Accommodation.csv,kandy panorama resort,Guest Houses.xlsx | Information for Accommodation.csv
ACC000888,KANDY RIVER BREEZE,Home Stay Units,"324A, HEWAHETA ROAD, THALWATTA, KANDY.",Kandy,Gagawata Koralya,SUPERIOR,3,7.2915244,,,,,official_tourism,Information for Accommodation.csv,kandy river breeze,Home Stay Units.xlsx | Information for Accommodation.csv
ACC000889,KANDY ROYAL RESORT,Home Stay Units,"NO.229/16, ROYAL WAY, THALWATTA, THANNAKUBURA ROAD, KANDY",Kandy,Gagawata Koralya,STANDARD,5,7.2838115,,,,,official_tourism,Information for Accommodation.csv,kandy royal resort,Home Stay Units.xlsx | Information for Accommodation.csv
ACC000890,KANDY SALUBRIOUS RESIDENCE,Bangalows,"13/4, DEEKIRIMADAWALA, NATTARAMPOTHA",Kandy,Kundasle,DELUXE,5,,,,,,official_tourism,Information for Accommodation.csv,kandy salubrious residence,Bungalows.xlsx | Information for Accommodation.csv
ACC000891,KANDY UYAN APARTMENT,Home Stay Units,"35/22 1/1, DHARMASOKA MAWATHA, KANDY",Kandy,Gagawata Koralya,STANDARD,2,,,,,,official_tourism,Information for Accommodation.csv,kandy uyan apartment,Home Stay Units.xlsx | Information for Accommodation.csv
ACC000892,KANDY VIEW VILLA,Home Stay Units,"86/19B, KANDY VIEW GARDEN, JORJ E DE SILVA MW, KANDY",Kandy,Kandy,STANDARD,2,,,,,,official_tourism,Information for Accommodation.csv,kandy view villa,Home Stay Units.xlsx | Information for Accommodation.csv
ACC000893,KANDYAN ARTS RESIDENCY,Guest Houses,"NO: 839, PERADENIYA ROAD, KANDY",Kandy,Kandy,A,13,7.276996,,,,,official_tourism,Information for Accommodation.csv,kandyan arts residency,Guest Houses.xlsx | Information for Accommodation.csv
ACC000894,KANDYAN MANOR,Home Stay Units,"214/3, RAJASINGHARAMA MW, GALAGEDARA RD, YATIWAWALA,KATUGASTOTA.",Kandy,Kandy,DELUXE,3,7.3260547,,,,,official_tourism,Information for Accommodation.csv,kandyan manor,Home Stay Units.xlsx | Information for Accommodation.csv
ACC000895,KANO LANKA CENTRE,Bangalows,"MAHATENNA ESTATE, ELKADUWA, MATALE.",Matale,,STANDARD,10,7.409476,,,,,official_tourism,Information for Accommodation.csv,kano lanka centre,Bungalows.xlsx | Information for Accommodation.csv
ACC000896,KANRO HOLIDAY RESORT,Guest Houses,"NO. 117, HANWELLA ROAD, TITTAPATHTHARA",Gampaha,Gampaha,B,7,6.930542,,,,,official_tourism,Information for Accommodation.csv,kanro holiday resort,Guest Houses.xlsx | Information for Accommodation.csv
ACC000897,KARUNAKARALA RESORT,Tourist Hotels,"JESUNASARENU ROAD, THOPPUTHOTA, WAIKKALA",Puttalam,Wennappuwa Pradeshiya Sabha,,17,7.2713071,,,,,official_tourism,Information for Accommodation.csv,karunakarala resort,Information for Accommodation.csv | Tourist Hotels.xlsx
ACC000898,KASHYAPA KINGDOM VIEW HOME,Home Stay Units,"NO 72 B/2, KAYAMWALA, SIGIRIYA",Matale,Dambulla Pradeshiya Sabha,STANDARD,4,,,,,,official_tourism,Information for Accommodation.csv,kashyapa kingdom view home,Home Stay Units.xlsx | Information for Accommodation.csv
ACC000899,KASSAPA LIONS ROCK,Classified Hotels( 1-5 Star),"DIGAMPATHAHA,KIMBISSA.",Matale,Dambulla Pradeshiya Sabha,TWO,31,7.979678,,,,,official_tourism,Information for Accommodation.csv,kassapa lions rock,Classified Hotels( 1-5 Star).xlsx | Information for Accommodation.csv
ACC000900,KAVI GUEST HOUSE,Guest Houses,"TRINCO ROAD, AMMATHANAWELY, KATHIRAWELY, VAKARAI",Batticaloa,Batticaloa,B,8,,,,,,official_tourism,Information for Accommodation.csv,kavi guest house,Guest Houses.xlsx | Information for Accommodation.csv
ACC000901,KAYJAY BEACH HOUSE,Bangalows,"OLD PASSIKUDHA ROAD,PASSIKUDHA",Batticaloa,Kalkudha,SUPERIOR,6,7.919074,,,,,official_tourism,Information for Accommodation.csv,kayjay beach house,Bungalows.xlsx | Information for Accommodation.csv
ACC000902,KETETHENNA TOUR INN,Guest Houses,"635,RATHNAPURA ROAD, KETETHENNA, KAHAWATTA.",Ratnapura,Ratnapura,B,9,,,,,,official_tourism,Information for Accommodation.csv,ketethenna tour inn,Guest Houses.xlsx | Information for Accommodation.csv
ACC000903,KETHA TOURIST BUNGALOW,Bangalows,"INDURUOWITA, THITHAGALLA, AHANGAMA",Galle,Galle,SUPERIOR,3,,,,,,official_tourism,Information for Accommodation.csv,ketha tourist bungalow,Bungalows.xlsx | Information for Accommodation.csv
ACC000904,KETHUMATHIYA GUEST HOUSE,Guest Houses,"1ST MILE POST, BEMMULLA, YAKKALA.",Gampaha,Gampaha,C,12,,,,,,official_tourism,Information for Accommodation.csv,kethumathiya guest house,Guest Houses.xlsx | Information for Accommodation.csv
ACC000905,KEVINS VILLA,Home Stay Units,"36/12,SANGARAJA MAWATHA,KANDY",Kandy,Kandy,STANDARD,4,7.289666,,,,,official_tourism,Information for Accommodation.csv,kevins villa,Home Stay Units.xlsx | Information for Accommodation.csv
ACC000906,KIKILI HOUSE,Bangalows,"32, LOWER DICKSON ROAD, GALLE.",Galle,Galle,DELUXE,4,,,,,,official_tourism,Information for Accommodation.csv,kikili house,Bungalows.xlsx | Information for Accommodation.csv
ACC000907,KING FISHER LEISURE,Bangalows,"MALIMIYA WATTA,YADDEHIMULLA ROAD,UNAWATUNA,GALLE.",Galle,Habaraduwa,DELUXE,4,6.008391,,,,,official_tourism,Information for Accommodation.csv,king fisher leisure,Bungalows.xlsx | Information for Accommodation.csv
ACC000908,KINGDOM RESORT,Guest Houses,"WALGAMPOKUNA, GODAUDA, KOTTEGODA.",Matara,Dickwella,A,8,,,,,,official_tourism,Information for Accommodation.csv,kingdom resort,Guest Houses.xlsx | Information for Accommodation.csv
ACC000909,KINGDOM REST INN,Guest Houses,"NO. 174/3, MEEPE JUNCTION, PADUKKA",Colombo,Colombo,B,5,,,,,,official_tourism,Information for Accommodation.csv,kingdom rest inn,Guest Houses.xlsx | Information for Accommodation.csv
ACC000910,KINGFISHER BEACH VILLA,Home Stay Units,"650/2, COLOMBO BOPITIYA ROAD, USWETAKEIYAWA",Gampaha,Wattala Pradeshiya Sabha,DELUXE,3,,,,,,official_tourism,Information for Accommodation.csv,kingfisher beach villa,Home Stay Units.xlsx | Information for Accommodation.csv
ACC000911,KIRCHHAYN BUNGALOW,Bangalows,"KIRCHHAYN BUNGALOW, AISLABY FARM & ESTATE, BANDARAWELA",Badulla,Bandarawela Pradeshiya Sabha,DELUXE,5,6.864006,,,,,official_tourism,Information for Accommodation.csv,kirchhayn bungalow,Bungalows.xlsx | Information for Accommodation.csv
ACC000912,KIRINDA BEACH RESORT,Guest Houses,"BEACH ROAD, NIDANGALAWELLA, KIRINDA, YALA",Hambantota,Hambantota,A,23,6.206688,,,,,official_tourism,Information for Accommodation.csv,kirinda beach resort,Guest Houses.xlsx | Information for Accommodation.csv
ACC000913,KIRINDA WALAWWA,Home Stay Units,"""KIRINDA WALAUWA"",HONDIYADENIYA ROAD,GAMPOLA",Kandy,,DELUXE,4,,,,,,official_tourism,Information for Accommodation.csv,kirinda walawwa,Home Stay Units.xlsx | Information for Accommodation.csv
ACC000914,KIRUWANA ELLA GUEST,Guest Houses,"URUBOKKA ROAD,MORAGALA,KIRILIPANA",Matara,Matara,B,6,,,,,,official_tourism,Information for Accommodation.csv,kiruwana ella guest,Guest Houses.xlsx | Information for Accommodation.csv
ACC000915,KISMET REST - MIRISSA,Home Stay Units,"KISMET,PARADISE BEACH ROAD,SCHOOL VIEW,MIRISSA,MATARA",Matara,Weligama Pradeshiya Sabha,SUPERIOR,3,,,,,,official_tourism,Information for Accommodation.csv,kismet rest mirissa,Home Stay Units.xlsx | Information for Accommodation.csv
ACC000916,KITE BEACH VILLAS,Guest Houses,"KUDAWA,KANDAKULIYA,KALPITIYA.",Puttalam,Kalpitiya Pradeshiya Sabha,B,8,8.226058,,,,,official_tourism,Information for Accommodation.csv,kite beach villas,Guest Houses.xlsx | Information for Accommodation.csv
ACC000917,KITESURFING LANKA,Guest Houses,"DUTCH BAY ROAD,KANDAKULIYA,KALPITIYA",Puttalam,Kalpitiya Pradeshiya Sabha,A,6,,,,,,official_tourism,Information for Accommodation.csv,kitesurfing lanka,Guest Houses.xlsx | Information for Accommodation.csv
ACC000918,KITHALA RESORT,Classified Hotels( 1-5 Star),"KATARAGAMA ROAD, THISSAMAHARAMA.",Hambantota,Thissamaharama,TWO,40,6.292455,,,,,official_tourism,Information for Accommodation.csv,kithala resort,Classified Hotels( 1-5 Star).xlsx | Information for Accommodation.csv
ACC000919,KITHULGALA REST HOUSE,Guest Houses,KITHULGALA,Kegalle,Yatiyantota Pradeshiya Sabha,A,19,6.995549,,,,,official_tourism,Information for Accommodation.csv,kithulgala rest house,Guest Houses.xlsx | Information for Accommodation.csv
ACC000920,KIVGA HOLIDAY HOME,Bangalows,"4C/8 FIRST STAGE, MIHINDU MAWATHA, ANURADHAPURA",Anuradhapura,Anuradhapura,DELUXE,4,8.333752,,,,,official_tourism,Information for Accommodation.csv,kivga holiday home,Bungalows.xlsx | Information for Accommodation.csv
ACC000921,KIZUNA HOUSE,Bangalows,"MEEGAHAPALLASSA JUNCTION, MEEGAHAPALLASSA, WELIPANNAGAHAMULLA",Kurunegala,Udubaddawa Pradeshiya Sabha,DELUXE,4,7.446826,,,,,official_tourism,Information for Accommodation.csv,kizuna house,Bungalows.xlsx | Information for Accommodation.csv
ACC000922,KK BEACH,Guest Houses,"MATARA ROAD, HABARADUWA, GALLE.",Galle,Habaraduwa,A,6,5.994056,,,,,official_tourism,Information for Accommodation.csv,kk beach,Guest Houses.xlsx | Information for Accommodation.csv
ACC000923,KOGGALA BEACH HOTEL,Classified Hotels( 1-5 Star),"KOGGALA,HABARADUWA.",Galle,Galle,ONE,189,5.9892056,,,,,official_tourism,Information for Accommodation.csv,koggala beach hotel,Classified Hotels( 1-5 Star).xlsx | Information for Accommodation.csv
ACC000924,KORAGAHA LODGE,Bangalows,"23, KORAGAHA ULPATHA, RANAKELIYA, TISSAMAHARAMA",Hambantota,Thissamaharama,DELUXE,4,6.239433,,,,,official_tourism,Information for Accommodation.csv,koragaha lodge,Bungalows.xlsx | Information for Accommodation.csv
ACC000925,KOSALA BUNGALOW,Bangalows,"""KOSALA"" URANWELA,ELPITIYA.",Galle,Galle,STANDARD,4,,,,,,official_tourism,Information for Accommodation.csv,kosala bungalow,Bungalows.xlsx | Information for Accommodation.csv
ACC000926,KOSGODA BEACH RESORT,Tourist Hotels,"P.O.BOX.1,NUPE,KOSGODA",Galle,Galle,,50,6.341,,,,,official_tourism,Information for Accommodation.csv,kosgoda beach resort,Information for Accommodation.csv | Tourist Hotels.xlsx
ACC000927,KOTHMALE HOLIDAY BUNGALOW,Bangalows,"126, NAWA NUGAWELA, GAMPOLA",Nuwara Eliya,Nuwara Eliya,SUPERIOR,3,7.063135,,,,,official_tourism,Information for Accommodation.csv,kothmale holiday bungalow,Bungalows.xlsx | Information for Accommodation.csv
ACC000928,KOTTAWATTA VILLAGE INN,Guest Houses,"THIMBOLKETIYA, KOLAMBAGEARA.",Ratnapura,Embilipitiya,B,6,6.406341,,,,,official_tourism,Information for Accommodation.csv,kottawatta village inn,Guest Houses.xlsx | Information for Accommodation.csv
ACC000929,KUMBUKGAS MANKADA-SIGIRIYA,Bangalows,"KUMBUKGAS MANKADA, AUDANGAWA, SIGIRIYA",Matale,Dambulla Pradeshiya Sabha,SUPERIOR,3,8.000215,,,,,official_tourism,Information for Accommodation.csv,kumbukgas mankada sigiriya,Bungalows.xlsx | Information for Accommodation.csv
ACC000930,KUMU BEACH,Guest Houses,"670/5, DALLE ROAD, WELAGEDARA,BALAPITIYA, GALLE",Galle,balapitiya,A,10,6.278716,,,,,official_tourism,Information for Accommodation.csv,kumu beach,Guest Houses.xlsx | Information for Accommodation.csv
ACC000931,KUMUDU VALLEY RESORT,Tourist Hotels,"THALDEKA ROAD,NAINAMADAMA",Puttalam,Wennappuwa Pradeshiya Sabha,,10,7.305658,,,,,official_tourism,Information for Accommodation.csv,kumudu valley resort,Information for Accommodation.csv | Tourist Hotels.xlsx
ACC000932,KUNDALA BUNGALOWS,Home Stay Units,"NARIGAMA TEMPLE ROAD,HIKKADUWA",Galle,Galle,STANDARD,3,,,,,,official_tourism,Information for Accommodation.csv,kundala bungalows,Home Stay Units.xlsx | Information for Accommodation.csv
ACC000933,KURULU ESTATE,Bangalows,"KURUNDU WATTHA, NAGASPOLA,RAKWANA",Ratnapura,Ratnapura,STANDARD,2,6.502264,,,,,official_tourism,Information for Accommodation.csv,kurulu estate,Bungalows.xlsx | Information for Accommodation.csv
ACC000934,KURULUKELAY INN,Guest Houses,"NO. 17, ALBERT SENEVIRATNA MAWATHA, KEGALLE",Kegalle,Kegalle,B,8,7.252171,,,,,official_tourism,Information for Accommodation.csv,kurulukelay inn,Guest Houses.xlsx | Information for Accommodation.csv
ACC000935,KURUNDUWATTA HOLIDAY RESORT,Guest Houses,"THOTUPOLA ROAD, PITIGALA",Galle,Galle,A,20,6.343892,,,,,official_tourism,Information for Accommodation.csv,kurunduwatta holiday resort,Guest Houses.xlsx | Information for Accommodation.csv
ACC000936,KUSUM NADIYA,Guest Houses,"NEGOMBO ROAD, KURUNEGALA.",Kurunegala,Kurunegala,B,10,7.476941,,,,,official_tourism,Information for Accommodation.csv,kusum nadiya,Guest Houses.xlsx | Information for Accommodation.csv
ACC000937,LA- MONTANA RESORT,Bangalows,"""DISNA""KITHAL-ELLA,ELLA",Badulla,Ella Pradeshiya Sabha,SUPERIOR,3,,,,,,official_tourism,Information for Accommodation.csv,la montana resort,Bungalows.xlsx | Information for Accommodation.csv
ACC000938,LA VILLA SANCTUARY,Bangalows,"1143/G/6, THE SANCTUARY, FOREST DRIVE, THALAWATHUGODA.",Colombo,Colombo,DELUXE,2,6.879158,,,,,official_tourism,Information for Accommodation.csv,la villa sanctuary,Bungalows.xlsx | Information for Accommodation.csv
ACC000939,LADY HILL,Classified Hotels( 1-5 Star),"NO. 29,UPPER DICKSON ROAD, GALLE",Galle,Galle,ONE,15,6.038658,,,,,official_tourism,Information for Accommodation.csv,lady hill,Classified Hotels( 1-5 Star).xlsx | Information for Accommodation.csv
ACC000940,LAGOON GARDEN,Guest Houses,"KALAWILAWATTA, MORAGALLA, ALUTHGAMA",Kalutara,Beruwala Pradeshiya Sabha,B,5,6.445224,,,,,official_tourism,Information for Accommodation.csv,lagoon garden,Guest Houses.xlsx | Information for Accommodation.csv
ACC000941,LAGOON PARADISE BEACH RESORT,Guest Houses,"MORAKOLIYA,TANGALLE",Hambantota,Hambantota,A,13,,,,,,official_tourism,Information for Accommodation.csv,lagoon paradise beach resort,Guest Houses.xlsx | Information for Accommodation.csv
ACC000942,LAGOON VIEW GUEST HOUSE AND RESTAURANT,Guest Houses,"STATION KANDA, HORAWALA, HABURUGALA",Galle,Bentota Pradeshiya Sabha,A,5,,,,,,official_tourism,Information for Accommodation.csv,lagoon view guest house and restaurant,Guest Houses.xlsx | Information for Accommodation.csv
ACC000943,LAHIRU PLACE,Home Stay Units,"119,ARUGAMBAY,POTTUVIL ,P/18.",Ampara,Ampara,STANDARD,4,6.838767,,,,,official_tourism,Information for Accommodation.csv,lahiru place,Home Stay Units.xlsx | Information for Accommodation.csv
ACC000944,LAKE LODGE BOUTIQUE HOTEL,Boutique Villas,"16,DIVISION,WEWA ROAD,KANDALAMA,DAMBULLA",Matale,Dambulla Pradeshiya Sabha,,6,7.863126,,,,,official_tourism,Information for Accommodation.csv,lake lodge boutique hotel,Boutique Villas.xlsx | Information for Accommodation.csv
ACC000945,LAKE LODGE GUEST HOUSE,Guest Houses,"NO.20, ALWIS TERRACE, COLOMBO 03.",Colombo,Colombo,A,13,6.914976,,,,,official_tourism,Information for Accommodation.csv,lake lodge guest house,Guest Houses.xlsx | Information for Accommodation.csv
ACC000946,LAKE REACH HOTEL,Guest Houses,"NO.59, LOUIS PEIRIS MAWATHA, KANDY.",Kandy,Kandy,B,8,7.289019,,,,,official_tourism,Information for Accommodation.csv,lake reach hotel,Guest Houses.xlsx | Information for Accommodation.csv
ACC000947,LAKE RESIDENCY,Home Stay Units,"185,ALAKESWARA ROAD,KOTTE",Colombo,Kotte Muncipal Council,DELUXE,3,,,,,,official_tourism,Information for Accommodation.csv,lake residency,Home Stay Units.xlsx | Information for Accommodation.csv
ACC000948,LAKE SERENITY,Classified Hotels( 1-5 Star),"GONAPITIYA, KURUWITA",Ratnapura,Ratnapura,TWO,14,6.762787,,,,,official_tourism,Information for Accommodation.csv,lake serenity,Classified Hotels( 1-5 Star).xlsx | Information for Accommodation.csv
ACC000949,LAKE SIDE TOURIST INN,Guest Houses,"AKURUGODA,THISSAMAHARAMA",Hambantota,Thissamaharama,A,22,6.284998,,,,,official_tourism,Information for Accommodation.csv,lake side tourist inn,Guest Houses.xlsx | Information for Accommodation.csv
ACC000950,LAKE VIEW GARDEN HOTEL,Guest Houses,"KANDY ROAD,MATALE JUNCTION, KURUNDANKULAMA, ANURADHAPURA.",Anuradhapura,Anuradhapura,B,6,8.347579,,,,,official_tourism,Information for Accommodation.csv,lake view garden hotel,Guest Houses.xlsx | Information for Accommodation.csv
ACC000951,LAKE VIEW INN,Guest Houses,"06, LIOYDS AVENUE, BATTICALOA.",Batticaloa,Batticaloa,B,9,7.715671,,,,,official_tourism,Information for Accommodation.csv,lake view inn,Guest Houses.xlsx | Information for Accommodation.csv
ACC000952,LAKE VIEW RESTAURANT,Guest Houses,"158,KESBEWA.",Colombo,Kesbewa,B,5,,,,,,official_tourism,Information for Accommodation.csv,lake view restaurant,Guest Houses.xlsx | Information for Accommodation.csv
ACC000953,LAKE VIEW VILLA,Bangalows,"LAKE VIEW VILLA, KATHALUWA, AHANGAMA.",Galle,Habaraduwa,DELUXE,4,5.993668,,,,,official_tourism,Information for Accommodation.csv,lake view villa,Bungalows.xlsx | Information for Accommodation.csv
ACC000954,LAKESIDE HYBRID VILLA,Home Stay Units,"178/4, KALUTHARA ROAD, WEVITA, BANDARAGAMA",Kalutara,Bandaragama Pradeshiya Sabha,SUPERIOR,1,,,,,,official_tourism,Information for Accommodation.csv,lakeside hybrid villa,Home Stay Units.xlsx | Information for Accommodation.csv
ACC000955,LAKESIDE LODGE KANDY,Home Stay Units,"36/1,SANGARAJA MAWATHE,KANDY",Kandy,Kandy,STANDARD,2,7.28971,,,,,official_tourism,Information for Accommodation.csv,lakeside lodge kandy,Home Stay Units.xlsx | Information for Accommodation.csv
ACC000956,LAKEVILLA' RAJAGIRIYA,Home Stay Units,"LAKEVILLA'- RAJAGIYA,289/2, GEMUNU MAWATHA, KOTUWEGODA, RAJAGIRIYA",Colombo,Kaduwela Pradeshiya Sabha,SUPERIOR,1,6.908145,,,,,official_tourism,Information for Accommodation.csv,lakevilla rajagiriya,Home Stay Units.xlsx | Information for Accommodation.csv
ACC000957,LAKHIRU HOLIDAY RESORT AND RESTAURANT,Guest Houses,"NO:218/B,KURUKUTHTHALA,KADUGANNAWA",Kandy,Kandy,B,8,,,,,,official_tourism,Information for Accommodation.csv,lakhiru holiday resort and restaurant,Guest Houses.xlsx | Information for Accommodation.csv
ACC000958,LAKMINI,Bangalows,"KAYANWALA, SIGIRIYA",Matale,Dambulla Pradeshiya Sabha,STANDARD,5,,,,,,official_tourism,Information for Accommodation.csv,lakmini,Bungalows.xlsx | Information for Accommodation.csv
ACC000959,LAL HOME STAY (BENTOTA),Home Stay Units,"NO 18, PITOROMBE, BENTOTA",Galle,Bentota Pradeshiya Sabha,STANDARD,4,,,,,,official_tourism,Information for Accommodation.csv,lal home stay bentota,Home Stay Units.xlsx | Information for Accommodation.csv
ACC000960,LAL HOME STAY (SIGIRIYA),Home Stay Units,"NO 209, AHELAGALA, SIGIRIYA",Matale,Dambulla Pradeshiya Sabha,STANDARD,4,7.949786,,,,,official_tourism,Information for Accommodation.csv,lal home stay sigiriya,Home Stay Units.xlsx | Information for Accommodation.csv
ACC000961,LALITH VILLA,Bangalows,"35, SAMUDRADEVI MAWATHA, ETHUL KOTTE",Colombo,Kotte Muncipal Council,DELUXE,4,,,,,,official_tourism,Information for Accommodation.csv,lalith villa,Bungalows.xlsx | Information for Accommodation.csv
ACC000962,LALITHA HOTEL,Classified Hotels( 1-5 Star),"NO.200A,GALLE ROAD, PAMBURANA, MATARA.",Matara,Matara,TWO,27,5.9442652,,,,,official_tourism,Information for Accommodation.csv,lalitha hotel,Classified Hotels( 1-5 Star).xlsx | Information for Accommodation.csv
ACC000963,LALUNA HOTEL,Guest Houses,"NO.6,KALUWAMODARA,ALUTHGAMA.",Kalutara,Aluthgama,B,14,6.435952,,,,,official_tourism,Information for Accommodation.csv,laluna hotel,Guest Houses.xlsx | Information for Accommodation.csv
ACC000964,LANDS END BUNGALOW,Bangalows,"YADDEHIMULLA ROAD, UNAWATUNA",Galle,Habaraduwa,DELUXE,7,6.008725,,,,,official_tourism,Information for Accommodation.csv,lands end bungalow,Bungalows.xlsx | Information for Accommodation.csv
ACC000965,LANDS END,Bangalows,"649/13,SK TOWN,MEDDAWATTA,MATARA",Matara,Matara,STANDARD,3,5.939156,,,,,official_tourism,Information for Accommodation.csv,lands end,Bungalows.xlsx | Information for Accommodation.csv
ACC000966,LANGDALE RESORT & SPA,Boutique Hotels,"P.O BOX 01, NANUOYA, RADELLA,NUWARAELIYA",Nuwara Eliya,Nuwara Eliya Divisional Secretariat,,13,6.929208,,,,,official_tourism,Information for Accommodation.csv,langdale resort spa,Boutique Hotels.xlsx | Information for Accommodation.csv
ACC000967,LANKA BEACH HOTEL,Guest Houses,"NO.84/1, PALAGATHURE, KOCHCHIKADE.",Gampaha,Negombo,A,15,7.2502,,,,,official_tourism,Information for Accommodation.csv,lanka beach hotel,Guest Houses.xlsx | Information for Accommodation.csv
ACC000968,LANKA HOLIDAY HOMES,Rented Apartments,"9B-9B1/1, 1ST CROSS STREET,KANDAWALA ROAD,RATHMALANA",Colombo,Dehiwala-Mount Lavinia,STANDARD,3,,,,,,official_tourism,Information for Accommodation.csv,lanka holiday homes,Information for Accommodation.csv | Rented Apartments.xlsx
ACC000969,LANKA INN TOURIST REST,Guest Houses,"NO.67,DUMBARA ROAD,HATTON",Nuwara Eliya,Hatton-Dickoya,B,11,,,,,,official_tourism,Information for Accommodation.csv,lanka inn tourist rest,Guest Houses.xlsx | Information for Accommodation.csv
ACC000970,LANKA PRINCESS HOTEL,Tourist Hotels,"KALUWAMODARA,BERUWELA",Kalutara,Beruwala Pradeshiya Sabha,,94,6.443611,,,,,official_tourism,Information for Accommodation.csv,lanka princess hotel,Information for Accommodation.csv | Tourist Hotels.xlsx
ACC000971,LANKA STAR BUNGALOW,Bangalows,"66/6, RATHNAYKE MAWATHA, PELAWATTE, BATTARAMULLA",Colombo,Kaduwela Pradeshiya Sabha,DELUXE,4,6.886401,,,,,official_tourism,Information for Accommodation.csv,lanka star bungalow,Bungalows.xlsx | Information for Accommodation.csv
ACC000972,LANKAN BRUNCH,Bangalows,"NO.152 ,PALLIYAWATTA ROAD, HENDALA, WATTALA",Gampaha,Wattala Pradeshiya Sabha,SUPERIOR,5,,,,,,official_tourism,Information for Accommodation.csv,lankan brunch,Bungalows.xlsx | Information for Accommodation.csv
ACC000973,LANTERN,Guest Houses,"NO.71,MATARA ROAD,KAMBURUGAMUWA,MATARA.",Colombo,Colombo,A,6,6.879486,,,,,official_tourism,Information for Accommodation.csv,lantern,Guest Houses.xlsx | Information for Accommodation.csv
ACC000974,LARIO RESORT,Guest Houses,"SIGIRIYA ROAD, GALAKOTUWA, SIGIRIYA",Matale,Dambulla Pradeshiya Sabha,B,8,,,,,,official_tourism,Information for Accommodation.csv,lario resort,Guest Houses.xlsx | Information for Accommodation.csv
ACC000975,LARKHCHEIN GUEST,Guest Houses,"92/10,YOUWN MAWATHA,KANTHALE",Trincomalee,Trincomalee,B,8,,,,,,official_tourism,Information for Accommodation.csv,larkhchein guest,Guest Houses.xlsx | Information for Accommodation.csv
ACC000976,LAURA,Home Stay Units,"SIRISEWANA,KITHAL-ELLA,ELLA",Badulla,Ella Pradeshiya Sabha,SUPERIOR,5,6.871415,,,,,official_tourism,Information for Accommodation.csv,laura,Home Stay Units.xlsx | Information for Accommodation.csv
ACC000977,LAVANGA RESORT AND SPA,Classified Hotels( 1-5 Star),"GALLE ROAD,PATHUWATHA,HIKKADUWA",Galle,Hikkaduwa,TWO,20,6.115437,,,,,official_tourism,Information for Accommodation.csv,lavanga resort and spa,Classified Hotels( 1-5 Star).xlsx | Information for Accommodation.csv
ACC000978,LAVENDISH BEACH RESORT,Guest Houses,"GANAHENA,UNAWATUNA,GALLE",Galle,Habaraduwa,A,15,6.007163,,,,,official_tourism,Information for Accommodation.csv,lavendish beach resort,Guest Houses.xlsx | Information for Accommodation.csv
ACC000979,LAVENDISH WILD SAFARI HOTEL,Tourist Hotels,"NO 01 ELA, HANDUNGAMUWA, WASGAMUWA, MATALE",Matale,Matale,,24,7.618698,,,,,official_tourism,Information for Accommodation.csv,lavendish wild safari hotel,Information for Accommodation.csv | Tourist Hotels.xlsx
ACC000980,LAVINIA GARDEN BUNGALOW,Rented Apartments,"38 - 40, COLLEGE AVENUE, MOUNT LAVINIA",Colombo,Dehiwala-Mount Lavinia,STANDARD,2,,,,,,official_tourism,Information for Accommodation.csv,lavinia garden bungalow,Information for Accommodation.csv | Rented Apartments.xlsx
ACC000981,LAVONRICH BUNGLOW,Bangalows,"NO:154,MEEGOLLA WATTA,NALANDA",Matale,Matale,SUPERIOR,3,,,,,,official_tourism,Information for Accommodation.csv,lavonrich bunglow,Bungalows.xlsx | Information for Accommodation.csv
ACC000982,LAWRENCE HILL PARADISE,Tourist Hotels,"47,WAULAGODA MIDDLE ROAD,HIKKADUWA",Galle,Hikkaduwa,,14,6.1346957,,,,,official_tourism,Information for Accommodation.csv,lawrence hill paradise,Information for Accommodation.csv | Tourist Hotels.xlsx
ACC000983,LAYA BEACH HOTEL,Tourist Hotels,"NO.286/3,GALLE ROAD,THALPITIYA-NORTH WADDUWA.",Kalutara,Panadura Pradeshiya Sabha,,28,6.678863,,,,,official_tourism,Information for Accommodation.csv,laya beach hotel,Information for Accommodation.csv | Tourist Hotels.xlsx
ACC000984,LAYA LEISURE - KUKULEGANGA,Tourist Hotels,"AUSKVALLY,MOLAKAWA",Kalutara,Kalutara Pradeshiya Sabha,,64,6.582918,,,,,official_tourism,Information for Accommodation.csv,laya leisure kukuleganga,Information for Accommodation.csv | Tourist Hotels.xlsx
ACC000985,LAYA WAVES,Guest Houses,"KALKUDAH,PASSIKUDAH.",Batticaloa,Batticaloa,A,8,7.918173,,,,,official_tourism,Information for Accommodation.csv,laya waves,Guest Houses.xlsx | Information for Accommodation.csv
ACC000986,LE GRAND MEAULNES - FAMILY HOLIDAY BUNGALOW,Bangalows,"""GREEN PATH"", TRINCOMALEE RD,HABARANA.",Anuradhapura,Anuradhapura,SUPERIOR,3,8.048284,,,,,official_tourism,Information for Accommodation.csv,le grand meaulnes family holiday bungalow,Bungalows.xlsx | Information for Accommodation.csv
ACC000987,LE REVE DIKKA,Guest Houses,"NO.583,GALLE ROAD,NARIGAMA,HIKKADUWA.",Galle,Hikkaduwa,B,5,,,,,,official_tourism,Information for Accommodation.csv,le reve dikka,Guest Houses.xlsx | Information for Accommodation.csv
ACC000988,LEGACY LANKA HOME STAY,Home Stay Units,"405/4. DIYA ADDARA, ATTANAGALLA",Gampaha,Attanagalla Pradeshiya Sabha,SUPERIOR,4,,,,,,official_tourism,Information for Accommodation.csv,legacy lanka home stay,Home Stay Units.xlsx | Information for Accommodation.csv
ACC000989,LEIJAY RESORT,Guest Houses,"NO :43,NEW LANE,MADAWALAMULLA,GALLE.",Galle,Galle,B,14,6.060452,,,,,official_tourism,Information for Accommodation.csv,leijay resort,Guest Houses.xlsx | Information for Accommodation.csv
ACC000990,LEISURE BUNGALOW,Bangalows,"101/18, MANIKPURAGAMA, WALLIMATAGAMA, KATARAGAMA",Moneragala,Katharagama,SUPERIOR,4,,,,,,official_tourism,Information for Accommodation.csv,leisure bungalow,Bungalows.xlsx | Information for Accommodation.csv
ACC000991,LEISURE DREAM INN,Home Stay Units,"WELLAWAYA ROAD,ELLA",Badulla,Ella Pradeshiya Sabha,STANDARD,2,6.870086,,,,,official_tourism,Information for Accommodation.csv,leisure dream inn,Home Stay Units.xlsx | Information for Accommodation.csv
ACC000992,LEISURE INN,Rented Homes,"NO 35, KONGASWATTE, MELEGAMA, WADDUWA",Kalutara,Kalutara Pradeshiya Sabha,STANDARD,3,,,,,,official_tourism,Information for Accommodation.csv,leisure inn,Information for Accommodation.csv | Rented Homes.xlsx
ACC000993,LEO'S HOME,Home Stay Units,"29 A, MUHANDIRAM LANE,DEHIWALA.",Colombo,Dehiwala-Mount Lavinia,SUPERIOR,4,,,,,,official_tourism,Information for Accommodation.csv,leo s home,Home Stay Units.xlsx | Information for Accommodation.csv
ACC000994,LEON HOTELS ARANA,Guest Houses,"GALAKOTUWA,INAMALUWA,SIGIRIYA ROAD,SIGIRIYA.",Matale,Dambulla Pradeshiya Sabha,B,7,,,,,,official_tourism,Information for Accommodation.csv,leon hotels arana,Guest Houses.xlsx | Information for Accommodation.csv
ACC000995,LEON REST,Guest Houses,"A 9 ROAD,PIHILLAWATTA,KAWDUPELALLA,MATALE.",Matale,Matale,B,6,,,,,,official_tourism,Information for Accommodation.csv,leon rest,Guest Houses.xlsx | Information for Accommodation.csv
ACC000996,LEOPARD DEN,Guest Houses,"WILPATTU JUNCTION, PAHALAMARAGAHAWEWA",Anuradhapura,Anuradhapura,A,12,8.260678,,,,,official_tourism,Information for Accommodation.csv,leopard den,Guest Houses.xlsx | Information for Accommodation.csv
ACC000997,LESPRI GRAND,Bangalows,"35, KIMBULAPITIYA ROAD, THELWATHTHA JUNCTION, NEGOMBO",Gampaha,Negombo,DELUXE,8,,,,,,official_tourism,Information for Accommodation.csv,lespri grand,Bungalows.xlsx | Information for Accommodation.csv
ACC000998,LIFE AYURVEDA RESORT,Tourist Hotels,"NO:18,RATNAYAKE PLACE,THALPITIYA SOUTH,WADDUWA",Kalutara,Kalutara Pradeshiya Sabha,,19,6.673982,,,,,official_tourism,Information for Accommodation.csv,life ayurveda resort,Information for Accommodation.csv | Tourist Hotels.xlsx
ACC000999,LIGHT HOUSE PROPERTY,Bangalows,"48, LIGHT HOUSE STREET, FORT, GALLE",Galle,Galle,DELUXE,4,,,,,,official_tourism,Information for Accommodation.csv,light house property,Bungalows.xlsx | Information for Accommodation.csv
ACC001000,LIHINIYA SEA VIEW GUEST HOUSE,Guest Houses,"39/A,DE SERAM ROAD,MOUNT LAVINIA",Colombo,Dehiwala-Mount Lavinia,A,20,,,,,,official_tourism,Information for Accommodation.csv,lihiniya sea view guest house,Guest Houses.xlsx | Information for Accommodation.csv
ACC001001,LILLY ROSA,Home Stay Units,"41/41/D, RICHMOND HILL, POLWATTE,SUDUHUMPOLA,KANDY",Kandy,Kandy,SUPERIOR,3,7.2800016,,,,,official_tourism,Information for Accommodation.csv,lilly rosa,Home Stay Units.xlsx | Information for Accommodation.csv
ACC001002,LILY RESTAURENT AND INN,Guest Houses,"123/12,DE ABREW ROAD,KALUTARA NORTH,KALUTARA",Kalutara,Kalutara Pradeshiya Sabha,A,5,,,,,,official_tourism,Information for Accommodation.csv,lily restaurent and inn,Guest Houses.xlsx | Information for Accommodation.csv
ACC001003,LILY,Rented Apartments,"72 3/1E, CARLTON RESIDENCIES, PAPILIYANA ROAD, NADIMALA, DEHIWALA.",Colombo,Colombo,SUPERIOR,1,,,,,,official_tourism,Information for Accommodation.csv,lily,Information for Accommodation.csv | Rented Apartments.xlsx
ACC001004,LINROSE HOTEL,Guest Houses,"175/1, KANDY ROAD, ALUTHGAMA, BOGAMUWA, YAKKALA",Gampaha,Gampaha,A,9,7.109119,,,,,official_tourism,Information for Accommodation.csv,linrose hotel,Guest Houses.xlsx | Information for Accommodation.csv
ACC001005,LITTLE VILLA,Home Stay Units,"234 MAHA VIHARA ROAD,MOLLIGODA",Kalutara,Panadura,SUPERIOR,5,6.6626348,,,,,official_tourism,Information for Accommodation.csv,little villa,Home Stay Units.xlsx | Information for Accommodation.csv
ACC001006,LIVING HERITAGE KOSLANDA,Guest Houses,"EGODAWATTE ESTATE,NAULLA,KOSLANDA,UVA",Badulla,Badulla,A,5,6.7299126,,,,,official_tourism,Information for Accommodation.csv,living heritage koslanda,Guest Houses.xlsx | Information for Accommodation.csv
ACC001007,LIYANKA GUEST HOUSE,Guest Houses,"NO:110/1,SRI DEVANANDA ROAD,PILIYANDALA.",Colombo,Kesbewa,B,6,6.803928,,,,,official_tourism,Information for Accommodation.csv,liyanka guest house,Guest Houses.xlsx | Information for Accommodation.csv
ACC001008,LIYON LANKA,Bangalows,"188/1, N.J.V COORAY MAWATHA, NAWALA,RAJAGIRIYA",Colombo,Colombo,DELUXE,5,,,,,,official_tourism,Information for Accommodation.csv,liyon lanka,Bungalows.xlsx | Information for Accommodation.csv
ACC001009,LIYON REST,Bangalows,"4TH MAIL POST, SIGIRIYA",Matale,Matale,STANDARD,4,,,,,,official_tourism,Information for Accommodation.csv,liyon rest,Bungalows.xlsx | Information for Accommodation.csv
ACC001010,LODGE 19,Bangalows,"NO 19, AVE MARIA ROAD, NEGOMBO",Gampaha,Negombo,DELUXE,6,7.214054,,,,,official_tourism,Information for Accommodation.csv,lodge 19,Bungalows.xlsx | Information for Accommodation.csv
ACC001011,LONDON GUEST HOUSE,Guest Houses,"REST HOUSE ROAD, KALMUNAI.",Ampara,Kalmunai,B,7,,,,,,official_tourism,Information for Accommodation.csv,london guest house,Guest Houses.xlsx | Information for Accommodation.csv
ACC001012,LOON TAO,Guest Houses,"43\12 BEACH ROAD,MOUNT LAVINIA.",Colombo,Dehiwala-Mount Lavinia,B,5,6.839039,,,,,official_tourism,Information for Accommodation.csv,loon tao,Guest Houses.xlsx | Information for Accommodation.csv
ACC001013,LOTUS APARTMENT,Rented Apartments,"72 2/1D, CARLTON RESIDENCIES, PAPILIYANA RD,NADIMALA, DEHIWALA",Colombo,Dehiwala-Mount Lavinia,SUPERIOR,2,,,,,,official_tourism,Information for Accommodation.csv,lotus apartment,Information for Accommodation.csv | Rented Apartments.xlsx
ACC001014,LOTUS CHALETS ECO HOTEL-UDAWALAWA,Bangalows,"PAHALA KUMBUKEWEWA, CANAL ROAD, MIGAHAJANDURA, SOORIYAWEWA",Hambantota,Hambantota,SUPERIOR,3,6.365119,,,,,official_tourism,Information for Accommodation.csv,lotus chalets eco hotel udawalawa,Bungalows.xlsx | Information for Accommodation.csv
ACC001015,LOTUS PARADISE,Guest Houses,"PANNALA,GODAGEDARA,BALAPITIYA",Galle,balapitiya,A,8,,,,,,official_tourism,Information for Accommodation.csv,lotus paradise,Guest Houses.xlsx | Information for Accommodation.csv
ACC001016,LOTUS REST,Guest Houses,"162/19, WATHUREGAMA, AHUNGALLA",Galle,Galle,A,20,6.305251,,,,,official_tourism,Information for Accommodation.csv,lotus rest,Guest Houses.xlsx | Information for Accommodation.csv
ACC001017,LOURDES INN HOTEL,Guest Houses,"20/4,3RD LANE,MAGASTHOTHA,NUWARA ELIYA.",Nuwara Eliya,Nuwara Eliya,A,18,6.946254,,,,,official_tourism,Information for Accommodation.csv,lourdes inn hotel,Guest Houses.xlsx | Information for Accommodation.csv
ACC001018,LOVE IS SWEET COTTAGE,Home Stay Units,"""SAMANSIRI"" ETHIMALE,KITHAL-ELLA,ELLA",Badulla,Ella Pradeshiya Sabha,STANDARD,1,6.86269,,,,,official_tourism,Information for Accommodation.csv,love is sweet cottage,Home Stay Units.xlsx | Information for Accommodation.csv
ACC001019,LUCKTISSME GUEST HOME,Home Stay Units,"125,PITAKANDA ROAD, MAHAYAYA, KANDY.",Kandy,Kandy,SUPERIOR,4,,,,,,official_tourism,Information for Accommodation.csv,lucktissme guest home,Home Stay Units.xlsx | Information for Accommodation.csv
ACC001020,LUCKY STAR GUEST HOUSE,Guest Houses,"31,TUDUWEWATTA GOYAMBOKKA,TANGALLE",Hambantota,Tangalle Pradeshiya Sabha,B,9,,,,,,official_tourism,Information for Accommodation.csv,lucky star guest house,Guest Houses.xlsx | Information for Accommodation.csv
ACC001021,LUCKY STAR,Home Stay Units,"""LUCKY STAR"" KITHAL-ELLA,ELLA",Badulla,Ella Pradeshiya Sabha,STANDARD,4,6.870025,,,,,official_tourism,Information for Accommodation.csv,lucky star,Home Stay Units.xlsx | Information for Accommodation.csv
ACC001022,LUCKY TOURIST INN,Guest Houses,"ULPOTHAYAYA,NARANWALA,GALAGEDARA",Kandy,Thumpane Pradeshiya Sabha,A,5,,,,,,official_tourism,Information for Accommodation.csv,lucky tourist inn,Guest Houses.xlsx | Information for Accommodation.csv
ACC001023,LUFORTUNE,Guest Houses,"NO.108,108/1,108/B, SIRIBOPURA, HAMBANTOTA.",Hambantota,Hambantota,B,10,,,,,,official_tourism,Information for Accommodation.csv,lufortune,Guest Houses.xlsx | Information for Accommodation.csv
ACC001024,LUMBINI INN,Home Stay Units,"NO 7,L,PARADISE GARDEN, LEWKE MAWATHA,WAHUGAPITIYA.,,PUSSELLAWA",Kandy,Udapalatha,STANDARD,4,7.110983,,,,,official_tourism,Information for Accommodation.csv,lumbini inn,Home Stay Units.xlsx | Information for Accommodation.csv
ACC001025,LUMBINI LAGOON.,Bangalows,"MIRIHANAWATHTHA,KATHALUWA.AHANGAMA.",Galle,Habaraduwa,DELUXE,4,5.987618,,,,,official_tourism,Information for Accommodation.csv,lumbini lagoon,Bungalows.xlsx | Information for Accommodation.csv
ACC001026,LUMBINI VILLA,Home Stay Units,"NO. 86/A, WARAPITIYA, DHARGA TOWN",Kalutara,Beruwala Pradeshiya Sabha,DELUXE,3,,,,,,official_tourism,Information for Accommodation.csv,lumbini villa,Home Stay Units.xlsx | Information for Accommodation.csv
ACC001027,LUNUGALA REST HOUSE,Guest Houses,"REST HOUSE, LUNUGALA.",Badulla,Badulla,B,3,7.038551,,,,,official_tourism,Information for Accommodation.csv,lunugala rest house,Guest Houses.xlsx | Information for Accommodation.csv
ACC001028,LUSH LIFE VILLA,Guest Houses,"TEMPLE ROAD,MEEPAWALA,PODDALA,GALLE.",Galle,Bope,A,11,6.113541,,,,,official_tourism,Information for Accommodation.csv,lush life villa,Guest Houses.xlsx | Information for Accommodation.csv
ACC001029,M.B GUEST HOUSE & RESTAURENT,Guest Houses,NO :100/2. PALANGATURE. KOCHCHIKADE,Gampaha,Negombo,B,5,,,,,,official_tourism,Information for Accommodation.csv,m b guest house restaurent,Guest Houses.xlsx | Information for Accommodation.csv
ACC001030,M.P.S.VILLAGE,Guest Houses,"KALUNDEWA ROAD, DAMBULU OYA JUNCTION, DAMBULLA",Matale,Dambulla Pradeshiya Sabha,A,12,7.798769,,,,,official_tourism,Information for Accommodation.csv,m p s village,Guest Houses.xlsx | Information for Accommodation.csv
ACC001031,MAALU MAALU RESORTS & SPA,Boutique Hotels,"TOURISM ZONE, PASSIKUDAH.",Batticaloa,Koralai Pattu Divisional Secretariat,,40,7.92839,,,,,official_tourism,Information for Accommodation.csv,maalu maalu resorts spa,Boutique Hotels.xlsx | Information for Accommodation.csv
ACC001032,MADOLDU ECO RESORT,Guest Houses,"GINIWELLA, KATHALUWA, AHANGAMA",Galle,Habaraduwa,B,5,,,,,,official_tourism,Information for Accommodation.csv,madoldu eco resort,Guest Houses.xlsx | Information for Accommodation.csv
ACC001033,MADULKELLE TEA & ECO LODGE,Tourist Hotels,"RICHLAND ROAD, MADULKELLE.",Kandy,Kandy,,11,7.393303,,,,,official_tourism,Information for Accommodation.csv,madulkelle tea eco lodge,Information for Accommodation.csv | Tourist Hotels.xlsx
ACC001034,MADUSANKA HOLYDAY HOME,Bangalows,"NO 15, DIGANA, RAJAWELLA,,",Kandy,Kundasle,STANDARD,8,7.296389,,,,,official_tourism,Information for Accommodation.csv,madusanka holyday home,Bungalows.xlsx | Information for Accommodation.csv
ACC001035,MAGAMPURA ECO VILLAGE RESORT,Tourist Hotels,"KAWANTISSAPURA,KATARAGAMA ROAD,TISSAMAHARAMAYA",Hambantota,Thissamaharama,,18,6.360924,,,,,official_tourism,Information for Accommodation.csv,magampura eco village resort,Information for Accommodation.csv | Tourist Hotels.xlsx
ACC001036,MAHAGAMA REST HOUSE,Guest Houses,"MAHAGAMA REST HOUSE, MAHAGAMA",Kalutara,Bulathsinhala Pradeshiya Sabha,B,4,6.62073,,,,,official_tourism,Information for Accommodation.csv,mahagama rest house,Guest Houses.xlsx | Information for Accommodation.csv
ACC001037,MAHAGEDARA HOME STAY,Home Stay Units,"MAHAGEDARA,PADAWIGAMPOLA, YATAGAMA, RAMBUKKANA",Kegalle,Rambukkana Pradeshiya Sabha,STANDARD,2,,,,,,official_tourism,Information for Accommodation.csv,mahagedara home stay,Home Stay Units.xlsx | Information for Accommodation.csv
ACC001038,MAHAKANDA HOMESTAY,Home Stay Units,"MAHAKANDA HOMESTAY,430/14,AMBERSTIYA LANE,SARASAWIGAMA ROAD,MAHAKANDA,PERADENIYA,KANDY",Kandy,Gagawata Koralya,SUPERIOR,2,,,,,,official_tourism,Information for Accommodation.csv,mahakanda homestay,Home Stay Units.xlsx | Information for Accommodation.csv
ACC001039,MAHAWELI REACH HOTEL,Classified Hotels( 1-5 Star),"35,P.B.A. WEERAKOON MAWATHA, KANDY",Kandy,Kandy,FIVE,116,7.325148,,,,,official_tourism,Information for Accommodation.csv,mahaweli reach hotel,Classified Hotels( 1-5 Star).xlsx | Information for Accommodation.csv
ACC001040,MAHAWELI VIEW RESIDENCE,Guest Houses,"184/2 MADAWALA ROAD, KATUGASTOTA.",Kandy,Kandy,B,6,,,,,,official_tourism,Information for Accommodation.csv,mahaweli view residence,Guest Houses.xlsx | Information for Accommodation.csv
ACC001041,MAHIE,Home Stay Units,"39, IVORY VILLAGE, YATIKOTAGAMA ROAD, PINNAWALA, RAMBUKKANA",Kegalle,Rambukkana Pradeshiya Sabha,STANDARD,2,,,,,,official_tourism,Information for Accommodation.csv,mahie,Home Stay Units.xlsx | Information for Accommodation.csv
ACC001042,MAHO REST HOUSE,Guest Houses,"REST HOUSE ROAD, REST HOUSE, MAHO",Kurunegala,Mahawa Pradeshiya Sabha,B,6,,,,,,official_tourism,Information for Accommodation.csv,maho rest house,Guest Houses.xlsx | Information for Accommodation.csv
ACC001043,MALA'S HOMESTAY,Home Stay Units,"NO:37/5 TETHNICAL COLLEGE ROAD,MANJANTHODUWAI-BATICALOA",Batticaloa,Batticaloa,STANDARD,1,7.730997,,,,,official_tourism,Information for Accommodation.csv,mala s homestay,Home Stay Units.xlsx | Information for Accommodation.csv
ACC001044,MALI NIWASA,Home Stay Units,"NO.126,KITHULAMPITIYA ROAD,KAHADUWAWATTA,GALLE.SRI LANKA",Galle,Galle,STANDARD,3,,,,,,official_tourism,Information for Accommodation.csv,mali niwasa,Home Stay Units.xlsx | Information for Accommodation.csv
ACC001045,"MALLIKA'S PLACE,",Rented Apartments,"FIRST FLOOR APARTMENT, 106/1, SAMPATHA NIVASA, PALANGATHURE, KOCHCHIKADE.",Gampaha,Negombo,STANDARD,1,,,,,,official_tourism,Information for Accommodation.csv,mallika s place,Information for Accommodation.csv | Rented Apartments.xlsx
ACC001046,MAMA COTTAGE,Home Stay Units,"SAPUMALTHANNA,PASSARA ROAD,ELLA",Badulla,Ella Pradeshiya Sabha,STANDARD,5,,,,,,official_tourism,Information for Accommodation.csv,mama cottage,Home Stay Units.xlsx | Information for Accommodation.csv
ACC001047,MAMAS CORAL BEACH,Guest Houses,"NO:338,GALLE ROAD,HIKKADUWA",Galle,Hikkaduwa,B,9,,,,,,official_tourism,Information for Accommodation.csv,mamas coral beach,Guest Houses.xlsx | Information for Accommodation.csv
ACC001048,MANDARA RESORT,Boutique Hotels,"NO. 416, MODARAWATTA, PELENA, MIRISSA, WEILIGAMA",Matara,Matara Divisional Secretariat,,12,5.964016,,,,,official_tourism,Information for Accommodation.csv,mandara resort,Boutique Hotels.xlsx | Information for Accommodation.csv
ACC001049,MANDARA ROSEN HOTEL,Classified Hotels( 1-5 Star),"NO.57, DETAGAMUWA, KATARAGAMA",Moneragala,Galle,FOUR,58,6.401201,,,,,official_tourism,Information for Accommodation.csv,mandara rosen hotel,Classified Hotels( 1-5 Star).xlsx | Information for Accommodation.csv
ACC001050,MANDARA ROYAL RESORT,Guest Houses,"253, HORAGOLLA, NITTAMBUWA",Gampaha,Attanagalla Pradeshiya Sabha,B,5,7.134154,,,,,official_tourism,Information for Accommodation.csv,mandara royal resort,Guest Houses.xlsx | Information for Accommodation.csv
ACC001051,MANDARINA COLOMBO,Tourist Hotels,"433, GALLE ROAD, COLOMBO 03",Colombo,Colombo,,72,6.900092,,,,,official_tourism,Information for Accommodation.csv,mandarina colombo,Information for Accommodation.csv | Tourist Hotels.xlsx
ACC001052,MANEL GUEST HOUSE,Guest Houses,"MANEL GUEST HOUSE,NEW TOWN ROAD,POLONNARUWA.",Polonnaruwa,Thamankaduwa Pradeshiya Sabha,B,8,,,,,,official_tourism,Information for Accommodation.csv,manel guest house,Guest Houses.xlsx | Information for Accommodation.csv
ACC001053,MANGALA GUEST HOUSE,Guest Houses,"14, ROSITA ESTATE, DAMBULLA ROAD, THORAYAYA, KIRIWAWLA.",Kurunegala,Kurunegala,B,6,,,,,,official_tourism,Information for Accommodation.csv,mangala guest house,Guest Houses.xlsx | Information for Accommodation.csv
ACC001054,MANGO HOUSE JAPANESE GUEST HOUSE,Home Stay Units,"422/B ,CAPTAIN NISHENDRA MW, NELUMPITIYA, THIMBIRIGASKATUWA, NEGOMBO.",Gampaha,Katana Pradeshiya Sabha,DELUXE,5,,,,,,official_tourism,Information for Accommodation.csv,mango house japanese guest house,Home Stay Units.xlsx | Information for Accommodation.csv
ACC001055,MANGO HOUSE,Bangalows,"3, LEYN BAAN CROSS STREET, GALLE FORT, GALLE",Galle,Galle,DELUXE,7,6.026796,,,,,official_tourism,Information for Accommodation.csv,mango house,Bungalows.xlsx | Information for Accommodation.csv
ACC001056,MANGO VILLA PANAMA,Home Stay Units,"PANAMA CENTRAL, PANAMA",Ampara,Ampara,STANDARD,1,,,,,,official_tourism,Information for Accommodation.csv,mango villa panama,Home Stay Units.xlsx | Information for Accommodation.csv
ACC001057,MANGO VILLA,Home Stay Units,"NO-13/129, 3RD LANE, CHANDRA WETTASINGHE MAWATHA, NAWALA, KOSWATTA.",Colombo,Colombo,DELUXE,3,6.896087,,,,,official_tourism,Information for Accommodation.csv,mango villa,Bungalows.xlsx | Home Stay Units.xlsx | Information for Accommodation.csv
ACC001058,MANOMA LEISURE VILLAGE,Guest Houses,"NO 165/11 , UPPER LAKE ROAD , NUWARA ELIYA",Nuwara Eliya,Sri Jayawardenapura-Kotte,B,12,6.957035,,,,,official_tourism,Information for Accommodation.csv,manoma leisure village,Guest Houses.xlsx | Information for Accommodation.csv
ACC001059,MAOYA RETREAT HOTEL,Guest Houses,"PINNAWALA RIVER RANGE(BANGALA WATHTHA),ANDIRIMADA,HIRIWADUNNA,KEGALLE",Kegalle,Rambukkana Pradeshiya Sabha,A,17,7.3013359,,,,,official_tourism,Information for Accommodation.csv,maoya retreat hotel,Guest Houses.xlsx | Information for Accommodation.csv
ACC001060,MAPLE HOMESTAY,Home Stay Units,"""DARHANA"" KITHAL-ELLA,ELLA",Badulla,Ella Pradeshiya Sabha,STANDARD,2,7.288128,,,,,official_tourism,Information for Accommodation.csv,maple homestay,Home Stay Units.xlsx | Information for Accommodation.csv
ACC001061,MARGOSA,Bangalows,"STATION ROAD, URELU NORTH, CHUNNAKAM, JAFFNA",Jaffna,Jaffna,DELUXE,5,9.746404,,,,,official_tourism,Information for Accommodation.csv,margosa,Bungalows.xlsx | Information for Accommodation.csv
ACC001062,MARINA BENTOTA,Guest Houses,"PARADISE ISLAND, NATIONAL HOLIDAY RESORT, BENTOTA.",Galle,Bentota Pradeshiya Sabha,A,13,6.428809,,,,,official_tourism,Information for Accommodation.csv,marina bentota,Guest Houses.xlsx | Information for Accommodation.csv
ACC001063,MARINA PASSIKUDAH,Tourist Hotels,"NO: 07, COCONUT BOARD ROAD, KALKUDAH, PASSIKUDAH",Batticaloa,Kalkudha,,26,7.92469,,,,,official_tourism,Information for Accommodation.csv,marina passikudah,Information for Accommodation.csv | Tourist Hotels.xlsx
ACC001064,MARLEY'S BEACH HOUSE,Bangalows,"MATARA ROAD, MIHIRIPANNA, THALPE, GALLE",Galle,Galle,DELUXE,2,,,,,,official_tourism,Information for Accommodation.csv,marley s beach house,Bungalows.xlsx | Information for Accommodation.csv
ACC001065,MARRIOT RESORT & SPA - WELIGAMA BAY,Tourist Hotels,"NO. 700, MATARA ROAD, PELANA, WELIGAMA.",Matara,Weligama Pradeshiya Sabha,,200,5.973065,,,,,official_tourism,Information for Accommodation.csv,marriot resort spa weligama bay,Information for Accommodation.csv | Tourist Hotels.xlsx
ACC001066,MARVEL HILLS - KANDY,Home Stay Units,"NO 20,GEORGE E DE SILVA MAWATHA, KANDY",Kandy,Kandy,DELUXE,3,,,,,,official_tourism,Information for Accommodation.csv,marvel hills kandy,Home Stay Units.xlsx | Information for Accommodation.csv
ACC001067,MAS VILLA,Guest Houses,"PAHALA WALAWWWA,MASWELA,KOTHMALE",Nuwara Eliya,Nuwara Eliya,A,7,,,,,,official_tourism,Information for Accommodation.csv,mas villa,Guest Houses.xlsx | Information for Accommodation.csv
ACC001068,MASTODON VALLEY SAFARI RESORT,Guest Houses,"NO 16, KUMUDU, THANAMALVILA ROAD, UDAWALAWA",Ratnapura,Udawalawa,B,8,6.419872,,,,,official_tourism,Information for Accommodation.csv,mastodon valley safari resort,Guest Houses.xlsx | Information for Accommodation.csv
ACC001069,MATALE TOURIST GUEST HOUSE,Guest Houses,"NO.145,M.C.ROAD,MATALE",Matale,Matale,B,5,,,,,,official_tourism,Information for Accommodation.csv,matale tourist guest house,Guest Houses.xlsx | Information for Accommodation.csv
ACC001070,MATHUGAMA PIYASA,Bangalows,"KAJUGAHAWATTA, SAMAKANDA ROAD, MATHUGAMA.",Kalutara,Mathugama Pradeshiya Sabha,STANDARD,3,,,,,,official_tourism,Information for Accommodation.csv,mathugama piyasa,Bungalows.xlsx | Information for Accommodation.csv
ACC001071,MAWELLA BEACH RESORT,Guest Houses,"MAHAWELA ROAD,MORAKETIYA,NAKULUGAMA,TANGALLE",Hambantota,Tangalle Pradeshiya Sabha,B,10,5.999027,,,,,official_tourism,Information for Accommodation.csv,mawella beach resort,Guest Houses.xlsx | Information for Accommodation.csv
ACC001072,MAX WADIYA,Bangalows,"147,GALLE ROAD, (PARROT JUNCTION), URAWATTE, AMBALANGODA",Galle,Galle,DELUXE,3,6.220452,,,,,official_tourism,Information for Accommodation.csv,max wadiya,Bungalows.xlsx | Information for Accommodation.csv
ACC001073,MAYA HOUSE,Guest Houses,"MAYA HOUSE. ""OLD HOUSE"",ARANWELA,BELIATTA.",Hambantota,Hambantota,A,5,6.04275,,,,,official_tourism,Information for Accommodation.csv,maya house,Guest Houses.xlsx | Information for Accommodation.csv
ACC001074,MAYURA BEACH RESORT,Guest Houses,"NO.33A, BEACH ROAD, MATARA.",Matara,Matara,B,16,5.942909,,,,,official_tourism,Information for Accommodation.csv,mayura beach resort,Guest Houses.xlsx | Information for Accommodation.csv
ACC001075,MEDAWACHCHIYA REST HOUSE,Guest Houses,MEDAWACHCHIYA,Anuradhapura,Anuradhapura,B,4,8.323678,,,,,official_tourism,Information for Accommodation.csv,medawachchiya rest house,Guest Houses.xlsx | Information for Accommodation.csv
ACC001076,MELBOURNE TOURIST REST,Guest Houses,"388/28, HARISCHANDRA MW, STAGE 1, ANURADHAPURA",Anuradhapura,Anuradhapura,A,10,8.331264,,,,,official_tourism,Information for Accommodation.csv,melbourne tourist rest,Guest Houses.xlsx | Information for Accommodation.csv
ACC001077,MELHEIM RESORT,Tourist Hotels,"LOWER BLACKWOOD,BERAGALA,HAPUTALE",Badulla,Haldummulla Pradeshiya Sabha,,14,6.759146,,,,,official_tourism,Information for Accommodation.csv,melheim resort,Information for Accommodation.csv | Tourist Hotels.xlsx
ACC001078,MEMENTO TOURIST GUEST HOUSE,Guest Houses,"NO.24, VIJAYA ROAD, GAMPAHA.",Gampaha,Gampaha,B,9,,,,,,official_tourism,Information for Accommodation.csv,memento tourist guest house,Guest Houses.xlsx | Information for Accommodation.csv
ACC001079,MERMAID HOTEL & CLUB,Classified Hotels( 1-5 Star),"MAHAWASKADUWA, KALUTARA",Kalutara,Kalutara Pradeshiya Sabha,TWO,72,6.61728,,,,,official_tourism,Information for Accommodation.csv,mermaid hotel club,Classified Hotels( 1-5 Star).xlsx | Information for Accommodation.csv
ACC001080,MEZZALUNA REST,Guest Houses,"12A,JAYA MAWATHA,WALANA,PANADURA",Kalutara,Panadura Pradeshiya Sabha,B,6,,,,,,official_tourism,Information for Accommodation.csv,mezzaluna rest,Guest Houses.xlsx | Information for Accommodation.csv
ACC001081,MICHELLE BOUTIQUE HOTEL,Tourist Hotels,"432,GALLE ROAD,BALAPITIYA",Galle,Galle,,10,6.263385,,,,,official_tourism,Information for Accommodation.csv,michelle boutique hotel,Information for Accommodation.csv | Tourist Hotels.xlsx
ACC001082,MID BAY GUEST HOUSE,Home Stay Units,"MEEZAN ROAD,ARUGAMBAY,POTTUVIL.",Ampara,Ampara,STANDARD,4,6.8462378,,,,,official_tourism,Information for Accommodation.csv,mid bay guest house,Home Stay Units.xlsx | Information for Accommodation.csv
ACC001083,MIDKY HOTEL,Guest Houses,"NO.405, KANDY ROAD, BAMBARAKELE, NUWARAELIYA",Nuwara Eliya,Nuwara Eliya,A,8,6.981969,,,,,official_tourism,Information for Accommodation.csv,midky hotel,Guest Houses.xlsx | Information for Accommodation.csv
ACC001084,MIDLAND GUEST HOUSE,Guest Houses,"NO.930/1, SAW MILL JUNCTION, KADURUWELA, POLONNARUWA.",Polonnaruwa,Polonnaruwa,A,8,,,,,,official_tourism,Information for Accommodation.csv,midland guest house,Guest Houses.xlsx | Information for Accommodation.csv
ACC001085,MIHILIYA GUEST HOUSE,Guest Houses,"NO:420/B,A9 ROAD,OLUKARANDA,KEKIRAWA",Anuradhapura,Anuradhapura,B,5,,,,,,official_tourism,Information for Accommodation.csv,mihiliya guest house,Guest Houses.xlsx | Information for Accommodation.csv
ACC001086,MIHIRI BEACH HOUSE,Bangalows,"SANUK HOLDING,MIHIRI BEACH HOUSE,MATARA ROAD,TALPE",Galle,Habaraduwa,DELUXE,4,5.999711,,,,,official_tourism,Information for Accommodation.csv,mihiri beach house,Bungalows.xlsx | Information for Accommodation.csv
ACC001087,MIHISANDA HOME STAY,Home Stay Units,"NO 8, NATIONAL HOUSES, JAYAPURA, HINGURAKGODA",Polonnaruwa,Hingurakgoda Pradeshiya Sabha,SUPERIOR,4,,,,,,official_tourism,Information for Accommodation.csv,mihisanda home stay,Home Stay Units.xlsx | Information for Accommodation.csv
ACC001088,MIHISARA LAKE VIEW,Home Stay Units,"MIHISARA LAKE VIEW, DEBARAWEWA, TISSAMAHARAMA.",Hambantota,Thissamaharama,STANDARD,2,6.2854503,,,,,official_tourism,Information for Accommodation.csv,mihisara lake view,Home Stay Units.xlsx | Information for Accommodation.csv
ACC001089,MILAN SQUARE,Rented Apartments,"7/5, 10, 37TH LANE, COLOMBO 06",Colombo,Colombo,SUPERIOR,3,6.869139,,,,,official_tourism,Information for Accommodation.csv,milan square,Information for Accommodation.csv | Rented Apartments.xlsx
ACC001090,MILANO GRAND NEW REST HOUSE,Guest Houses,"50,KANDY ROAD,DAMBULLA",Matale,Chilaw Pradeshiya Sabha,A,5,7.886598,,,,,official_tourism,Information for Accommodation.csv,milano grand new rest house,Guest Houses.xlsx | Information for Accommodation.csv
ACC001091,MILANO TOURIST REST,Guest Houses,"596/40, STAGE 01, ANURADHAPURA.",Anuradhapura,Anuradhapura,A,8,8.325037,,,,,official_tourism,Information for Accommodation.csv,milano tourist rest,Guest Houses.xlsx | Information for Accommodation.csv
ACC001092,MILLENIUM PARK INN & RESTAURANT,Guest Houses,"1594, KADUWELA ROAD, ATHURUGIRIYA.",Colombo,Kaduwela Pradeshiya Sabha,B,5,,,,,,official_tourism,Information for Accommodation.csv,millenium park inn restaurant,Guest Houses.xlsx | Information for Accommodation.csv
ACC001093,MILTONS BEACH RESORT,Guest Houses,"GANAHENA,UNAWATUNA",Galle,Galle,B,28,6.005965,,,,,official_tourism,Information for Accommodation.csv,miltons beach resort,Guest Houses.xlsx | Information for Accommodation.csv
ACC001094,MIRAGE HOTEL,Classified Hotels( 1-5 Star),"NO: 61, MOORS ROAD, MARINE DRIVE, WELLAWATTE, COLOMBO 06",Colombo,Colombo,TWO,60,6.8705488,,,,,official_tourism,Information for Accommodation.csv,mirage hotel,Classified Hotels( 1-5 Star).xlsx | Information for Accommodation.csv
ACC001095,MIRAGE KINGS COTTAGE,Boutique Villas,"NO 111, HAVELOCK DRIVE, OFF UPPER LAKE ROAD,NUWARAELIYA.",Nuwara Eliya,Nuwara Eliya,,11,6.9641218,,,,,official_tourism,Information for Accommodation.csv,mirage kings cottage,Boutique Villas.xlsx | Information for Accommodation.csv
ACC001096,MIRIDIYA HOTEL,Classified Hotels( 1-5 Star),"WASALA DATHTHA MAWATHA, ANURADHAPURA",Anuradhapura,Anuradhapura,ONE,40,8.3314154,,,,,official_tourism,Information for Accommodation.csv,miridiya hotel,Classified Hotels( 1-5 Star).xlsx | Information for Accommodation.csv
ACC001097,MIRISSA BAY RESORT,Guest Houses,"UDUPILA,MIRISSA",Matara,Uhana Pradeshiya Sabha,B,9,5.944825,,,,,official_tourism,Information for Accommodation.csv,mirissa bay resort,Guest Houses.xlsx | Information for Accommodation.csv
ACC001098,MIRISSA HILLS,Boutique Villas,"HENWALA ROAD, HENWALA, MIRISSA",Matara,Galle,,8,5.963842,,,,,official_tourism,Information for Accommodation.csv,mirissa hills,Boutique Villas.xlsx | Information for Accommodation.csv
ACC001099,MISTY HILLS BOUTIQUE COTTAGE,Bangalows,"20/23,TOP PASS, KANDY ROAD, NUWARAELIYA.(VIA SANASA RESORT)",Nuwara Eliya,Nuwara Eliya,DELUXE,4,6.9906717,,,,,official_tourism,Information for Accommodation.csv,misty hills boutique cottage,Bungalows.xlsx | Information for Accommodation.csv
ACC001100,MISTY HILLS,Home Stay Units,"37, UDA PERADENIYA, PERADENIYA",Kandy,Kandy,SUPERIOR,1,7.2657901,,,,,official_tourism,Information for Accommodation.csv,misty hills,Home Stay Units.xlsx | Information for Accommodation.csv
ACC001101,MISTY VIEW COTTAGE HOME STAY EXPERIANCE,Home Stay Units,"509/11,SANASA HOLIDAY RESORT, TOP PASS,KANDY ROAD, NUWARA ELIYA.",Nuwara Eliya,Nuwara Eliya,DELUXE,2,6.9905755,,,,,official_tourism,Information for Accommodation.csv,misty view cottage home stay experiance,Home Stay Units.xlsx | Information for Accommodation.csv
ACC001102,MISUKI PLAZA HOTEL,Classified Hotels( 1-5 Star),"NO.309,COLOMBO ROAD,WELISARA,RAGAMA.",Gampaha,Ja-Ela Pradeshiya Sabha,ONE,26,7.033237,,,,,official_tourism,Information for Accommodation.csv,misuki plaza hotel,Classified Hotels( 1-5 Star).xlsx | Information for Accommodation.csv
ACC001103,MIYURASA HOTEL,Guest Houses,"1613, AVISSAWELLA ROAD, RANALA.",Colombo,Kaduwela Pradeshiya Sabha,A,10,,,,,,official_tourism,Information for Accommodation.csv,miyurasa hotel,Guest Houses.xlsx | Information for Accommodation.csv
ACC001104,MOCKINGBIRD RESIDENCE,Home Stay Units,"1/7, UNIQUE VIEW ROAD, NUWARAELIYA",Nuwara Eliya,Nuwara Eliya,STANDARD,3,6.963297,,,,,official_tourism,Information for Accommodation.csv,mockingbird residence,Home Stay Units.xlsx | Information for Accommodation.csv
ACC001105,MODERN CITY INN,Bangalows,"426, MAIN STREET, NEGAMBO",Gampaha,Gampaha,SUPERIOR,8,7.212444,,,,,official_tourism,Information for Accommodation.csv,modern city inn,Bungalows.xlsx | Information for Accommodation.csv
ACC001106,MODERN SEMI LUXURY TOURIST HOTEL,Guest Houses,"NO.361, NEW ROAD, DALUGAMA, KELANIYA.",Gampaha,Kelaniya Pradeshiya Sabha,B,48,,,,,,official_tourism,Information for Accommodation.csv,modern semi luxury tourist hotel,Guest Houses.xlsx | Information for Accommodation.csv
ACC001107,MONARCH ELLA,Home Stay Units,"ETHULGASHINNA,KITHAL-ELLA,ELLA",Badulla,Ella Pradeshiya Sabha,STANDARD,3,6.871848,,,,,official_tourism,Information for Accommodation.csv,monarch ella,Home Stay Units.xlsx | Information for Accommodation.csv
ACC001108,MONERATENNA,Bangalows,"BACK OF BEYOND,WARNAKULASURIYA MAWATHA,KAHANDAMODARA,RANNA.",Hambantota,Tangalle Pradeshiya Sabha,DELUXE,7,6.069909,,,,,official_tourism,Information for Accommodation.csv,moneratenna,Bungalows.xlsx | Information for Accommodation.csv
ACC001109,MONREPO GUEST HOUSE AND RESTAURANT,Guest Houses,"NO 107, GALA JUNCTION KANDY ROAD KIRIBATHGODA",Gampaha,Mahara Pradeshiya Sabha,B,17,6.984369,,,,,official_tourism,Information for Accommodation.csv,monrepo guest house and restaurant,Guest Houses.xlsx | Information for Accommodation.csv
ACC001110,MONTY GUEST,Guest Houses,"C 32,1ST AVEUNE,AMPARA",Ampara,Ampara,A,42,7.286339,,,,,official_tourism,Information for Accommodation.csv,monty guest,Guest Houses.xlsx | Information for Accommodation.csv
ACC001111,MOON EYES BEACH HOTEL,Home Stay Units,"MAIN STREET,ARUGAMBAY,POTTUVIL.",Ampara,Ampara,STANDARD,8,6.8732789,,,,,official_tourism,Information for Accommodation.csv,moon eyes beach hotel,Home Stay Units.xlsx | Information for Accommodation.csv
ACC001112,MOONSTONE VILLAS,Guest Houses,"336, MATARA ROAD, TANGALLE",Hambantota,Hambantota,B,7,6.019395,,,,,official_tourism,Information for Accommodation.csv,moonstone villas,Guest Houses.xlsx | Information for Accommodation.csv
ACC001113,MORNING LIGHT,Home Stay Units,"WATAGODAWATTA,KITHAL-ELLA,ELLA",Badulla,Ella Pradeshiya Sabha,STANDARD,1,6.869198,,,,,official_tourism,Information for Accommodation.csv,morning light,Home Stay Units.xlsx | Information for Accommodation.csv
ACC001114,MOSVOLD VILLA,Guest Houses,"38,WALHENGODA,AHANGAMA",Galle,Galle,A,8,5.976347,,,,,official_tourism,Information for Accommodation.csv,mosvold villa,Guest Houses.xlsx | Information for Accommodation.csv
ACC001115,MOULINI HOTEL,Guest Houses,"KODIKAMAM NORTH,KODIKAMAM",Jaffna,Jaffna,C,5,,,,,,official_tourism,Information for Accommodation.csv,moulini hotel,Guest Houses.xlsx | Information for Accommodation.csv
ACC001116,MOUNT BATTEN BUNGALOW,Boutique Villas,"BOWALAWATTA,WAITRARAMA,ARANVA ROAD,KANDY",Kandy,Kandy,,3,7.255123,,,,,official_tourism,Information for Accommodation.csv,mount batten bungalow,Boutique Villas.xlsx | Information for Accommodation.csv
ACC001117,MOUNT BAY SEA SIDE INN,Guest Houses,"NO:26/11,DE SERAM ROAD,MOUNT LAVINIA",Colombo,Dehiwala-Mount Lavinia,C,6,,,,,,official_tourism,Information for Accommodation.csv,mount bay sea side inn,Guest Houses.xlsx | Information for Accommodation.csv
ACC001118,MOUNT BREEZE HOTEL,Guest Houses,"22/5A,OFF DE SERAM ROAD,MT.LAVINIYA",Colombo,Moratuwa,A,24,6.8405724,,,,,official_tourism,Information for Accommodation.csv,mount breeze hotel,Guest Houses.xlsx | Information for Accommodation.csv
ACC001119,MOUNT FIELD RESORT,Guest Houses,"NO.166 KM POST, BADULLA ROAD, HALPE, BELIHULOYA.",Ratnapura,Balangoda,A,21,6.737361,,,,,official_tourism,Information for Accommodation.csv,mount field resort,Guest Houses.xlsx | Information for Accommodation.csv
ACC001120,MOUNT GAP HOTEL,Guest Houses,"NO.609/1, PELMADULLA ROAD, THIRIWANAKETIYA, KETENDOLA, RATHNAPURA.",Ratnapura,Ratnapura,C,7,,,,,,official_tourism,Information for Accommodation.csv,mount gap hotel,Guest Houses.xlsx | Information for Accommodation.csv
ACC001121,MOUNT HAVANA LUXURY BOUTIQUE VILLA,Boutique Villas,"P.O. BOX. 28, WATTAHENA, GAMPOLA.",Kandy,Gampola,,5,7.144944,,,,,official_tourism,Information for Accommodation.csv,mount havana luxury boutique villa,Boutique Villas.xlsx | Information for Accommodation.csv
ACC001122,MOUNT HAVEN,Home Stay Units,"NO.97/7, SRI DAMMASIDDI MAWATHA, ASGIRIYA, KANDY, SRI LANKA",Kandy,Kandy,SUPERIOR,4,7.304799,,,,,official_tourism,Information for Accommodation.csv,mount haven,Home Stay Units.xlsx | Information for Accommodation.csv
ACC001123,MOUNT LAVINIA HOME STAY,Home Stay Units,"17/7 OFF DE SARAM RD,MOUNT LAVINIA",Colombo,Colombo,STANDARD,3,6.8409658,,,,,official_tourism,Information for Accommodation.csv,mount lavinia home stay,Home Stay Units.xlsx | Information for Accommodation.csv
ACC001124,MOUNT LAVINIA HOTEL,Classified Hotels( 1-5 Star),"NO. 100, HOTEL ROAD, MT. LAVINIA",Colombo,Colombo,FOUR,204,6.833151,,,,,official_tourism,Information for Accommodation.csv,mount lavinia hotel,Classified Hotels( 1-5 Star).xlsx | Information for Accommodation.csv
ACC001125,MOUNT PLEASANT,Bangalows,"78, MISTY HILLS, WALAGEDARA, WATTAPALA, KADUGANNAWA.",Kandy,Kandy,STANDARD,3,,,,,,official_tourism,Information for Accommodation.csv,mount pleasant,Bungalows.xlsx | Information for Accommodation.csv
ACC001126,MOUNT REPUBLIC,Home Stay Units,"NO.06, LILIAN AVENUE, MOUNT LAVINIA.",Colombo,Dehiwala-Mount Lavinia,SUPERIOR,5,6.8330424,,,,,official_tourism,Information for Accommodation.csv,mount republic,Home Stay Units.xlsx | Information for Accommodation.csv
ACC001127,MOUNT ROYAL HANTHANA,Guest Houses,"NO.02, ATHULGAMA, MATIHAKKA WATHTHA, UDUWELA, HANTHANA",Kandy,Pahatha Hewaheta,A,10,,,,,,official_tourism,Information for Accommodation.csv,mount royal hanthana,Guest Houses.xlsx | Information for Accommodation.csv
ACC001128,MOUNT VIEW BUNGLOW,Bangalows,"58/A,INDIGAHAGODALLA,AKURESSA ROAD,YAKKALAMULLA.",Galle,Galle,SUPERIOR,2,,,,,,official_tourism,Information for Accommodation.csv,mount view bunglow,Bungalows.xlsx | Information for Accommodation.csv
ACC001129,MOUNT WAVES HOTEL,Guest Houses,"NO 17-19, DE SERAM ROAD,MOUNT LAVINIA",Colombo,Dehiwala-Mount Lavinia,B,9,6.840511,,,,,official_tourism,Information for Accommodation.csv,mount waves hotel,Guest Houses.xlsx | Information for Accommodation.csv
ACC001130,MOUNTAIN EDGE,Home Stay Units,"16/8,SAMADHI MW, AMPITIYA, KANDY",Kandy,Kandy,SUPERIOR,1,,,,,,official_tourism,Information for Accommodation.csv,mountain edge,Home Stay Units.xlsx | Information for Accommodation.csv
ACC001131,MOUNTAIN GEM,Bangalows,"237A, SRIMATH KUDA RATWATTA MW, KANDY.",Kandy,Kandy,SUPERIOR,4,,,,,,official_tourism,Information for Accommodation.csv,mountain gem,Bungalows.xlsx | Information for Accommodation.csv
ACC001132,MOUNTAIN ROCK HOLIDAY RESORT,Bangalows,"NO.202/3,BOWELAWATTA,KANDY",Kandy,Gagawata Koralya,SUPERIOR,2,7.260512,,,,,official_tourism,Information for Accommodation.csv,mountain rock holiday resort,Bungalows.xlsx | Information for Accommodation.csv
ACC001133,MOUNTAIN VIEW,Home Stay Units,"245/5, PILIMATHALAWA GARDENS, PILIMATHALAWA.",Kandy,Kandy,SUPERIOR,5,,,,,,official_tourism,Information for Accommodation.csv,mountain view,Home Stay Units.xlsx | Information for Accommodation.csv
ACC001134,MOUNTAIN VILLA RIVERSTON,Bangalows,"PITAWALA,ILLUKKUMBURA,MATALE",Matale,Matale,DELUXE,3,7.547738,,,,,official_tourism,Information for Accommodation.csv,mountain villa riverston,Bungalows.xlsx | Information for Accommodation.csv
ACC001135,MOVENPICK HOTEL COLOMBO,Tourist Hotels,"NO.24 DARMAPALA MAWATHA, COLOMBO 03",Colombo,Colombo,,219,6.9117582,,,,,official_tourism,Information for Accommodation.csv,movenpick hotel colombo,Information for Accommodation.csv | Tourist Hotels.xlsx
ACC001136,MUDUNA WALAWWA RESORT,Guest Houses,"NO.451, SRIMATH KUDARATHWATTA MAWATHA, KANDY",Kandy,Kandy,A,10,7.29102,,,,,official_tourism,Information for Accommodation.csv,muduna walawwa resort,Guest Houses.xlsx | Information for Accommodation.csv
ACC001137,MUTHUGALA REST,Home Stay Units,"""MUTHUGALA REST"",NO.159,AMUNUKUMBURA,WATHURUGAMA",Gampaha,Gampaha,SUPERIOR,4,,,,,,official_tourism,Information for Accommodation.csv,muthugala rest,Home Stay Units.xlsx | Information for Accommodation.csv
ACC001138,MUTHUMINI LAGOON RESORT,Guest Houses,"NO:16,GALLE ROAD, MORAGALLA, ALUTHGAMA",Kalutara,Beruwala,A,24,,,,,,official_tourism,Information for Accommodation.csv,muthumini lagoon resort,Guest Houses.xlsx | Information for Accommodation.csv
ACC001139,MUTHUMUNI AYURVEDA BEACH RESORT,Tourist Hotels,"NO.80/24,BEACH SIDE,MORAGALLA,BERUWALA.",Kalutara,Beruwala Pradeshiya Sabha,,34,6.448931,,,,,official_tourism,Information for Accommodation.csv,muthumuni ayurveda beach resort,Information for Accommodation.csv | Tourist Hotels.xlsx
ACC001140,MUTHUWELI BEACH RESORT,Guest Houses,"7/1A,NEW GALLE ROAD,EGODAUYANA,MORATUWA",Colombo,Moratuwa,B,5,6.73596,,,,,official_tourism,Information for Accommodation.csv,muthuweli beach resort,Guest Houses.xlsx | Information for Accommodation.csv
ACC001141,MUTTON BUTTON,Bangalows,"96/21/D, RAJAPIHILLA MAWATHA, KANDY",Kandy,Kandy,DELUXE,8,7.284123,,,,,official_tourism,Information for Accommodation.csv,mutton button,Bungalows.xlsx | Information for Accommodation.csv
ACC001142,MY HOLIDAY,Rented Apartments,"31/A, CLIFFORD PLACE, COLOMBO 04.",Colombo,Colombo,DELUXE,8,,,,,,official_tourism,Information for Accommodation.csv,my holiday,Information for Accommodation.csv | Rented Apartments.xlsx
ACC001143,MY INN GUEST HOUSE,Home Stay Units,"NO:60, KUDUGALPATHANA, KITHALELLA, ELLA",Badulla,Ella Pradeshiya Sabha,STANDARD,2,6.86269,,,,,official_tourism,Information for Accommodation.csv,my inn guest house,Home Stay Units.xlsx | Information for Accommodation.csv
ACC001144,N AND N VILLA,Bangalows,"246, LOTUS VICTORIA AVENUE, KENGALLA",Kandy,Kandy,SUPERIOR,3,,,,,,official_tourism,Information for Accommodation.csv,n and n villa,Bungalows.xlsx | Information for Accommodation.csv
ACC001145,N T P GREEN HOUSE STAR,Guest Houses,"MAIN STREET,PUTHUKKUDIYIRUPPU - 05, PUTHUKKUDIYIRUPPU",Batticaloa,Batticaloa,C,10,,,,,,official_tourism,Information for Accommodation.csv,n t p green house star,Guest Houses.xlsx | Information for Accommodation.csv
ACC001146,NA - MALA HOLIDAY RESORT,Guest Houses,"KURUNEGALA ROAD, DMBULLA.",Matale,Dambulla Pradeshiya Sabha,A,6,,,,,,official_tourism,Information for Accommodation.csv,na mala holiday resort,Guest Houses.xlsx | Information for Accommodation.csv
ACC001147,NA SEVANA INN,Guest Houses,"74,KANDY ROAD,WEWALDENIYA",Gampaha,Gampaha,B,10,7.198057,,,,,official_tourism,Information for Accommodation.csv,na sevana inn,Guest Houses.xlsx | Information for Accommodation.csv
ACC001148,NADEESHA HOLIDAY INN AND RESTAURANT,Guest Houses,"MATHARA ROAD, KAMBURUPITIYA",Matara,Kamburupitiya Pradeshiya Sabha,B,6,,,,,,official_tourism,Information for Accommodation.csv,nadeesha holiday inn and restaurant,Guest Houses.xlsx | Information for Accommodation.csv
ACC001149,NAMAL'S GREAT VIEW HOME STAY,Home Stay Units,"KITHAL-ELLA,ELLA",Badulla,Ella Pradeshiya Sabha,STANDARD,3,6.870018,,,,,official_tourism,Information for Accommodation.csv,namal s great view home stay,Home Stay Units.xlsx | Information for Accommodation.csv
ACC001150,NANAYAKKARA LODGE,Rented Apartments,"117/24A, PEIRIS MAWATHA, KALUBOWILA, DEHIWALA",Colombo,Dehiwala-Mount Lavinia,STANDARD,2,,,,,,official_tourism,Information for Accommodation.csv,nanayakkara lodge,Information for Accommodation.csv | Rented Apartments.xlsx
ACC001151,NANDANA REST,Guest Houses,"NO. 50, AVISSAWELLA ROAD, WELIVITA, KADUWELA",Colombo,Kaduwela Pradeshiya Sabha,B,20,,,,,,official_tourism,Information for Accommodation.csv,nandana rest,Guest Houses.xlsx | Information for Accommodation.csv
ACC001152,NANDANA VILLA,Home Stay Units,"NO. 6, NANDANA GARDENS, YAHAMPATH MAWATHA, MAHARAGAMA",Colombo,Maharagama,SUPERIOR,4,,,,,,official_tourism,Information for Accommodation.csv,nandana villa,Home Stay Units.xlsx | Information for Accommodation.csv
ACC001153,NANDANA WIJAYA FOOD & REST,Guest Houses,"NO 509,HIGH LEVEL ROAD,WEJERAMA,NUGEGODA",Colombo,Maharagama,B,5,,,,,,official_tourism,Information for Accommodation.csv,nandana wijaya food rest,Guest Houses.xlsx | Information for Accommodation.csv
ACC001154,NANDAWANAM GUEST HOUSE,Guest Houses,"PASIKUDAH ROAD,KALKUDAH,",Batticaloa,Koralai Pattu,B,12,,,,,,official_tourism,Information for Accommodation.csv,nandawanam guest house,Guest Houses.xlsx | Information for Accommodation.csv
ACC001155,NARATALE HOME STAY,Home Stay Units,"NARATALE ESTATE, HELVETIA DIVISION, AMITIRIGALA",Kegalle,Ruwanwella Pradeshiya Sabha,DELUXE,3,,,,,,official_tourism,Information for Accommodation.csv,naratale home stay,Home Stay Units.xlsx | Information for Accommodation.csv
ACC001156,NATHALIA TOURIST HOTEL,Guest Houses,"NO. 636/1, LIYANAGEMULLA, SEEDUWA",Gampaha,Katana Pradeshiya Sabha,B,12,7.146048,,,,,official_tourism,Information for Accommodation.csv,nathalia tourist hotel,Guest Houses.xlsx | Information for Accommodation.csv
ACC001157,NATURAL HOLIDAY INN,Home Stay Units,"NO 6, MODARA ROAD, MEDAKATIYA, TANGALE",Hambantota,Tangalle Pradeshiya Sabha,STANDARD,3,6.0293222,,,,,official_tourism,Information for Accommodation.csv,natural holiday inn,Home Stay Units.xlsx | Information for Accommodation.csv
ACC001158,NATURAL HOUSE,Home Stay Units,"NO 102, THAPODARAMA ROAD, RICHMOND HILL, HANTANA, KANDY",Kandy,Gagawata Koralya,STANDARD,1,7.2752736,,,,,official_tourism,Information for Accommodation.csv,natural house,Home Stay Units.xlsx | Information for Accommodation.csv
ACC001159,NATURE PARADISE,Home Stay Units,"ETHULGASHINNA,KITHAL-ELLA,ELLA",Badulla,Ella Pradeshiya Sabha,STANDARD,2,6.861187,,,,,official_tourism,Information for Accommodation.csv,nature paradise,Home Stay Units.xlsx | Information for Accommodation.csv
ACC001160,NATURE RESORT,Home Stay Units,"NO 378/1, NEAR TUNNEL , ELLA",Badulla,Ella Pradeshiya Sabha,STANDARD,4,,,,,,official_tourism,Information for Accommodation.csv,nature resort,Home Stay Units.xlsx | Information for Accommodation.csv
ACC001161,NATURE TRAILS HOTEL,Guest Houses,"NO. 234, POLONNARUWA ROAD, GIRITHALE",Polonnaruwa,Hingurakgoda Pradeshiya Sabha,B,6,8.029267,,,,,official_tourism,Information for Accommodation.csv,nature trails hotel,Guest Houses.xlsx | Information for Accommodation.csv
ACC001162,NATURE VIEW RESORT,Home Stay Units,"NO:83/B PAHALA MADAMPALA,KATULANDA,AKARAGAMA",Gampaha,Negombo,STANDARD,3,7.27348,,,,,official_tourism,Information for Accommodation.csv,nature view resort,Home Stay Units.xlsx | Information for Accommodation.csv
ACC001163,NATURES BLISS HOLIDAYS,Bangalows,"112/6, HETTIYAWATTA, ELAPITIWALA, RAGAMA",Gampaha,Wattala Pradeshiya Sabha,SUPERIOR,3,7.01558,,,,,official_tourism,Information for Accommodation.csv,natures bliss holidays,Bungalows.xlsx | Information for Accommodation.csv
ACC001164,NATURES TREAT BUNGLOW,Bangalows,"494/4, 4TH LANE,RUWANPURA SOUTH, KALAPALALUWAWE ROAD, AGGONA JUNCTION",Colombo,Kaduwela Pradeshiya Sabha,DELUXE,3,6.914802,,,,,official_tourism,Information for Accommodation.csv,natures treat bunglow,Bungalows.xlsx | Information for Accommodation.csv
ACC001165,NATURE,Home Stay Units,"NO.138/A,WELIGAMPITIYA, POKUNUWITA.",Kalutara,Horana Pradeshiya Sabha,SUPERIOR,3,6.732221,,,,,official_tourism,Information for Accommodation.csv,nature,Home Stay Units.xlsx | Information for Accommodation.csv
ACC001166,NAVRO BEACH RESORT,Tourist Hotels,"NO.40,BEACH ROAD,PANADURA",Kalutara,Panadura Pradeshiya Sabha,,24,6.713466,,,,,official_tourism,Information for Accommodation.csv,navro beach resort,Information for Accommodation.csv | Tourist Hotels.xlsx
ACC001167,NEDAGAMUWA VILLAGE INN,Guest Houses,"NO. 76, UDUGAMPOLA ROAD, NEDUGAMUWA, KOTUGODA",Gampaha,Minuwangoda Pradeshiya Sabha,A,7,7.122843,,,,,official_tourism,Information for Accommodation.csv,nedagamuwa village inn,Guest Houses.xlsx | Information for Accommodation.csv
ACC001168,NEGAMBO GREEN VILLA,Home Stay Units,"105/B, ANDERSON ROAD, NEGAMBO.",Gampaha,Negombo,SUPERIOR,2,,,,,,official_tourism,Information for Accommodation.csv,negambo green villa,Home Stay Units.xlsx | Information for Accommodation.csv
ACC001169,NENE,Home Stay Units,"22/6B, KALYANI ROAD, PAMANKADA, COLOMBO 06",Colombo,Colombo,DELUXE,1,,,,,,official_tourism,Information for Accommodation.csv,nene,Home Stay Units.xlsx | Information for Accommodation.csv
ACC001170,NEPTUNE RESTAURANT AND GUEST HOUSE,Guest Houses,"NO.484, PELENE, WELIGAMA",Matara,Weligama Pradeshiya Sabha,A,20,,,,,,official_tourism,Information for Accommodation.csv,neptune restaurant and guest house,Guest Houses.xlsx | Information for Accommodation.csv
ACC001171,NERALU UYANA VILLAS,Bangalows,"NERALU UYANA ESTATE, NARAWALA, THALGASYAYA, AKMEEMANA, GALLE",Galle,Akmeemana,STANDARD,1,6.099019,,,,,official_tourism,Information for Accommodation.csv,neralu uyana villas,Bungalows.xlsx | Information for Accommodation.csv
ACC001172,NETH PIYASA,Bangalows,"04/85, BEKKEGAMA ROAD, WALANA, PANADURA.",Kalutara,Kalutara Pradeshiya Sabha,SUPERIOR,3,,,,,,official_tourism,Information for Accommodation.csv,neth piyasa,Bungalows.xlsx | Information for Accommodation.csv
ACC001173,NETHMINA GUEST HOUSE,Guest Houses,"82\35,UDARA MAWATHA,AKURESSA",Matara,Akuressa Pradeshiya Sabha,B,7,,,,,,official_tourism,Information for Accommodation.csv,nethmina guest house,Guest Houses.xlsx | Information for Accommodation.csv
ACC001174,NETHMINI GUEST & REST,Guest Houses,"1ST MILE POST ,AMPARA ROAD,SIYABALANDUWA",Moneragala,Ampara,C,15,6.918292,,,,,official_tourism,Information for Accommodation.csv,nethmini guest rest,Guest Houses.xlsx | Information for Accommodation.csv
ACC001175,NEW CASAROMANA REST,Guest Houses,"NO : 03 ,KULIYAPITIYA ROAD ,HETTIPOLA",Kurunegala,Kurunegala,B,6,,,,,,official_tourism,Information for Accommodation.csv,new casaromana rest,Guest Houses.xlsx | Information for Accommodation.csv
ACC001176,NEW CHAMARA REST,Guest Houses,"7/5,KARAUKETIYA ROAD,BALANGODA.",Ratnapura,Balangoda,B,11,6.646762,,,,,official_tourism,Information for Accommodation.csv,new chamara rest,Guest Houses.xlsx | Information for Accommodation.csv
ACC001177,NEW DRAGON RESTAURANT AND GUEST HOUSE,Guest Houses,"NO. 448, GALLE ROAD, NALLURUWA, PANADURA",Kalutara,Panadura Pradeshiya Sabha,B,5,,,,,,official_tourism,Information for Accommodation.csv,new dragon restaurant and guest house,Guest Houses.xlsx | Information for Accommodation.csv
ACC001178,NEW EVEREST CHINESE RESTAURANT AND GUEST HOUSE,Guest Houses,"NO. 11/3, MANKADA ROAD, KADAWATHA",Gampaha,Biyagama Pradeshiya Sabha,A,8,,,,,,official_tourism,Information for Accommodation.csv,new everest chinese restaurant and guest house,Guest Houses.xlsx | Information for Accommodation.csv
ACC001179,NEW GREEN INN RESTAURANT,Guest Houses,"NO.258/3, KANDY ROAD, JAFFNA",Jaffna,Jaffna,B,7,9.660209,,,,,official_tourism,Information for Accommodation.csv,new green inn restaurant,Guest Houses.xlsx | Information for Accommodation.csv
ACC001180,NEW GROSVENOR HOTEL,Guest Houses,KANDY ROAD.HELAGALA.DANOWITA,Gampaha,Madurawala Pradeshiya Sabha,A,8,,,,,,official_tourism,Information for Accommodation.csv,new grosvenor hotel,Guest Houses.xlsx | Information for Accommodation.csv
ACC001181,NEW IMPERIAL GUEST HOUSE,Guest Houses,"NO. 500, GALLE ROAD, WEWALA, HIKKADUWA",Galle,Hikkaduwa,B,5,6.127181,,,,,official_tourism,Information for Accommodation.csv,new imperial guest house,Guest Houses.xlsx | Information for Accommodation.csv
ACC001182,NEW KOTHMALE HOLIDAY RESORT,Guest Houses,"RIVER SIDE,MAWATURA,GAMPOLA.",Kandy,Gampola,A,5,7.063906,,,,,official_tourism,Information for Accommodation.csv,new kothmale holiday resort,Guest Houses.xlsx | Information for Accommodation.csv
ACC001183,NEW MEEWELLAWA REST,Guest Houses,"577/1, 1ST LANE NIKAWERATIYA.",Kurunegala,Nikaweratiya Pradeshiya Sabha,B,5,,,,,,official_tourism,Information for Accommodation.csv,new meewellawa rest,Guest Houses.xlsx | Information for Accommodation.csv
ACC001184,NEW NATIONAL RESTAURANT AND GUEST HOUSE,Guest Houses,"39,BERA ROAD,GUNASINGHEPURA,COLOMBO 12.",Colombo,Colombo,B,5,,,,,,official_tourism,Information for Accommodation.csv,new national restaurant and guest house,Guest Houses.xlsx | Information for Accommodation.csv
ACC001185,NEW OLD DUTCH HOUSE,Bangalows,"NO 21, MIDDLE STREET, FORT, GALLE",Galle,Galle,STANDARD,6,6.028071,,,,,official_tourism,Information for Accommodation.csv,new old dutch house,Bungalows.xlsx | Information for Accommodation.csv
ACC001186,NEW PANORAMA,Guest Houses,"NO 302/1, MARADANA ROAD, MORAGALLA, BERUWALA",Kalutara,Beruwala Pradeshiya Sabha,B,9,6.457364,,,,,official_tourism,Information for Accommodation.csv,new panorama,Guest Houses.xlsx | Information for Accommodation.csv
ACC001187,NEW RAMADHA GUEST HOUSE,Guest Houses,"BATTICALOA ROAD, KADURUWELA.",Polonnaruwa,Tamankaduwa Pradeshiya Sabha,B,18,7.938499,,,,,official_tourism,Information for Accommodation.csv,new ramadha guest house,Guest Houses.xlsx | Information for Accommodation.csv
ACC001188,NEW REST INN,Bangalows,"PASSIKUDAH ROAD, KALKUDAH",Batticaloa,Batticaloa,STANDARD,4,,,,,,official_tourism,Information for Accommodation.csv,new rest inn,Bungalows.xlsx | Information for Accommodation.csv
ACC001189,NEW VIWEKA INN,Guest Houses,"NO.180, NUWARAELIYA ROAD, WELIMADA.",Badulla,Welimada Pradeshiya Sabha,B,5,,,,,,official_tourism,Information for Accommodation.csv,new viweka inn,Guest Houses.xlsx | Information for Accommodation.csv
ACC001190,NEW WADDUWA BEACH RESORT,Guest Houses,"NO 14, RATHNAYAKA PLACE, THALPITIYA SOUTH, WADDUWA",Kalutara,Panadura Pradeshiya Sabha,A,11,6.673997,,,,,official_tourism,Information for Accommodation.csv,new wadduwa beach resort,Guest Houses.xlsx | Information for Accommodation.csv
ACC001191,NEW YORK BEACH CLUB,Guest Houses,"PORUTHOTA ROAD,NEGAMBO",Gampaha,Negombo,C,5,7.238395,,,,,official_tourism,Information for Accommodation.csv,new york beach club,Guest Houses.xlsx | Information for Accommodation.csv
ACC001192,NICE PLACE RESTURANT & BUNGALOWS,Guest Houses,"INAMALUWA,DAMBULLA.",Matale,Dambulla Pradeshiya Sabha,A,7,7.909657,,,,,official_tourism,Information for Accommodation.csv,nice place resturant bungalows,Guest Houses.xlsx | Information for Accommodation.csv
ACC001193,NICE PLACE,Home Stay Units,"ARUGAMBAY,POTTUVIL.",Ampara,Ampara,STANDARD,3,6.8463593,,,,,official_tourism,Information for Accommodation.csv,nice place,Home Stay Units.xlsx | Information for Accommodation.csv
ACC001194,NICEVIEW HOMESTAY,Home Stay Units,"KUDUGAL PATHANA,KITHAL-ELLA,ELLA",Badulla,Ella Pradeshiya Sabha,STANDARD,3,6.866145,,,,,official_tourism,Information for Accommodation.csv,niceview homestay,Home Stay Units.xlsx | Information for Accommodation.csv
ACC001195,NIL DIYA MANKADA SAFARI LODGE,Guest Houses,"C.D.E.PLACE,WALAWEGAMA,UDAWALAWA",Ratnapura,Embilipitiya,A,5,6.417966,,,,,official_tourism,Information for Accommodation.csv,nil diya mankada safari lodge,Guest Houses.xlsx | Information for Accommodation.csv
ACC001196,NILARA INN,Guest Houses,"AMBAGAMUWA, UDABULATHGAMA",Nuwara Eliya,Ambagamuwa Pradeshiya Sabha,A,12,,,,,,official_tourism,Information for Accommodation.csv,nilara inn,Guest Houses.xlsx | Information for Accommodation.csv
ACC001197,NILAVELI BEACH HOTEL,Classified Hotels( 1-5 Star),"11TH MILE POST, NILAVELI, TRINCOMALEE",Trincomalee,Trincomalee,TWO,53,8.706269,,,,,official_tourism,Information for Accommodation.csv,nilaveli beach hotel,Classified Hotels( 1-5 Star).xlsx | Information for Accommodation.csv
ACC001198,NILAVELI BEACH RESORT,Guest Houses,"WARD NO:04,VALAIYOOTHU,IRAKKAKANDY",Trincomalee,Trincomalee,A,8,,,,,,official_tourism,Information for Accommodation.csv,nilaveli beach resort,Guest Houses.xlsx | Information for Accommodation.csv
ACC001199,NILDIYA HOTEL,Guest Houses,"82/5 B GALLE ROAD,MOUNT LAVANIYA",Colombo,Dehiwala-Mount Lavinia,B,7,,,,,,official_tourism,Information for Accommodation.csv,nildiya hotel,Guest Houses.xlsx | Information for Accommodation.csv
ACC001200,NILWALA HOTEL,Classified Hotels( 1-5 Star),"NILWALA HOTEL, GALLE ROAD, KALUWAMODARA, ALUTHGAMA.",Kalutara,Aluthgama,ONE,10,6.439855,,,,,official_tourism,Information for Accommodation.csv,nilwala hotel,Classified Hotels( 1-5 Star).xlsx | Information for Accommodation.csv
ACC001201,NIMACRO,Rented Apartments,"23/1/7, HAWAII RESIDENCIES, SAGARA ROAD, COLOMBO 4",Colombo,Colombo,SUPERIOR,2,,,,,,official_tourism,Information for Accommodation.csv,nimacro,Information for Accommodation.csv | Rented Apartments.xlsx
ACC001202,NIMALI HOLIDAY INN,Guest Houses,"AMBAWATTA,ELLA ROAD,WELLAWAYA",Moneragala,,B,10,,,,,,official_tourism,Information for Accommodation.csv,nimali holiday inn,Guest Houses.xlsx | Information for Accommodation.csv
ACC001203,NIPPON INN,Guest Houses,"NO. 466, ARTIGALA ROAD, MEEGODA",Colombo,Homagama Pradeshiya Sabha,A,6,,,,,,official_tourism,Information for Accommodation.csv,nippon inn,Guest Houses.xlsx | Information for Accommodation.csv
ACC001204,NIPPON VILLA BEACH RESORT,Guest Houses,"NO.412/D, GALLE ROAD, WEWALA, HIKKADUWA",Galle,Hikkaduwa,A,26,6.128514,,,,,official_tourism,Information for Accommodation.csv,nippon villa beach resort,Guest Houses.xlsx | Information for Accommodation.csv
ACC001205,NIPUNA REST,Guest Houses,"NO.821,MEEPITIYA,KEGALLE.",Kegalle,Kegalle,A,5,7.251071,,,,,official_tourism,Information for Accommodation.csv,nipuna rest,Guest Houses.xlsx | Information for Accommodation.csv
ACC001206,NIRANA APARTMENT,Rented Apartments,"21, CHAPEL ROAD, NUGEGODA",Colombo,Kotte Muncipal Council,SUPERIOR,2,6.871861,,,,,official_tourism,Information for Accommodation.csv,nirana apartment,Information for Accommodation.csv | Rented Apartments.xlsx
ACC001207,NIRVEGA,Home Stay Units,"30 A/1, 6TH LANE, MORAGALLA, BERUWALA",Kalutara,Kalutara Pradeshiya Sabha,SUPERIOR,5,6.4531363,,,,,official_tourism,Information for Accommodation.csv,nirvega,Home Stay Units.xlsx | Information for Accommodation.csv
ACC001208,NISALA VILLA,Bangalows,"108/6, HAPUGODA, AMBATENNA",Kandy,Harispattuwa Pradeshiya Sabha,DELUXE,3,7.349201,,,,,official_tourism,Information for Accommodation.csv,nisala villa,Bungalows.xlsx | Information for Accommodation.csv
ACC001209,NISELRO HOLIDAY VILLA,Bangalows,"NO. 915A/11, PALLAKELE VILLAGE, KUNDASALE, KANDY",Kandy,Kundasle,DELUXE,4,,,,,,official_tourism,Information for Accommodation.csv,niselro holiday villa,Bungalows.xlsx | Information for Accommodation.csv
ACC001210,NITHILA INN,Guest Houses,"228/J, BANDARAGAMA ROAD, KESBEWA",Colombo,Kesbewa,B,6,6.794258,,,,,official_tourism,Information for Accommodation.csv,nithila inn,Guest Houses.xlsx | Information for Accommodation.csv
ACC001211,NO.26D,Home Stay Units,"26 D, CYRIL JAYASUNDARA MAWATHA, SANGARAJA MAWATHA, KANDY",Kandy,Kandy,STANDARD,5,,,,,,official_tourism,Information for Accommodation.csv,no 26d,Home Stay Units.xlsx | Information for Accommodation.csv
ACC001212,NONAGAMA VILLAGE TOURIST GUEST HOUSE,Guest Houses,"NO 275,TANGALLE ROAD,EKKASSE,AMBALANTOTA",Hambantota,Ambalantota Pradeshiya Sabha,B,7,6.114312,,,,,official_tourism,Information for Accommodation.csv,nonagama village tourist guest house,Guest Houses.xlsx | Information for Accommodation.csv
ACC001213,NOOIT GEDACHT CASTLE O VILLA,Guest Houses,"182, MATARA ROAD, UNAWATUNA",Galle,Habaraduwa,A,38,,,,,,official_tourism,Information for Accommodation.csv,nooit gedacht castle o villa,Guest Houses.xlsx | Information for Accommodation.csv
ACC001214,NOOK IN KANDY,Home Stay Units,"220/2, KURUNEGALA ROAD, KATUGASTOTA",Kandy,Kandy,SUPERIOR,2,7.2900773,,,,,official_tourism,Information for Accommodation.csv,nook in kandy,Home Stay Units.xlsx | Information for Accommodation.csv
ACC001215,NORFOLK HERITAGE AIRPORT VILLA,Guest Houses,"55, LION CITY, 5TH LANE, KATUNAYAKE.",Gampaha,Seeduwa,B,5,7.152263,,,,,official_tourism,Information for Accommodation.csv,norfolk heritage airport villa,Guest Houses.xlsx | Information for Accommodation.csv
ACC001216,NORTHWOOD RESIDENCE,Rented Apartments,"NO 414/1, ROMEN PARK, MUDUKATUWA, MARAWILA",Puttalam,Nattandiya Pradeshiya Sabha,SUPERIOR,3,7.391675,,,,,official_tourism,Information for Accommodation.csv,northwood residence,Information for Accommodation.csv | Rented Apartments.xlsx
ACC001217,NORWOOD BUNGALOW,Boutique Villas,"TEA TRAILS,NUWARA ELIYA.",Nuwara Eliya,Nuwara Eliya,,5,6.834541,,,,,official_tourism,Information for Accommodation.csv,norwood bungalow,Boutique Villas.xlsx | Information for Accommodation.csv
ACC001218,NUGASEWANA EDEN GUEST HOUSE AND RESTAURANT,Guest Houses,"""NUGASEWANA"",PALLIKKUDAWA,TANGALLE.",Hambantota,Tangalle Pradeshiya Sabha,B,6,6.017925,,,,,official_tourism,Information for Accommodation.csv,nugasewana eden guest house and restaurant,Guest Houses.xlsx | Information for Accommodation.csv
ACC001219,NUMBER ONE MIRISSA HOTEL,Guest Houses,"NO 1,KOPPARAMULLA,MIRISSA",Matara,Weligama Pradeshiya Sabha,A,9,,,,,,official_tourism,Information for Accommodation.csv,number one mirissa hotel,Guest Houses.xlsx | Information for Accommodation.csv
ACC001220,NUMBER TWENTY VILLA,Guest Houses,"NO 20,MIDDLE STREET,FORT,GALLE",Galle,Galle,B,5,,,,,,official_tourism,Information for Accommodation.csv,number twenty villa,Guest Houses.xlsx | Information for Accommodation.csv
ACC001221,OAK-RAY ORCHID REST,Guest Houses,"NO.291, SIRIMAVO BANDARANAYAKE MAWATHA, KANDY",Kandy,Kandy,B,6,,,,,,official_tourism,Information for Accommodation.csv,oak ray orchid rest,Guest Houses.xlsx | Information for Accommodation.csv
ACC001222,OAK RAY TEA BUSH,Tourist Hotels,"PAHALA KADA VEEDIYA,RAMBODA",Nuwara Eliya,Nuwara Eliya,,1,7.057137,,,,,official_tourism,Information for Accommodation.csv,oak ray tea bush,Information for Accommodation.csv | Tourist Hotels.xlsx
ACC001223,OAK RESIDENCIES,Bangalows,"NO. 83/2/1 & 83/2/2, SARATHCHANDRA DIAS MAWATHA, PAMUNUVILA, KIRIBATHGODA",Gampaha,Gampaha,DELUXE,4,6.970955,,,,,official_tourism,Information for Accommodation.csv,oak residencies,Bungalows.xlsx | Information for Accommodation.csv
ACC001224,OASEY HOTEL AND REATAURANT,Guest Houses,"OASEY HOTEL RESTAURANT , GALBADA, INDURUWA.",Galle,Bentota Pradeshiya Sabha,A,18,6.3870994,,,,,official_tourism,Information for Accommodation.csv,oasey hotel and reataurant,Guest Houses.xlsx | Information for Accommodation.csv
ACC001225,OASIS BEACH HOTEL,Guest Houses,"NO.10/26,PORUTOTA ROAD,NEGOMBO",Gampaha,Gampaha,A,6,7.23972,,,,,official_tourism,Information for Accommodation.csv,oasis beach hotel,Guest Houses.xlsx | Information for Accommodation.csv
ACC001226,OASIS BEACH RESORT,Tourist Hotels,"31,PORUTOTA ROAD,ETHUKALA,NEGOMBO",Gampaha,Katunayake-Seeduwa,,40,7.239711,,,,,official_tourism,Information for Accommodation.csv,oasis beach resort,Information for Accommodation.csv | Tourist Hotels.xlsx
ACC001227,OASIS GREEN GARDEN TOURISRT GUEST HOUSE,Guest Houses,"UDUGAMPOLAWATTA, PAHALAGAMA, GAMPAHA",Gampaha,Gampaha,A,10,,,,,,official_tourism,Information for Accommodation.csv,oasis green garden tourisrt guest house,Guest Houses.xlsx | Information for Accommodation.csv
ACC001228,OCEAN BEACH CLUB,Tourist Hotels,"PATUWATHA,DODANDUWA,HIKADUWA",Galle,Hikkaduwa,,16,6.116199,,,,,official_tourism,Information for Accommodation.csv,ocean beach club,Information for Accommodation.csv | Tourist Hotels.xlsx
ACC001229,OCEAN BEACH HOTEL,Guest Houses,"ARUGAMBAY,POTTUVIL-18",Ampara,Ampara,B,11,,,,,,official_tourism,Information for Accommodation.csv,ocean beach hotel,Guest Houses.xlsx | Information for Accommodation.csv
ACC001230,OCEAN BREEZE COLOMBO,Rented Apartments,"APT.8/2, BEN TOWER,#28 RAMAKRISHNA ROAD,WELLAWATTE, COLOMBO.",Colombo,Colombo,STANDARD,2,,,,,,official_tourism,Information for Accommodation.csv,ocean breeze colombo,Information for Accommodation.csv | Rented Apartments.xlsx
ACC001231,OCEAN CREST,Bangalows,"NO:123,GALLE ROAD,AHANGAMA.",Galle,Habaraduwa,DELUXE,8,5.975647,,,,,official_tourism,Information for Accommodation.csv,ocean crest,Bungalows.xlsx | Information for Accommodation.csv
ACC001232,OCEAN DREAMS HOTEL,Guest Houses,"JANISGEWATTA,""ARANWALA"",MATARA RD,AHANGAMA",Galle,Habaraduwa,A,13,5.966579,,,,,official_tourism,Information for Accommodation.csv,ocean dreams hotel,Guest Houses.xlsx | Information for Accommodation.csv
ACC001233,OCEAN EDGE SUITES,Classified Hotels( 1-5 Star),"24,10TH LANE,MARINE DRIVE,COLOMBO3",Colombo,Colombo,THREE,78,6.898455,,,,,official_tourism,Information for Accommodation.csv,ocean edge suites,Classified Hotels( 1-5 Star).xlsx | Information for Accommodation.csv
ACC001234,OCEAN INN,Home Stay Units,"""OCEAN INN"",NO.166/7,ROBOLGODA,BENTOTA",Galle,Bentota Pradeshiya Sabha,STANDARD,5,,,,,,official_tourism,Information for Accommodation.csv,ocean inn,Home Stay Units.xlsx | Information for Accommodation.csv
ACC001235,OCEAN PEBBLES,Home Stay Units,"24A,,HILL STREET,,DEHIWELA",Colombo,Dehiwala-Mount Lavinia,SUPERIOR,3,6.851297,,,,,official_tourism,Information for Accommodation.csv,ocean pebbles,Home Stay Units.xlsx | Information for Accommodation.csv
ACC001236,OCEAN VIEW TOUR INN,Guest Houses,"NO. 34/4, DE SERAM ROAD, MOUNT LAVINIYA",Colombo,Colombo,A,23,6.839774,,,,,official_tourism,Information for Accommodation.csv,ocean view tour inn,Guest Houses.xlsx | Information for Accommodation.csv
ACC001237,OCEAN VILLA,Guest Houses,"NO. 14, JOHN KEELS HOUSING COMPLEX, PINWATTA, PANADURA",Kalutara,Panadura Pradeshiya Sabha,A,4,6.655353,,,,,official_tourism,Information for Accommodation.csv,ocean villa,Guest Houses.xlsx | Information for Accommodation.csv
ACC001238,OHM FROM OHM,Rented Apartments,"457/18, MILLAGAHA WATTE, NAWALA ROAD, RAJAGIRIYA.",Colombo,Kotte Muncipal Council,SUPERIOR,2,,,,,,official_tourism,Information for Accommodation.csv,ohm from ohm,Information for Accommodation.csv | Rented Apartments.xlsx
ACC001239,OKRIN HOTEL,Tourist Hotels,"NO 110,DETAGAMUWA,KATHARAGAMA",Moneragala,Katharagama,,16,6.400263,,,,,official_tourism,Information for Accommodation.csv,okrin hotel,Information for Accommodation.csv | Tourist Hotels.xlsx
ACC001240,OLANKA HOTEL AND RESTAURANT,Guest Houses,"NO. 9TH LANE, MILE POST, KARUWALAGASWEWA, PUTTLAM",Puttalam,Karuwalagaswewa Pradeshiya,B,8,8.057558,,,,,official_tourism,Information for Accommodation.csv,olanka hotel and restaurant,Guest Houses.xlsx | Information for Accommodation.csv
ACC001241,OLD BRIDGE INN,Guest Houses,"NO.84, COLOMBO ROAD, ALAWWA.",Kegalle,Alawwa Pradeshiya Sabha,B,7,,,,,,official_tourism,Information for Accommodation.csv,old bridge inn,Guest Houses.xlsx | Information for Accommodation.csv
ACC001242,OLD FASHION GUEST HOUSE,Guest Houses,"NO. 18, GAMPAHA ROAD, AMBAGAHAWATTA, MINUWANGODA",Gampaha,Minuwangoda Pradeshiya Sabha,B,5,7.163702,,,,,official_tourism,Information for Accommodation.csv,old fashion guest house,Guest Houses.xlsx | Information for Accommodation.csv
ACC001243,OLD REST HOUSE,Guest Houses,"OLD ELLA ROAD,WELLAWAYA",Moneragala,,A,10,6.732293,,,,,official_tourism,Information for Accommodation.csv,old rest house,Guest Houses.xlsx | Information for Accommodation.csv
ACC001244,OLENKA SUNSIDE BEACH HOTEL,Classified Hotels( 1-5 Star),"THALWILA, MODERAWELLA, MARAWILA",Puttalam,Gampaha,TWO,40,7.42604,,,,,official_tourism,Information for Accommodation.csv,olenka sunside beach hotel,Classified Hotels( 1-5 Star).xlsx | Information for Accommodation.csv
ACC001245,OLIVE GREEN RESORT,Bangalows,"NO.96,NEW DUTCH BAR ROAD,KALLADY,BATTICALOA.",Batticaloa,Batticaloa,STANDARD,4,7.723162,,,,,official_tourism,Information for Accommodation.csv,olive green resort,Bungalows.xlsx | Information for Accommodation.csv
ACC001246,OLYMPUS PLAZA HOTEL,Tourist Hotels,"NO.75,WELIMADA ROAD,HAPUTALE",Badulla,Haputale,,30,6.766203,,,,,official_tourism,Information for Accommodation.csv,olympus plaza hotel,Information for Accommodation.csv | Tourist Hotels.xlsx
ACC001247,OMEEKA RESTAURANT AND HOTEL,Guest Houses,"509/2A , SUSILARAMA ROAD, MALABE",Colombo,Colombo,A,5,6.901956,,,,,official_tourism,Information for Accommodation.csv,omeeka restaurant and hotel,Guest Houses.xlsx | Information for Accommodation.csv
ACC001248,OMEGA REGENCY,Classified Hotels( 1-5 Star),"NO. 324, GALLE ROAD, COLOMBO 06",Colombo,Colombo,ONE,15,6.869123,,,,,official_tourism,Information for Accommodation.csv,omega regency,Classified Hotels( 1-5 Star).xlsx | Information for Accommodation.csv
ACC001249,ONAYA GUEST,Home Stay Units,"AKKARAIPATTU ROAD,POTTUVIL-09.",Ampara,Ampara,STANDARD,3,,,,,,official_tourism,Information for Accommodation.csv,onaya guest,Home Stay Units.xlsx | Information for Accommodation.csv
ACC001250,ONLAK,Home Stay Units,"NO 8, NELUMPURA, THELEWALA, RATMALANA",Colombo,Moratuwa,SUPERIOR,4,,,,,,official_tourism,Information for Accommodation.csv,onlak,Home Stay Units.xlsx | Information for Accommodation.csv
ACC001251,OPEN HILL,Home Stay Units,"86/45 KANDY VIEW GARDEN,GEORGE.E.DE SILVA MAWATHA, KANDY",Kandy,Kandy,STANDARD,2,7.2869723,,,,,official_tourism,Information for Accommodation.csv,open hill,Home Stay Units.xlsx | Information for Accommodation.csv
ACC001252,OPEN SKY,Home Stay Units,"NO.34,SAMARAWEERA PLACE,WELIGAMA",Matara,Weligama Pradeshiya Sabha,STANDARD,3,5.9757616,,,,,official_tourism,Information for Accommodation.csv,open sky,Home Stay Units.xlsx | Information for Accommodation.csv
ACC001253,OPULENT RIVER FACE HOTEL,Guest Houses,"NO 166,KOSWATTA ROAD,NAWALA,RAJAGIRIYA",Colombo,Colombo,A,15,6.901552,,,,,official_tourism,Information for Accommodation.csv,opulent river face hotel,Guest Houses.xlsx | Information for Accommodation.csv
ACC001254,OREEKA HOTEL,Guest Houses,"NO.482, IVAN DE SILVA MAWATHA, KANDAWALA, KATANA.",Gampaha,Katana Pradeshiya Sabha,B,6,,,,,,official_tourism,Information for Accommodation.csv,oreeka hotel,Guest Houses.xlsx | Information for Accommodation.csv
ACC001255,ORIENT HOTEL,Tourist Hotels,"NO.12,DHARMAPALA MAWATHA,BANDARAWELA",Badulla,Bandarawela Pradeshiya Sabha,,35,6.833521,,,,,official_tourism,Information for Accommodation.csv,orient hotel,Information for Accommodation.csv | Tourist Hotels.xlsx
ACC001256,ORIOLE VILLA,Guest Houses,"324,WELLATOTA WATHTHA, KANAHINTOTA,BENTOTA",Galle,Galle,A,10,6.388051,,,,,official_tourism,Information for Accommodation.csv,oriole villa,Guest Houses.xlsx | Information for Accommodation.csv
ACC001257,OSHADEE RIVER SIDE HOTEL,Guest Houses,"BALAWINNA, PALLEBADDA",Ratnapura,Ratnapura,B,9,6.4831592,,,,,official_tourism,Information for Accommodation.csv,oshadee river side hotel,Guest Houses.xlsx | Information for Accommodation.csv
ACC001258,OWIN HILL HOMESTAY,Home Stay Units,"""SUCHITHRA"",KUDUGAL PATHANA,KITHAL-ELLA,ELLA",Badulla,Ella Pradeshiya Sabha,STANDARD,1,6.867171,,,,,official_tourism,Information for Accommodation.csv,owin hill homestay,Home Stay Units.xlsx | Information for Accommodation.csv
ACC001259,OWL AND THE PUSSY CAT,Guest Houses,"NO. 788, MATARA ROAD, THALPE,GALLE.",Galle,Habaraduwa,A,16,,,,,,official_tourism,Information for Accommodation.csv,owl and the pussy cat,Guest Houses.xlsx | Information for Accommodation.csv
ACC001260,OZO COLOMBO,Tourist Hotels,"NO 36-38,CLIFFORD PLACE,COLOMBO 04.",Colombo,Colombo,,158,,,,,,official_tourism,Information for Accommodation.csv,ozo colombo,Information for Accommodation.csv | Tourist Hotels.xlsx
ACC001261,OZO KANDY,Classified Hotels( 1-5 Star),"NO31,SARANANKARA ROAD,KANDY",Kandy,Kandy,THREE,122,7.2883697,,,,,official_tourism,Information for Accommodation.csv,ozo kandy,Classified Hotels( 1-5 Star).xlsx | Information for Accommodation.csv
ACC001262,P.G.C. RESIDENCE,Bangalows,"271, ELAGOLLA WATTA, HEERASSAGALA, KANDY",Kandy,Gagawata Koralya,DELUXE,5,7.268558,,,,,official_tourism,Information for Accommodation.csv,p g c residence,Bungalows.xlsx | Information for Accommodation.csv
ACC001263,P.T. GARDEN HOTEL,Tourist Hotels,"NO.540A/4,SAMURDHI MAWATHA,WALGAMA,MALWANA",Gampaha,Biyagama Pradeshiya Sabha,,21,6.963166,,,,,official_tourism,Information for Accommodation.csv,p t garden hotel,Information for Accommodation.csv | Tourist Hotels.xlsx
ACC001264,PABASARA GUEST HOUSE,Guest Houses,"PANSAL WATTE, BANGAMA ROAD, AKURESSA",Matara,Akuressa Pradeshiya Sabha,B,5,6.101911,,,,,official_tourism,Information for Accommodation.csv,pabasara guest house,Guest Houses.xlsx | Information for Accommodation.csv
ACC001265,PABASARA REST,Guest Houses,"NO. 4/3, KOSWATTA, KIRIBATHGODA, KELANIYA",Gampaha,Kelaniya Pradeshiya Sabha,B,10,6.976251,,,,,official_tourism,Information for Accommodation.csv,pabasara rest,Guest Houses.xlsx | Information for Accommodation.csv
ACC001266,PADDY FIELD VIEW,Home Stay Units,"""SAMAN"",WELLAWAYA ROAD,ELLA",Badulla,Ella Pradeshiya Sabha,STANDARD,5,6.867295,,,,,official_tourism,Information for Accommodation.csv,paddy field view,Home Stay Units.xlsx | Information for Accommodation.csv
ACC001267,PADDY VIEW,Home Stay Units,"51, MAITHRI MW, WATAPULUWA, KANDY",Kandy,Kandy,SUPERIOR,3,,,,,,official_tourism,Information for Accommodation.csv,paddy view,Home Stay Units.xlsx | Information for Accommodation.csv
ACC001268,PADDYFIELD HIDEAWAY,Home Stay Units,"38, WEGIRIYA, HONDIYADENIYA, GAMPOLA",Kandy,Udunuwara Pradeshiya Sabha,DELUXE,4,,,,,,official_tourism,Information for Accommodation.csv,paddyfield hideaway,Home Stay Units.xlsx | Information for Accommodation.csv
ACC001269,PAHAN LANKA FAMILY RESTURANT,Guest Houses,"MILLAGAS JUNCTION,PANNIPITIYA,WASKADUWA",Kalutara,Kalutara Pradeshiya Sabha,B,6,,,,,,official_tourism,Information for Accommodation.csv,pahan lanka family resturant,Guest Houses.xlsx | Information for Accommodation.csv
ACC001270,PAIVAS CITY HOTEL,Guest Houses,"NO. 37, YATINUWARA VEEDIYA, KANDY",Kandy,Kandy,A,5,7.293828,,,,,official_tourism,Information for Accommodation.csv,paivas city hotel,Guest Houses.xlsx | Information for Accommodation.csv
ACC001271,PALACE MIRISSA,Guest Houses,"KOPPARAMULLA,MIRISSA.",Matara,Weligama Pradeshiya Sabha,A,13,5.94293,,,,,official_tourism,Information for Accommodation.csv,palace mirissa,Guest Houses.xlsx | Information for Accommodation.csv
ACC001272,PALM BEACH HOTEL,Classified Hotels( 1-5 Star),"NO. 52, DE SERAM ROAD, MOUNT LAVINIA",Colombo,Dehiwala-Mount Lavinia,ONE,43,6.836241,,,,,official_tourism,Information for Accommodation.csv,palm beach hotel,Classified Hotels( 1-5 Star).xlsx | Information for Accommodation.csv
ACC001273,PALM GARDEN VILLAGE HOTEL,Classified Hotels( 1-5 Star),"POST 42,PUTTALAM ROAD, PANDULAGAMA, ANURADHAPURA.",Anuradhapura,Madyama Nuwaragam Palatha Pradeshiya Sabawa,THREE,50,8.314734,,,,,official_tourism,Information for Accommodation.csv,palm garden village hotel,Classified Hotels( 1-5 Star).xlsx | Information for Accommodation.csv
ACC001274,PALM GROOVE HOLIDAY INN,Tourist Hotels,"ARUGAMBAY,POTUVIL",Ampara,Ampara,,23,6.837743,,,,,official_tourism,Information for Accommodation.csv,palm groove holiday inn,Information for Accommodation.csv | Tourist Hotels.xlsx
ACC001275,PALM GROVE,Home Stay Units,"07,SIRINIWASA MW,KALUTARA NORTH",Kalutara,Kalutara Pradeshiya Sabha,DELUXE,4,6.597506,,,,,official_tourism,Information for Accommodation.csv,palm grove,Home Stay Units.xlsx | Information for Accommodation.csv
ACC001276,PALM HEAVEN,Bangalows,"STADIUM ROAD, ULHITIYAWA, WENNAPPUWA.",Puttalam,Negombo,DELUXE,3,,,,,,official_tourism,Information for Accommodation.csv,palm heaven,Bungalows.xlsx | Information for Accommodation.csv
ACC001277,PALM PARADISE CABANAS,Tourist Hotels,"GOYAMBOKKA,TANGALLE",Hambantota,Hambantota,,22,6.009518,,,,,official_tourism,Information for Accommodation.csv,palm paradise cabanas,Information for Accommodation.csv | Tourist Hotels.xlsx
ACC001278,PALM STONE RETREAT,Guest Houses,"KOSKANUWALA WATTA,MAHABAGE,KITHULGALA,",Kegalle,Yatiyantota Pradeshiya Sabha,A,6,,,,,,official_tourism,Information for Accommodation.csv,palm stone retreat,Guest Houses.xlsx | Information for Accommodation.csv
ACC001279,PALM VILLAGE HOTEL,Tourist Hotels,"262,OLD COLOMBO RD,USWETAKEIYAWA",Gampaha,Wattala Pradeshiya Sabha,,50,7.034292,,,,,official_tourism,Information for Accommodation.csv,palm village hotel,Information for Accommodation.csv | Tourist Hotels.xlsx
ACC001280,PALMS VILLA,Home Stay Units,"425/10/B, MINUWANGODA ROAD, KADIRANA, NEGOMBO",Gampaha,Katana Pradeshiya Sabha,DELUXE,3,7.1945973,,,,,official_tourism,Information for Accommodation.csv,palms villa,Home Stay Units.xlsx | Information for Accommodation.csv
ACC001281,PALMYRAH HOUSE,Guest Houses,"THALAIMANNARAMA ROAD, KARISAL, MANNAR",Mannar,Jaffna,A,5,9.064469,,,,,official_tourism,Information for Accommodation.csv,palmyrah house,Guest Houses.xlsx | Information for Accommodation.csv
ACC001282,PAMUNUWILA VILLAGE,Guest Houses,"124/2,PAMUNUWILA ROAD,GONAWALA.",Gampaha,Biyagama Pradeshiya Sabha,B,8,,,,,,official_tourism,Information for Accommodation.csv,pamunuwila village,Guest Houses.xlsx | Information for Accommodation.csv
ACC001283,PANAMA GREEN HOUSE,Home Stay Units,"NO 76A, PANAMA WEST",Ampara,Ampara,STANDARD,1,,,,,,official_tourism,Information for Accommodation.csv,panama green house,Home Stay Units.xlsx | Information for Accommodation.csv
ACC001284,PANAMA VILLAGE HOME,Home Stay Units,"WEERA BODHI MAWATHA, PANAMA",Ampara,Ampara,STANDARD,4,,,,,,official_tourism,Information for Accommodation.csv,panama village home,Home Stay Units.xlsx | Information for Accommodation.csv
ACC001285,PANDANUS BEACH RESORT & SPA,Classified Hotels( 1-5 Star),"GALLE ROAD,YALEGAMA,INDURUWA 80510",Galle,Galle,THREE,76,6.3797342,,,,,official_tourism,Information for Accommodation.csv,pandanus beach resort spa,Classified Hotels( 1-5 Star).xlsx | Information for Accommodation.csv
ACC001286,PANDORA LODGE,Home Stay Units,"193/A, SIGIRIYA ROAD, KIBISSA",Matale,Dambulla Pradeshiya Sabha,SUPERIOR,5,,,,,,official_tourism,Information for Accommodation.csv,pandora lodge,Home Stay Units.xlsx | Information for Accommodation.csv
ACC001287,PANORAMA GUEST HOUSE,Guest Houses,"NO.395/11C, MUDITHA MAWATHA, ANURADHAPURA.",Anuradhapura,Anuradhapura,B,5,,,,,,official_tourism,Information for Accommodation.csv,panorama guest house,Guest Houses.xlsx | Information for Accommodation.csv
ACC001288,PANORAMA HOTEL,Guest Houses,"9/3, NAOTUNNA, TALALLA",Matara,Devinuwara Pradeshiya Sabha,A,7,5.946184,,,,,official_tourism,Information for Accommodation.csv,panorama hotel,Guest Houses.xlsx | Information for Accommodation.csv
ACC001289,PANWILA CABANAS,Guest Houses,"CINNAMON NR.030,PANWILA,80240,HIKKADUWA",Galle,Hikkaduwa,C,6,6.132364,,,,,official_tourism,Information for Accommodation.csv,panwila cabanas,Guest Houses.xlsx | Information for Accommodation.csv
ACC001290,PANWILA REST HOUSE,Guest Houses,"PANWILA REST HOUSE,PANWILA",Kandy,Kandy,B,5,7.364177,,,,,official_tourism,Information for Accommodation.csv,panwila rest house,Guest Houses.xlsx | Information for Accommodation.csv
ACC001291,PAPERMOON KUDILS,Guest Houses,"KANAGAR VILLAGE, URANI, POTTUVIL 25",Ampara,Pottuvil,B,20,6.908028,,,,,official_tourism,Information for Accommodation.csv,papermoon kudils,Guest Houses.xlsx | Information for Accommodation.csv
ACC001292,PARADIES HOLIDAY INN,Guest Houses,"539/4,SAMUDRI MAWATHA,MALAWANA,BIYAGAMA",Gampaha,Gampaha,C,8,6.961295,,,,,official_tourism,Information for Accommodation.csv,paradies holiday inn,Guest Houses.xlsx | Information for Accommodation.csv
ACC001293,PARADISE BEACH CLUB,Guest Houses,"140, GUNASIRI NAHIMI MAWATHA, MIRISSA.",Matara,Weligama Pradeshiya Sabha,A,40,5.945335,,,,,official_tourism,Information for Accommodation.csv,paradise beach club,Guest Houses.xlsx | Information for Accommodation.csv
ACC001294,PARADISE BEACH HOTEL,Classified Hotels( 1-5 Star),"NO:289, LEWIS PLACE,NEGOMBO",Gampaha,Gampaha,ONE,61,7.231262,,,,,official_tourism,Information for Accommodation.csv,paradise beach hotel,Classified Hotels( 1-5 Star).xlsx | Information for Accommodation.csv
ACC001295,PARADISE COTTAGE FINN BUNGALOWS,Bangalows,"NO.195 B/1, MEEWALADENIYA, HANDESSA",Kandy,Kandy,SUPERIOR,3,,,,,,official_tourism,Information for Accommodation.csv,paradise cottage finn bungalows,Bungalows.xlsx | Information for Accommodation.csv
ACC001296,PARADISE COVE,Bangalows,"PARADISE COVE, HANWELLA, NILWELLA ROAD, DICKWELLA.",Matara,Dickwella,SUPERIOR,5,,,,,,official_tourism,Information for Accommodation.csv,paradise cove,Bungalows.xlsx | Information for Accommodation.csv
ACC001297,PARADISE HOLIDAY VILLAGE,Classified Hotels( 1-5 Star),"NO. 154/9, PORUTHOTA ROAD, PALANGATHURE, KOCHCHIKADE, NEGOMBO",Gampaha,Negombo,ONE,33,7.2467725,,,,,official_tourism,Information for Accommodation.csv,paradise holiday village,Classified Hotels( 1-5 Star).xlsx | Information for Accommodation.csv
ACC001298,PARADISE INN,Guest Houses,"NO. 238/2, NUWARA ELIYA ROAD, WELIMADA",Badulla,Welimada Pradeshiya Sabha,B,5,,,,,,official_tourism,Information for Accommodation.csv,paradise inn,Guest Houses.xlsx | Information for Accommodation.csv
ACC001299,PARADISE INN-,Guest Houses,"NO 67,GANGABODA ROAD,DELTARA",Colombo,Kesbewa,A,19,,,,,,official_tourism,Information for Accommodation.csv,paradise inn,Guest Houses.xlsx | Information for Accommodation.csv
ACC001300,PARADISE INN,Guest Houses,"NO. 8, DANGOLLA ROAD,PERADENIYA",Kandy,Kandy,A,19,7.269178,,,,,official_tourism,Information for Accommodation.csv,paradise inn,Guest Houses.xlsx | Information for Accommodation.csv
ACC001301,PARADISE KANDY,Bangalows,"195/7A,RICHMOND HILL ESTATE, HEERASSAGALA,KANDY",Kandy,Kandy,DELUXE,5,7.276424,,,,,official_tourism,Information for Accommodation.csv,paradise kandy,Bungalows.xlsx | Information for Accommodation.csv
ACC001302,PARADISE RESORT PASIKUDAH,Tourist Hotels,"COCONUT BOARD ROAD,PASSIKUDHA.",Batticaloa,Batticaloa,,42,,,,,,official_tourism,Information for Accommodation.csv,paradise resort pasikudah,Information for Accommodation.csv | Tourist Hotels.xlsx
ACC001303,PARADISE RESORT,Guest Houses,"15/ 8 A, DANGOLLA ROAD, GATAMBE,KANDY",Kandy,Kandy,C,18,7.270056,,,,,official_tourism,Information for Accommodation.csv,paradise resort,Guest Houses.xlsx | Information for Accommodation.csv
ACC001304,PARADISE REST,Guest Houses,"NO. 76, REST HOUSE ROAD, NIKAWERATIYA.",Kurunegala,Nikaweratiya Pradeshiya Sabha,B,14,7.751355,,,,,official_tourism,Information for Accommodation.csv,paradise rest,Guest Houses.xlsx | Information for Accommodation.csv
ACC001305,PARADISE ROAD THE VILLA BENTOTA,Boutique Villas,"138/18, GALLE ROAD,BENTOTA",Galle,Bentota Pradeshiya Sabha,,8,6.411732,,,,,official_tourism,Information for Accommodation.csv,paradise road the villa bentota,Boutique Villas.xlsx | Information for Accommodation.csv
ACC001306,PARADISE ROAD TINTAGEL COLOMBO,Boutique Hotels,"NO.65, ROSMEAD PLACE,COLOMBO 07",Colombo,Colombo Divisional Secretariat,,10,6.915033,,,,,official_tourism,Information for Accommodation.csv,paradise road tintagel colombo,Boutique Hotels.xlsx | Information for Accommodation.csv
ACC001307,PARAISO HOME STAY,Home Stay Units,"TEMPLE ROAD,KITHAL-ELLA,ELLA",Badulla,Ella Pradeshiya Sabha,STANDARD,1,7.863201,,,,,official_tourism,Information for Accommodation.csv,paraiso home stay,Home Stay Units.xlsx | Information for Accommodation.csv
ACC001308,PARISARE,Home Stay Units,"97/3,ROSMEAD PLACE,COLOMBO 7",Colombo,Colombo,STANDARD,1,6.906528,,,,,official_tourism,Information for Accommodation.csv,parisare,Home Stay Units.xlsx | Information for Accommodation.csv
ACC001309,PARK VIEW HOLIDAY RESORT,Guest Houses,"NO. 03, SITHULPAUWA ROAD, KATARAGAMA",Moneragala,,B,11,,,,,,official_tourism,Information for Accommodation.csv,park view holiday resort,Guest Houses.xlsx | Information for Accommodation.csv
ACC001310,PASLA HOTEL,Guest Houses,"NO 47, MAIN STREET, ELLA",Badulla,Ella Pradeshiya Sabha,B,8,,,,,,official_tourism,Information for Accommodation.csv,pasla hotel,Guest Houses.xlsx | Information for Accommodation.csv
ACC001311,PASMEEGODA ESTATE BUNGALOW,Bangalows,"PASMEEGODA ESTATE, KOHOLANA, KALUTARA",Kalutara,Kalutara Pradeshiya Sabha,STANDARD,4,6.588994,,,,,official_tourism,Information for Accommodation.csv,pasmeegoda estate bungalow,Bungalows.xlsx | Information for Accommodation.csv
ACC001312,PASSI BAY HOTEL,Tourist Hotels,"103,PASSIKUDAH ROAD,PASSIKUDAH,VALACHCHENA.",Batticaloa,Batticaloa,,22,7.921889,,,,,official_tourism,Information for Accommodation.csv,passi bay hotel,Information for Accommodation.csv | Tourist Hotels.xlsx
ACC001313,PASSI VILLAS PASSIKUDAH,Tourist Hotels,"NO 12, LAND SIDE, KALKUDAH, PASSIKUDAH",Batticaloa,Kalkudha,,50,7.9258409,,,,,official_tourism,Information for Accommodation.csv,passi villas passikudah,Information for Accommodation.csv | Tourist Hotels.xlsx
ACC001314,PAVILION RESIDENCE,Home Stay Units,"170/6 & 170/7, ROBERT GUNAWARDENA MAWATHA, BATTARAMULLA",Colombo,Colombo,SUPERIOR,5,6.9004455,,,,,official_tourism,Information for Accommodation.csv,pavilion residence,Home Stay Units.xlsx | Information for Accommodation.csv
ACC001315,PAWANA RESTAURANT AND GUEST HOUSE,Guest Houses,"NO 90/2, WISHWAKALA ROAD,WISHWAKALAWA,PILIYANDALA",Colombo,Kesbewa,B,7,,,,,,official_tourism,Information for Accommodation.csv,pawana restaurant and guest house,Guest Houses.xlsx | Information for Accommodation.csv
ACC001316,PEACE HAVEN RESORTS LIMITED,Bangalows,"GOYAMBOKKA, TANGALLE.",Hambantota,Tangalle Pradeshiya Sabha,DELUXE,3,,,,,,official_tourism,Information for Accommodation.csv,peace haven resorts limited,Bungalows.xlsx | Information for Accommodation.csv
ACC001317,PEACE HEAVEN INN,Guest Houses,"NO. 18, PEELIPOTHAGAMA ROAD, BADULLA",Badulla,Badulla,B,7,,,,,,official_tourism,Information for Accommodation.csv,peace heaven inn,Guest Houses.xlsx | Information for Accommodation.csv
ACC001318,PEACE HEAVEN RESORT,Home Stay Units,"KADURUPOKUNE VILLAGE, GOYAMBOKKA,82200 TANGALLE.",Kandy,Kandy,STANDARD,4,7.3033077,,,,,official_tourism,Information for Accommodation.csv,peace heaven resort,Home Stay Units.xlsx | Information for Accommodation.csv
ACC001319,PEACE HEAVEN,Rented Apartments,"NO.26/672, PARADISE GATE, KALUTARA SOUTH.",Kalutara,Kalutara Pradeshiya Sabha,STANDARD,2,,,,,,official_tourism,Information for Accommodation.csv,peace heaven,Information for Accommodation.csv | Rented Apartments.xlsx
ACC001320,PEACOCK BEACH HOTEL LTD,Tourist Hotels,"TISSA ROAD,HAMBANTOTA",Hambantota,Hambantota,,111,6.133387,,,,,official_tourism,Information for Accommodation.csv,peacock beach hotel ltd,Information for Accommodation.csv | Tourist Hotels.xlsx
ACC001321,PEACOCK RESIDENCE,Bangalows,"NIDANGALA WATTE, MALIGATENNA, 5 ELA, SHRAWASTIPURA",Anuradhapura,Anuradhapura,STANDARD,5,8.308446,,,,,official_tourism,Information for Accommodation.csv,peacock residence,Bungalows.xlsx | Information for Accommodation.csv
ACC001322,PEARL CITY HOTEL,Tourist Hotels,"NO.17,BAUDDHALOKA MAWATHA,COLOMBO 04.",Colombo,Colombo,,69,6.895633,,,,,official_tourism,Information for Accommodation.csv,pearl city hotel,Information for Accommodation.csv | Tourist Hotels.xlsx
ACC001323,PEARL CLIFF HOTEL,Guest Houses,"NO.25C, BROWNS HILL, MATARA",Matara,Matara,A,10,5.942197,,,,,official_tourism,Information for Accommodation.csv,pearl cliff hotel,Guest Houses.xlsx | Information for Accommodation.csv
ACC001324,PEARL GRAND HOTEL,Classified Hotels( 1-5 Star),"#09,EDWARD LANE,COLOMBO 03.",Colombo,Colombo,ONE,90,6.8961858,,,,,official_tourism,Information for Accommodation.csv,pearl grand hotel,Classified Hotels( 1-5 Star).xlsx | Information for Accommodation.csv
ACC001325,PEARL INN GUEST HOUSE,Guest Houses,"POWER HOUSE LANE,MANALKUDIERAPPU,MULLAITIVU",Mullaitivu,Vavuniya,B,5,,,,,,official_tourism,Information for Accommodation.csv,pearl inn guest house,Guest Houses.xlsx | Information for Accommodation.csv
ACC001326,PEARL OCEAN APARTMENT,Rented Apartments,"APARTMENT NO. 4/1 (FORTH FLOOR),NO. 28 RAMAKRISHNA ROAD, WELLAWATTA,COLOMBO 6",Colombo,Dehiwala-Mount Lavinia,SUPERIOR,4,,,,,,official_tourism,Information for Accommodation.csv,pearl ocean apartment,Information for Accommodation.csv | Rented Apartments.xlsx
ACC001327,PEARL OCEANIC RESORT,Guest Houses,"10/1,WARD NO 03,SAMPALTHIVU,TRINCOMALEE",Trincomalee,Trincomalee,A,8,8.636459,,,,,official_tourism,Information for Accommodation.csv,pearl oceanic resort,Guest Houses.xlsx | Information for Accommodation.csv
ACC001328,PEARL RICH HOTEL & BANQUET HALL,Guest Houses,"NO.727,COLOMBO ROAD,KADUGANNAWA",Kandy,Yatinuwara Pradeshiya Sabha,B,5,7.261431,,,,,official_tourism,Information for Accommodation.csv,pearl rich hotel banquet hall,Guest Houses.xlsx | Information for Accommodation.csv
ACC001329,PEARL'S HOME STAY,Home Stay Units,"MEDICAL CENTER, ANDIAMBALAMA",Gampaha,Dawamottawa,STANDARD,1,,,,,,official_tourism,Information for Accommodation.csv,pearl s home stay,Home Stay Units.xlsx | Information for Accommodation.csv
ACC001330,PEGASUS REEF HOTEL,Classified Hotels( 1-5 Star),"P.O.BOX. 02, HENDALA, WATTALA",Gampaha,Gampaha,FOUR,140,6.999892,,,,,official_tourism,Information for Accommodation.csv,pegasus reef hotel,Classified Hotels( 1-5 Star).xlsx | Information for Accommodation.csv
ACC001331,PELWEHERA VILLAGE RESORT,Tourist Hotels,"BULAGALA JUNCTION,PELWEHERA,DAMBULLA.",Matale,Dambulla Pradeshiya Sabha,,16,7.903622,,,,,official_tourism,Information for Accommodation.csv,pelwehera village resort,Information for Accommodation.csv | Tourist Hotels.xlsx
ACC001332,PENARA HOTEL AND RESTAURANT,Guest Houses,"NO.779,WARAGODA ROAD, KELANIYA.",Gampaha,Kelaniya Pradeshiya Sabha,B,10,,,,,,official_tourism,Information for Accommodation.csv,penara hotel and restaurant,Guest Houses.xlsx | Information for Accommodation.csv
ACC001333,PENT HOUSE ON THE ROCK,Home Stay Units,"JAKOTUWA, YADDEHIMULLA RD, UNAWATUNA",Galle,Habaraduwa,DELUXE,4,6.0104782,,,,,official_tourism,Information for Accommodation.csv,pent house on the rock,Home Stay Units.xlsx | Information for Accommodation.csv
ACC001334,PERERA HOME,Bangalows,"133, 16TH LANE,LAKE CITY HOME, JA ELA",Gampaha,Gampaha,SUPERIOR,3,7.166809,,,,,official_tourism,Information for Accommodation.csv,perera home,Bungalows.xlsx | Information for Accommodation.csv
ACC001335,PIGEON ISLAND BEACH HOTEL,Classified Hotels( 1-5 Star),"11TH MILE POST, NILAVELI, TRINCOMALEE.",Trincomalee,Trincomalee,TWO,38,8.712216,,,,,official_tourism,Information for Accommodation.csv,pigeon island beach hotel,Classified Hotels( 1-5 Star).xlsx | Information for Accommodation.csv
ACC001336,PIGEON ISLAND VIEW GUEST HOUSE,Guest Houses,"9TH MILE POST,NILAVELI",Trincomalee,Trincomalee,A,12,8.686514,,,,,official_tourism,Information for Accommodation.csv,pigeon island view guest house,Guest Houses.xlsx | Information for Accommodation.csv
ACC001337,PILLAIAR INN AND PILLAIAR STORES,Guest Houses,"NO. 31, MANIPAY ROAD, JAFFNA",Jaffna,Jaffna,A,22,9.670069,,,,,official_tourism,Information for Accommodation.csv,pillaiar inn and pillaiar stores,Guest Houses.xlsx | Information for Accommodation.csv
ACC001338,PINE STUDIO,Rented Apartments,"15/3, ASHLEY HILLS RESIDENCIES, LADY MACCULUM DRIVE, NUWARA ELIYA",Nuwara Eliya,Nuwara Eliya,DELUXE,1,6.976232,,,,,official_tourism,Information for Accommodation.csv,pine studio,Information for Accommodation.csv | Rented Apartments.xlsx
ACC001339,PINE VILLAGE GUEST HOUSE,Guest Houses,"VELEGAMA, UVA - THANNA",Badulla,Haldummulla Pradeshiya Sabha,A,10,,,,,,official_tourism,Information for Accommodation.csv,pine village guest house,Guest Houses.xlsx | Information for Accommodation.csv
ACC001340,PITTANIYA VILLA,Bangalows,"37/14, DAMRUWAN MAWATHA, MIHIRIPENNA, THALPE, GALLE",Galle,Habaraduwa,DELUXE,3,6.001739,,,,,official_tourism,Information for Accommodation.csv,pittaniya villa,Bungalows.xlsx | Information for Accommodation.csv
ACC001341,PIYASA,Home Stay Units,"88/2, 14TH LANE, I.JOTHIPALA MAWATHA, PITTUGALA, MALABE.",Colombo,Kaduwela Pradeshiya Sabha,SUPERIOR,3,,,,,,official_tourism,Information for Accommodation.csv,piyasa,Home Stay Units.xlsx | Information for Accommodation.csv
ACC001342,PJ HOTEL,Guest Houses,"AVARNKAL JUNCTION,ACTCHUWELY SOUTH,ACTCHWELY,JAFFNA",Jaffna,Jaffna,A,19,,,,,,official_tourism,Information for Accommodation.csv,pj hotel,Guest Houses.xlsx | Information for Accommodation.csv
ACC001343,PLANTAGE,Bangalows,"PALLIWASAL PADUWA, KOTTANTIVE",Puttalam,Kalpitiya Pradeshiya Sabha,STANDARD,4,,,,,,official_tourism,Information for Accommodation.csv,plantage,Bungalows.xlsx | Information for Accommodation.csv
ACC001344,PLANTATION HOTEL,Guest Houses,"NO. 250,KALUKOHUTHENNA,KITHULGALA",Kegalle,Yatiyantota Pradeshiya Sabha,A,12,,,,,,official_tourism,Information for Accommodation.csv,plantation hotel,Guest Houses.xlsx | Information for Accommodation.csv
ACC001345,PLANTATION INN,Home Stay Units,"NO.1/73,DANKALAPUWA WATTA,KAPPARATHOTA,WELIGAMA",Matara,Weligama Pradeshiya Sabha,STANDARD,3,,,,,,official_tourism,Information for Accommodation.csv,plantation inn,Home Stay Units.xlsx | Information for Accommodation.csv
ACC001346,PLANTATION RETREAT,Home Stay Units,"PLANTATION RETREAT ELLEPOLA ESTATE,PATANPAHA,WATTEGAMA",Kandy,Kandy,STANDARD,4,7.3493442,,,,,official_tourism,Information for Accommodation.csv,plantation retreat,Home Stay Units.xlsx | Information for Accommodation.csv
ACC001347,PLANTATION VILLA,Bangalows,"PLANTATION VILLA, WATTALAYA WATTE, NEHINNA, DODANGODA",Kalutara,Kalutara Pradeshiya Sabha,DELUXE,8,6.548825,,,,,official_tourism,Information for Accommodation.csv,plantation villa,Bungalows.xlsx | Information for Accommodation.csv
ACC001348,PLANTERS BUNGALOW,Bangalows,"10 MILE POST, UVA- KARADAGOLLA, ELLA",Badulla,Ella Pradeshiya Sabha,DELUXE,6,6.831055,,,,,official_tourism,Information for Accommodation.csv,planters bungalow,Bungalows.xlsx | Information for Accommodation.csv
ACC001349,PLATINUM-1,Tourist Hotels,"NO 1, BAGATALLE ROAD, COLOMBO 03",Colombo,Colombo,,40,6.900651,,,,,official_tourism,Information for Accommodation.csv,platinum 1,Information for Accommodation.csv | Tourist Hotels.xlsx
ACC001350,PLATINUM RESORT,Guest Houses,"NEW KANDY ROAD,NELUMKULAMA,ANURADHAPURA",Anuradhapura,Anuradhapura,A,6,,,,,,official_tourism,Information for Accommodation.csv,platinum resort,Guest Houses.xlsx | Information for Accommodation.csv
ACC001351,PLEASURE ISLAND HOME STAY,Home Stay Units,"HOTEL PLEASURE ISLAND,RESERVEIR ROAD,DAMBULLA.",Matale,Dambulla Pradeshiya Sabha,STANDARD,5,7.8723783,,,,,official_tourism,Information for Accommodation.csv,pleasure island home stay,Home Stay Units.xlsx | Information for Accommodation.csv
ACC001352,PLEDGE 3,Tourist Hotels,"NO:03,ETHTHUKALA,NEGOMBO",Gampaha,Gampaha,,14,7.236222401,,,,,official_tourism,Information for Accommodation.csv,pledge 3,Information for Accommodation.csv | Tourist Hotels.xlsx
ACC001353,PLEDGE SCAPE,Guest Houses,"NO. 3/2, SENAVIRATNA ROAD, KUDAPADUWA, NEGOMBO",Gampaha,Negombo,A,25,,,,,,official_tourism,Information for Accommodation.csv,pledge scape,Guest Houses.xlsx | Information for Accommodation.csv
ACC001354,POINT DE GALLE,Guest Houses,"MIHIRIPENNA, TALPE, UNAWATUNA.",Galle,Habaraduwa,A,9,,,,,,official_tourism,Information for Accommodation.csv,point de galle,Guest Houses.xlsx | Information for Accommodation.csv
ACC001355,POINTE SUD,Bangalows,"MADIHA,KAMBURUGAMUWA,GODAKANDA,MATARA.",Matara,Matara,DELUXE,5,,,,,,official_tourism,Information for Accommodation.csv,pointe sud,Bungalows.xlsx | Information for Accommodation.csv
ACC001356,POKKULUWA TEA COTTAGE,Bangalows,"POKKULUWA TEA COTTAGE,POKKULUWA ESTATE,HAPPAWANA WANCHAWALA 80120 GALLE",Galle,Habaraduwa,DELUXE,2,,,,,,official_tourism,Information for Accommodation.csv,pokkuluwa tea cottage,Bungalows.xlsx | Information for Accommodation.csv
ACC001357,POLGAHAWELA REST HOUSE,Guest Houses,"NO. 76, KEGALLE ROAD, POLGAHAWELA",Kurunegala,Polgahawela Pradeshiya Sabha,B,18,7.331108,,,,,official_tourism,Information for Accommodation.csv,polgahawela rest house,Guest Houses.xlsx | Information for Accommodation.csv
ACC001358,POLHENA REEF GARDEN HOTEL,Guest Houses,"NO:30,BEACH ROAD,POLHENA,MATARA",Matara,Matara,B,18,5.937056,,,,,official_tourism,Information for Accommodation.csv,polhena reef garden hotel,Guest Houses.xlsx | Information for Accommodation.csv
ACC001359,POLLAN HOTEL AND GUEST HOUSE,Guest Houses,"NO. 201, ANURADHAPURA ROAD, THAMBUTTEGAMA",Anuradhapura,Talawa Pradeshiya Sabha,A,20,,,,,,official_tourism,Information for Accommodation.csv,pollan hotel and guest house,Guest Houses.xlsx | Information for Accommodation.csv
ACC001360,POLONNARUWA HOLIDAY INN,Tourist Hotels,"POLONNARUWA HOLIDAY INN, BENDIWEWA, POLONNARUWA",Polonnaruwa,Polonnaruwa,,24,7.959284,,,,,official_tourism,Information for Accommodation.csv,polonnaruwa holiday inn,Information for Accommodation.csv | Tourist Hotels.xlsx
ACC001361,POLONNARUWA REST HOUSE,Guest Houses,POLONNARUWA,Polonnaruwa,Tamankaduwa Pradeshiya Sabha,A,10,,,,,,official_tourism,Information for Accommodation.csv,polonnaruwa rest house,Guest Houses.xlsx | Information for Accommodation.csv
ACC001362,POLWATHTHA ECO-LODGES,Guest Houses,"69/1, WEPATHANA, GOMAGODA.",Kandy,Kandy,B,5,7.326892,,,,,official_tourism,Information for Accommodation.csv,polwaththa eco lodges,Guest Houses.xlsx | Information for Accommodation.csv
ACC001363,POWER ZONE GUEST HOUSE,Guest Houses,"NO743/1,MATALE ROAD,ALAWATUGODA",Kandy,Akurana Pradeshiya Sabha,B,5,7.403021,,,,,official_tourism,Information for Accommodation.csv,power zone guest house,Guest Houses.xlsx | Information for Accommodation.csv
ACC001364,PRASADA GUEST HOUSE,Guest Houses,"NO:181/A, KANDY ROAD, PASYALA.",Gampaha,Gampaha Pradeshiya Sabha,A,10,,,,,,official_tourism,Information for Accommodation.csv,prasada guest house,Guest Houses.xlsx | Information for Accommodation.csv
ACC001365,PRASANNA GUEST HOUSE,Guest Houses,"NO:1042,KANDY ROAD, ANURADHAPURA JUNTION,TRINCOMALEE",Trincomalee,Trincomalee,B,18,8.585838,,,,,official_tourism,Information for Accommodation.csv,prasanna guest house,Guest Houses.xlsx | Information for Accommodation.csv
ACC001366,PREMACHANDRA TOURIST HOTEL,Guest Houses,"NO 15,NADEE MAWATHA,EGODA UYANA,MORATUWA",Colombo,Moratuwa,B,10,,,,,,official_tourism,Information for Accommodation.csv,premachandra tourist hotel,Guest Houses.xlsx | Information for Accommodation.csv
ACC001367,PRI - KIN RESTAURANT & GUEST HOUSE,Guest Houses,"NO:10, PORUTHOTA ROAD, ETHTHUKALA,NEGOMBO",Gampaha,Negombo,B,5,,,,,,official_tourism,Information for Accommodation.csv,pri kin restaurant guest house,Guest Houses.xlsx | Information for Accommodation.csv
ACC001368,PRINCE HOTEL BANDARAWELA,Tourist Hotels,"BADULLA ROAD,BINDUNUWEWA,BANDARAWELA",Badulla,Ella Pradeshiya Sabha,,30,6.832354,,,,,official_tourism,Information for Accommodation.csv,prince hotel bandarawela,Information for Accommodation.csv | Tourist Hotels.xlsx
ACC001369,PRINTERS VILLA,Guest Houses,"NO.39,PEDLAR STREET,FORT,GALLE",Galle,Galle,A,13,,,,,,official_tourism,Information for Accommodation.csv,printers villa,Guest Houses.xlsx | Information for Accommodation.csv
ACC001370,PRIYAMANI HOME STAY,Home Stay Units,"NO.227/A, PATHAHENA, ESSELLA, VEYANGODA.",Gampaha,Minuwangoda Pradeshiya Sabha,SUPERIOR,5,,,,,,official_tourism,Information for Accommodation.csv,priyamani home stay,Home Stay Units.xlsx | Information for Accommodation.csv
ACC001371,PRIYANKA VILLA,Home Stay Units,"325/D/3, PAGODAWATTA, EDANDUWAWA,PERADENIYA",Kandy,Yatinuwara Pradeshiya Sabha,SUPERIOR,2,,,,,,official_tourism,Information for Accommodation.csv,priyanka villa,Home Stay Units.xlsx | Information for Accommodation.csv
ACC001372,PUBS AND PLACES,Guest Houses,"1837, NEW GALLE ROAD, MORATUWA",Colombo,Moratuwa,B,5,,,,,,official_tourism,Information for Accommodation.csv,pubs and places,Guest Houses.xlsx | Information for Accommodation.csv
ACC001373,PUETZ BEACH RESORT,Guest Houses,"WELANKANNI MAWATHA,SINDATHRIYA,WAIKKALA",Puttalam,Puttalam Pradeshiya Sabha,A,12,,,,,,official_tourism,Information for Accommodation.csv,puetz beach resort,Guest Houses.xlsx | Information for Accommodation.csv
ACC001374,PULEY S BALMORAL HOTEL,Guest Houses,"OPPOSITE TO RAILWAY STATION ,VAUNIYA.",Vavuniya,Vavuniya,A,14,8.753839,,,,,official_tourism,Information for Accommodation.csv,puley s balmoral hotel,Guest Houses.xlsx | Information for Accommodation.csv
ACC001375,PUNSISI,Guest Houses,"NO:207/4/A, MEEAMBEWATHNA ROAD,THIHARIYA, KALAGEDIHENA",Gampaha,Attanagalla Pradeshiya Sabha,B,12,,,,,,official_tourism,Information for Accommodation.csv,punsisi,Guest Houses.xlsx | Information for Accommodation.csv
ACC001376,PURASANDA VILLA,Home Stay Units,"NO 14, PURASANDA VILLA, INAMALUWA VILLAGE, DAMBULLA",Matale,Dambulla Pradeshiya Sabha,STANDARD,5,,,,,,official_tourism,Information for Accommodation.csv,purasanda villa,Home Stay Units.xlsx | Information for Accommodation.csv
ACC001377,PURPLE SUN HOLIDAY RESORT,Guest Houses,"NO 66/20,NEW RATHNAPURA ROAD,AVISSAWELLA",Colombo,Colombo,A,21,6.947997,,,,,official_tourism,Information for Accommodation.csv,purple sun holiday resort,Guest Houses.xlsx | Information for Accommodation.csv
ACC001378,PUSSELLAWA REST HOUSE,Guest Houses,"PUSSELLAWA REST HOUSE,PUSSELLAWA",Kandy,Kandy,B,3,,,,,,official_tourism,Information for Accommodation.csv,pussellawa rest house,Guest Houses.xlsx | Information for Accommodation.csv
ACC001379,QUEENS HOTEL,Tourist Hotels,"NO:04,DALADA VEEDIYA,KANDY",Kandy,Kandy,,67,7.293287,,,,,official_tourism,Information for Accommodation.csv,queens hotel,Information for Accommodation.csv | Tourist Hotels.xlsx
ACC001380,R DEGREES HOTEL,Tourist Hotels,"NO 457,GALLE ROAD,AMBALANGODA.",Galle,MC,,10,6.243021,,,,,official_tourism,Information for Accommodation.csv,r degrees hotel,Information for Accommodation.csv | Tourist Hotels.xlsx
ACC001381,RAASHI LAKE RESORT,Guest Houses,"374/4, GALLE ROAD, GORAKANA, KESELWATTE",Kalutara,Panadura Pradeshiya Sabha,B,16,6.764255,,,,,official_tourism,Information for Accommodation.csv,raashi lake resort,Guest Houses.xlsx | Information for Accommodation.csv
ACC001382,RAIN FOREST LODGE,Guest Houses,"RAIN FOREST LODGE, GALKUBURA HENYAYA, TEMPLE ROAD, DENIYAYA",Matara,Matara,B,9,6.343899,,,,,official_tourism,Information for Accommodation.csv,rain forest lodge,Guest Houses.xlsx | Information for Accommodation.csv
ACC001383,RAINBOW APARTMENT,Rented Apartments,"APARTMENT NO.1/5 (FIRST FLOOR), NO.34, EBENEZER PLACE, DEHIWALA.",Colombo,Dehiwala-Mount Lavinia,SUPERIOR,1,,,,,,official_tourism,Information for Accommodation.csv,rainbow apartment,Information for Accommodation.csv | Rented Apartments.xlsx
ACC001384,RAINBOW BEACH VILLA,Guest Houses,"NO. 30/1, DHARMAPALA ROAD, MOUNT LAVINIA",Colombo,Dehiwala-Mount Lavinia,B,18,,,,,,official_tourism,Information for Accommodation.csv,rainbow beach villa,Guest Houses.xlsx | Information for Accommodation.csv
ACC001385,RAINBOW,Guest Houses,"NO. 526, NEGOMBO ROAD, HANDALA, WATTALA",Gampaha,Wattala Pradeshiya Sabha,B,5,,,,,,official_tourism,Information for Accommodation.csv,rainbow,Guest Houses.xlsx | Information for Accommodation.csv
ACC001386,RAJ REST,Guest Houses,"WORD NO. 7, PUTHUKUDIYIRUPPU, MULAITIVU",Mullaitivu,,B,8,,,,,,official_tourism,Information for Accommodation.csv,raj rest,Guest Houses.xlsx | Information for Accommodation.csv
ACC001387,RAJA HOUSE,Bangalows,"39A, 39A/1, RAJASINGHE ROAD, COLOMBO 06.",Colombo,Colombo,DELUXE,4,6.868215,,,,,official_tourism,Information for Accommodation.csv,raja house,Bungalows.xlsx | Information for Accommodation.csv
ACC001388,RAJANAWA HERITAGE RESORT,Guest Houses,"HILBURN WATTA,MARAPANA,RATHNAPURA",Ratnapura,Ratnapura,A,10,6.664646,,,,,official_tourism,Information for Accommodation.csv,rajanawa heritage resort,Guest Houses.xlsx | Information for Accommodation.csv
ACC001389,RAJARATA HOTEL,Tourist Hotels,"ROWING CLUB ROAD,ANURADHAPURA.",Anuradhapura,Anuradhapura,,30,8.330589,,,,,official_tourism,Information for Accommodation.csv,rajarata hotel,Information for Accommodation.csv | Tourist Hotels.xlsx
ACC001390,RAKWANA REST HOUSE,Guest Houses,"DENIYAYA ROAD,RAKWANA",Ratnapura,Ratnapura,B,4,,,,,,official_tourism,Information for Accommodation.csv,rakwana rest house,Guest Houses.xlsx | Information for Accommodation.csv
ACC001391,RAMADA - COLOMBO,Classified Hotels( 1-5 Star),"NO.30, SIR MOHAMED MACAN MARKAR MAWATHA, COLOMBO 03",Colombo,Colombo,THREE,94,6.921261,,,,,official_tourism,Information for Accommodation.csv,ramada colombo,Classified Hotels( 1-5 Star).xlsx | Information for Accommodation.csv
ACC001392,RAMADA KATUNAYAKE,Tourist Hotels,"842,NEGOMBO ROAD,SEEDUWA",Gampaha,Katana Pradeshiya Sabha,,56,7.111464,,,,,official_tourism,Information for Accommodation.csv,ramada katunayake,Information for Accommodation.csv | Tourist Hotels.xlsx
ACC001393,RAMADIA RANMAL HOLIDAY RESORT,Classified Hotels( 1-5 Star),"346/5,GALLE ROAD,GORAKANA,MORATUWA",Kalutara,Moratuwa,ONE,25,6.7636079,,,,,official_tourism,Information for Accommodation.csv,ramadia ranmal holiday resort,Classified Hotels( 1-5 Star).xlsx | Information for Accommodation.csv
ACC001394,RAMANATHAN COTTAGE,Bangalows,"848/A, VALAIYOOLHU,IRRAKKAKANDY, NILAVELI.",Trincomalee,Trincomalee,STANDARD,3,,,,,,official_tourism,Information for Accommodation.csv,ramanathan cottage,Bungalows.xlsx | Information for Accommodation.csv
ACC001395,"RAMASINGHE LANE, HOME STAY UNIT",Home Stay Units,"56/2, RAMASINGHE LANE, DALUGAMA, KIRIBATHGODA, KELANIYA",Gampaha,Mahara Pradeshiya Sabha,STANDARD,4,,,,,,official_tourism,Information for Accommodation.csv,ramasinghe lane home stay unit,Home Stay Units.xlsx | Information for Accommodation.csv
ACC001396,RAMBODA FALLS HOTEL,Guest Houses,"76, ROCK FALL ESTATE, NUWARA ELIYA ROAD, RAMBODA",Nuwara Eliya,Nuwara Eliya,A,24,7.055811,,,,,official_tourism,Information for Accommodation.csv,ramboda falls hotel,Guest Houses.xlsx | Information for Accommodation.csv
ACC001397,RAMPART VIEW GUEST HOUSE,Home Stay Units,"37, RAMPART STREET, FORT, GALLE.",Galle,Galle,SUPERIOR,4,6.024423,,,,,official_tourism,Information for Accommodation.csv,rampart view guest house,Home Stay Units.xlsx | Information for Accommodation.csv
ACC001398,RAN DALU UYANA,Bangalows,"NO.370/8, COLOMBO ROAD, GORAKANA, KESELWATTA, MORATUWA",Kalutara,Moratuwa,SUPERIOR,2,,,,,,official_tourism,Information for Accommodation.csv,ran dalu uyana,Bungalows.xlsx | Information for Accommodation.csv
ACC001399,RAN KETHA HOLIDAY INN,Guest Houses,"DALADAGAMA, MAHAWA",Kurunegala,Mahawa Pradeshiya Sabha,B,22,,,,,,official_tourism,Information for Accommodation.csv,ran ketha holiday inn,Guest Houses.xlsx | Information for Accommodation.csv
ACC001400,RAN SEA HOTEL,Guest Houses,"WATTHEGAMA, DICKWELLA.",Matara,Dickwella,B,12,,,,,,official_tourism,Information for Accommodation.csv,ran sea hotel,Guest Houses.xlsx | Information for Accommodation.csv
ACC001401,RANAPRIYA HOTEL,Guest Houses,"WEWAGEDERA WATTE, GANEWATTE ROAD,WARIYAPOLA",Kurunegala,Kurunegala,A,14,,,,,,official_tourism,Information for Accommodation.csv,ranapriya hotel,Guest Houses.xlsx | Information for Accommodation.csv
ACC001402,RANAWARA HOME STAY,Home Stay Units,"NO 11, PARADISE PARK, THAPODARAMA MAWATHA, HANTHANA , KANDY",Kandy,Gagawata Koralya,SUPERIOR,3,7.278034,,,,,official_tourism,Information for Accommodation.csv,ranawara home stay,Home Stay Units.xlsx | Information for Accommodation.csv
ACC001403,RANAWARA,Guest Houses,"NO:98 , THILAWATANA WATTE , KAHANDA MODARA , RANNA",Galle,Tangalle Pradeshiya Sabha,A,7,,,,,,official_tourism,Information for Accommodation.csv,ranawara,Guest Houses.xlsx | Information for Accommodation.csv
ACC001404,RANDHOLEE RESORTS,Classified Hotels( 1-5 Star),"HEERASSAGALA, BOWALAWATTE, KANDY",Kandy,Kandy,ONE,25,7.2631411,,,,,official_tourism,Information for Accommodation.csv,randholee resorts,Classified Hotels( 1-5 Star).xlsx | Information for Accommodation.csv
ACC001405,RANDILI HOTEL,Guest Houses,"8 TH CROSS STREET,BORUPANA,RATMALANA",Colombo,Colombo,A,26,6.818073,,,,,official_tourism,Information for Accommodation.csv,randili hotel,Guest Houses.xlsx | Information for Accommodation.csv
ACC001406,RANDIYA HOTEL,Tourist Hotels,"394/19A,MUDITHA MAWATHA,ANURADHAPURA",Anuradhapura,Anuradhapura,,14,8.330308,,,,,official_tourism,Information for Accommodation.csv,randiya hotel,Information for Accommodation.csv | Tourist Hotels.xlsx
ACC001407,RANDIYA HOTEL,Classified Hotels( 1-5 Star),"389,KORALAWELLA,MORATUWA",Colombo,Moratuwa,ONE,10,6.7504834,,,,,official_tourism,Information for Accommodation.csv,randiya hotel,Classified Hotels( 1-5 Star).xlsx | Information for Accommodation.csv
ACC001408,RANDIYATHA HOTEL,Guest Houses,"KUNCHIKULAM, IPOLOGAMA, ANURADHAPURA",Anuradhapura,Anuradhapura,A,6,,,,,,official_tourism,Information for Accommodation.csv,randiyatha hotel,Guest Houses.xlsx | Information for Accommodation.csv
ACC001409,RANGANA REST,Guest Houses,"KANDY ROAD, WARAKAPOLA",Kegalle,Kegalle,A,6,,,,,,official_tourism,Information for Accommodation.csv,rangana rest,Guest Houses.xlsx | Information for Accommodation.csv
ACC001410,RANGIRAYA,Rented Apartments,"226E, HORANA ROAD, PILIYANDALA",Colombo,Kesbewa,DELUXE,2,,,,,,official_tourism,Information for Accommodation.csv,rangiraya,Information for Accommodation.csv | Rented Apartments.xlsx
ACC001411,RANKETH RESTAURANT & INN,Guest Houses,"RANWALA,KEGALLE.",Kegalle,Kegalle,B,6,,,,,,official_tourism,Information for Accommodation.csv,ranketh restaurant inn,Guest Houses.xlsx | Information for Accommodation.csv
ACC001412,RANKETHA REST,Guest Houses,"NO. 1108/A, MATUGAMA ROAD, NAGODA, KALUTARA",Kalutara,Kalutara Pradeshiya Sabha,B,5,,,,,,official_tourism,Information for Accommodation.csv,ranketha rest,Guest Houses.xlsx | Information for Accommodation.csv
ACC001413,RANMAL HOLIDAYS,Rented Apartments,"122/5 2/1, LAKE EDGE RESIDENCIES,ATTIDIYA ROAD,BELANTHARA,DEHIWALA",Colombo,Dehiwala-Mount Lavinia,STANDARD,2,6.851271,,,,,official_tourism,Information for Accommodation.csv,ranmal holidays,Information for Accommodation.csv | Rented Apartments.xlsx
ACC001414,RANMIN BELLAIR BUNGALOW,Bangalows,"BELLAIR ESTATE,PUWAKPITIYA",Colombo,Seethawaka Pradeshiya Sabha,DELUXE,5,,,,,,official_tourism,Information for Accommodation.csv,ranmin bellair bungalow,Bungalows.xlsx | Information for Accommodation.csv
ACC001415,RANNA 212,Tourist Hotels,"KAHANDAMODARA,RANNA,TANGALLE",Hambantota,Tangalle Pradeshiya Sabha,,55,,,,,,official_tourism,Information for Accommodation.csv,ranna 212,Information for Accommodation.csv | Tourist Hotels.xlsx
ACC001416,RANNA HOUSE BY FOX RESORT,Bangalows,"NO 2 MODARA ROAD,KAHADAMODARA,RANNA,TANGALLE.",Hambantota,Tangalle Pradeshiya Sabha,DELUXE,3,6.063352,,,,,official_tourism,Information for Accommodation.csv,ranna house by fox resort,Bungalows.xlsx | Information for Accommodation.csv
ACC001417,RANTARUWA,Home Stay Units,"44, GALABADEHENAWATTA, PEHEMBIYA, DICKWELLA.",Matara,Matara,DELUXE,3,5.9599154,,,,,official_tourism,Information for Accommodation.csv,rantaruwa,Home Stay Units.xlsx | Information for Accommodation.csv
ACC001418,RANTHARU,Guest Houses,"NO. 193/14, NEW TOWN, ARALAGANWILA",Polonnaruwa,Polonnaruwa,B,5,,,,,,official_tourism,Information for Accommodation.csv,rantharu,Guest Houses.xlsx | Information for Accommodation.csv
ACC001419,RANWELI HOLIDAY VILLAGE,Classified Hotels( 1-5 Star),WAIKKAL.,Puttalam,Negombo,TWO,84,7.282694,,,,,official_tourism,Information for Accommodation.csv,ranweli holiday village,Classified Hotels( 1-5 Star).xlsx | Information for Accommodation.csv
ACC001420,RASARA GUEST HOUSE,Guest Houses,"NO:251,POTHUWIL ROAD,MONARAGALA",Moneragala,Hambantota,B,8,,,,,,official_tourism,Information for Accommodation.csv,rasara guest house,Guest Houses.xlsx | Information for Accommodation.csv
ACC001421,RASILKA HOTEL,Guest Houses,"NO. 435, GALLE ROAD, WADDUWA",Kalutara,Panadura Pradeshiya Sabha,B,12,,,,,,official_tourism,Information for Accommodation.csv,rasilka hotel,Guest Houses.xlsx | Information for Accommodation.csv
ACC001422,RATHNALOKA TOUR INN,Classified Hotels( 1-5 Star),"KOSGALA, KAHAGAMA, RATNAPURA",Ratnapura,Ratnapura,ONE,53,6.713322,,,,,official_tourism,Information for Accommodation.csv,rathnaloka tour inn,Classified Hotels( 1-5 Star).xlsx | Information for Accommodation.csv
ACC001423,RAVEENA GUEST INN,Home Stay Units,"SAPUMALTANNA,WELLAWAYA RD,ELLA",Badulla,Ella Pradeshiya Sabha,STANDARD,3,,,,,,official_tourism,Information for Accommodation.csv,raveena guest inn,Home Stay Units.xlsx | Information for Accommodation.csv
ACC001424,RAVEENA HOME STAY,Home Stay Units,"""RAVEENA"", NO.11, YASODARA SCHOOL ROAD, MODARAPATUWATHA, DODANDUWA.",Galle,Hikkaduwa,STANDARD,2,,,,,,official_tourism,Information for Accommodation.csv,raveena home stay,Home Stay Units.xlsx | Information for Accommodation.csv
ACC001425,RAWANA FALL VIEW,Home Stay Units,"""SISILA"" WELLAWAYA ROAD,ELLA",Badulla,Ella Pradeshiya Sabha,STANDARD,4,6.870231,,,,,official_tourism,Information for Accommodation.csv,rawana fall view,Home Stay Units.xlsx | Information for Accommodation.csv
ACC001426,REEF EDGE RESORT,Bangalows,"NO 11C, BEACH ROAD , POLHENA ,MATARA",Matara,Matara,SUPERIOR,4,5.936969,,,,,official_tourism,Information for Accommodation.csv,reef edge resort,Bungalows.xlsx | Information for Accommodation.csv
ACC001427,REEF VILLA & SPA,Boutique Villas,"NO.78,SAMANTHARA RD, WADDUWA",Kalutara,Kalutara Pradeshiya Sabha,,7,6.658974,,,,,official_tourism,Information for Accommodation.csv,reef villa spa,Boutique Villas.xlsx | Information for Accommodation.csv
ACC001428,REEFS EDGE RESORTS,Tourist Hotels,"NO 300,277/4,USWETAKEIYAWA",Gampaha,Wattala Pradeshiya Sabha,,23,7.051974,,,,,official_tourism,Information for Accommodation.csv,reefs edge resorts,Information for Accommodation.csv | Tourist Hotels.xlsx
ACC001429,REGGIES GUEST HOUSE AND RESTAURANT,Guest Houses,"NO.177,PORUTHOTA ROAD,PALAGATHURAI,KOCHCHIKADE,NEGOMBO.",Gampaha,Negombo,B,10,7.249863,,,,,official_tourism,Information for Accommodation.csv,reggies guest house and restaurant,Guest Houses.xlsx | Information for Accommodation.csv
ACC001430,REKAWA VIEW HOME STAY,Home Stay Units,"NO 62, POKUNAGODA, REKAWA-EAST, NETOLPITIYA, TANGALLE.",Hambantota,Tangalle Pradeshiya Sabha,STANDARD,1,,,,,,official_tourism,Information for Accommodation.csv,rekawa view home stay,Home Stay Units.xlsx | Information for Accommodation.csv
ACC001431,RENUKA CITY HOTEL,Tourist Hotels,"326,GALLE ROAD,COLOMBO 3",Colombo,Colombo,,40,6.908534,,,,,official_tourism,Information for Accommodation.csv,renuka city hotel,Information for Accommodation.csv | Tourist Hotels.xlsx
ACC001432,RENUKA HOTEL,Classified Hotels( 1-5 Star),"NO.328, GALLE ROAD, COLOMBO 03",Colombo,Colombo,THREE,81,6.908535,,,,,official_tourism,Information for Accommodation.csv,renuka hotel,Classified Hotels( 1-5 Star).xlsx | Information for Accommodation.csv
ACC001433,RENUKA INN,Home Stay Units,"29/261/K, AMPITIYA ROAD, KANDY.",Kandy,Kandy,SUPERIOR,3,7.2849469,,,,,official_tourism,Information for Accommodation.csv,renuka inn,Home Stay Units.xlsx | Information for Accommodation.csv
ACC001434,RESIDENCE BY UGA ESCAPES,Tourist Hotels,"NO.20,PARK SYREET,COLOMBO 02",Colombo,Colombo,,11,6.917358,,,,,official_tourism,Information for Accommodation.csv,residence by uga escapes,Information for Accommodation.csv | Tourist Hotels.xlsx
ACC001435,RESORT BEEM,Home Stay Units,"NO:36,GEMUNU MAWATHA,HANTHANA PLACE,KANDY",Kandy,Kandy,DELUXE,3,7.283758,,,,,official_tourism,Information for Accommodation.csv,resort beem,Home Stay Units.xlsx | Information for Accommodation.csv
ACC001436,RESORT LIKE NO OTHER,Guest Houses,"NO 410, LALITH KULASEKARA MAWATHA,UKGALBODA, GAMPAHA",Gampaha,Minuwangoda Pradeshiya Sabha,A,9,7.13904,,,,,official_tourism,Information for Accommodation.csv,resort like no other,Guest Houses.xlsx | Information for Accommodation.csv
ACC001437,REST HOUSE - ANAMADUWA,Guest Houses,"REST HOUSE,ANAMADUWA",Puttalam,Anamaduwa Pradeshiya Sabha,B,5,7.903239,,,,,official_tourism,Information for Accommodation.csv,rest house anamaduwa,Guest Houses.xlsx | Information for Accommodation.csv
ACC001438,REST HOUSE - BOGAWANTALAWA,Guest Houses,"11O.MAIN STREET,BOGAWANTALAWA",Nuwara Eliya,Ambagamuwa Pradeshiya Sabha,B,3,6.795292,,,,,official_tourism,Information for Accommodation.csv,rest house bogawantalawa,Guest Houses.xlsx | Information for Accommodation.csv
ACC001439,REST HOUSE DENIYAYA,Guest Houses,"REST HOUSE,DENIYAYA",Matara,Kotapola Pradeshiya Sabha,B,4,6.339833,,,,,official_tourism,Information for Accommodation.csv,rest house deniyaya,Guest Houses.xlsx | Information for Accommodation.csv
ACC001440,REST HOUSE HETTIPOLA,Guest Houses,"REST HOUSE ,KULLIYA PITIYA ROAD,HETTIPOLA.",Kurunegala,Kurunegala,B,2,,,,,,official_tourism,Information for Accommodation.csv,rest house hettipola,Guest Houses.xlsx | Information for Accommodation.csv
ACC001441,REST HOUSE - HINGURAKGODA,Guest Houses,"MEDIRIGIRIYA ROAD,HINGURAKGODA.",Polonnaruwa,Hingurakgoda Pradeshiya Sabha,B,4,,,,,,official_tourism,Information for Accommodation.csv,rest house hingurakgoda,Guest Houses.xlsx | Information for Accommodation.csv
ACC001442,REST HOUSE -KAKIRAWA,Guest Houses,"THLAWA ROAD,KAKIRAWA",Anuradhapura,Anuradhapura,B,3,8.041418,,,,,official_tourism,Information for Accommodation.csv,rest house kakirawa,Guest Houses.xlsx | Information for Accommodation.csv
ACC001443,REST HOUSE-KALPITIYA,Guest Houses,"REST HOUSE,KALPITIYA",Puttalam,Kalpitiya Pradeshiya Sabha,B,3,,,,,,official_tourism,Information for Accommodation.csv,rest house kalpitiya,Guest Houses.xlsx | Information for Accommodation.csv
ACC001444,REST HOUSE MARAWILA,Guest Houses,"REST HOUSE, MARAWILA",Puttalam,Nattandiya Pradeshiya Sabha,A,4,,,,,,official_tourism,Information for Accommodation.csv,rest house marawila,Guest Houses.xlsx | Information for Accommodation.csv
ACC001445,REST HOUSE - MATHUGAMA,Guest Houses,"NO.53,ALUTHGAMA ROAD,MATHUGAMA",Kalutara,Mathugama Pradeshiya Sabha,A,14,6.520195,,,,,official_tourism,Information for Accommodation.csv,rest house mathugama,Guest Houses.xlsx | Information for Accommodation.csv
ACC001446,REST HOUSE - MORAGALA,Guest Houses,"MORAGALA,MEEGAHATENNA",Kalutara,Walallawita Pradeshiya Sabha,B,4,6.461504,,,,,official_tourism,Information for Accommodation.csv,rest house moragala,Guest Houses.xlsx | Information for Accommodation.csv
ACC001447,REST HOUSE-PADUKKA,Guest Houses,"REST HOUSE,HORANA ROAD,PADUKKA",Colombo,Colombo,B,3,6.841294,,,,,official_tourism,Information for Accommodation.csv,rest house padukka,Guest Houses.xlsx | Information for Accommodation.csv
ACC001448,REST HOUSE - WELLAWAYA,Guest Houses,"ELLA ROAD,WALLAWAYA",Moneragala,,B,5,6.732291,,,,,official_tourism,Information for Accommodation.csv,rest house wellawaya,Guest Houses.xlsx | Information for Accommodation.csv
ACC001449,REST INN-GAMPAHA,Guest Houses,"NO.20 ,SUDARSHANA MAWATHA,GAMPAHA.",Gampaha,Gampaha,B,10,,,,,,official_tourism,Information for Accommodation.csv,rest inn gampaha,Guest Houses.xlsx | Information for Accommodation.csv
ACC001450,RESTAURANT LE VILLAGE & GUEST HOUSE,Guest Houses,"KURUNEGALA ROAD,MAKANDURA,GONAWILA.",Kurunegala,Pannala Pradeshiya Sabha,B,7,,,,,,official_tourism,Information for Accommodation.csv,restaurant le village guest house,Guest Houses.xlsx | Information for Accommodation.csv
ACC001451,REVERIE HILL BUNGALOW,Home Stay Units,"40/8D, HILPANKADURA MAWATHA, KANDY",Kandy,Kandy,SUPERIOR,2,7.277513,,,,,official_tourism,Information for Accommodation.csv,reverie hill bungalow,Home Stay Units.xlsx | Information for Accommodation.csv
ACC001452,RG'S DAWN AND DUSK,Guest Houses,"NO.35,37,JAYA ROAD,COLOMBO 04",Colombo,Colombo,A,9,6.886227,,,,,official_tourism,Information for Accommodation.csv,rg s dawn and dusk,Guest Houses.xlsx | Information for Accommodation.csv
ACC001453,RICHARDS,Bangalows,"NO. 08, SAMADHI MAWATHA, WELLANGOLLA ROAD, KURUNEGALA",Kurunegala,Kurunegala,STANDARD,5,,,,,,official_tourism,Information for Accommodation.csv,richards,Bungalows.xlsx | Information for Accommodation.csv
ACC001454,RICHMOND GUEST HOUSE,Guest Houses,"NO:5/1/1,BANDARANAYAKA MAWATHA,RATHNAPURA",Ratnapura,Ratnapura,A,5,,,,,,official_tourism,Information for Accommodation.csv,richmond guest house,Guest Houses.xlsx | Information for Accommodation.csv
ACC001455,RICHRON BEACH HOTEL,Tourist Hotels,"BEACH ROAD,MARAWILA",Puttalam,Nattandiya Pradeshiya Sabha,,25,7.40603,,,,,official_tourism,Information for Accommodation.csv,richron beach hotel,Information for Accommodation.csv | Tourist Hotels.xlsx
ACC001456,RICO SHADOW GUEST HOUSE & RESTAURENT,Guest Houses,"KAMMALA NORTH, WAIKKALA",Puttalam,Wennappuwa Pradeshiya Sabha,A,10,7.298235,,,,,official_tourism,Information for Accommodation.csv,rico shadow guest house restaurent,Guest Houses.xlsx | Information for Accommodation.csv
ACC001457,RIDEE VILLA,Guest Houses,"NO 321,PEELAGODA,UNAWATUNA.",Galle,Habaraduwa,A,14,6.009911,,,,,official_tourism,Information for Accommodation.csv,ridee villa,Guest Houses.xlsx | Information for Accommodation.csv
ACC001458,RIMACO HOTEL,Guest Houses,"NO 01,COLOMBO RD,KAHATHUDUWA",Colombo,Homagama Pradeshiya Sabha,B,6,,,,,,official_tourism,Information for Accommodation.csv,rimaco hotel,Guest Houses.xlsx | Information for Accommodation.csv
ACC001459,RISINI HOME,Home Stay Units,"28/3, SEA BEACH ROAD, BANDARAWATTE,BERUWALA",Kalutara,Beruwala Pradeshiya Sabha,STANDARD,2,,,,,,official_tourism,Information for Accommodation.csv,risini home,Home Stay Units.xlsx | Information for Accommodation.csv
ACC001460,RIU HOTEL,Classified Hotels( 1-5 Star),"GALLE ROAD, AHUNGALLE",Galle,Galle,FIVE,501,6.30957,,,,,official_tourism,Information for Accommodation.csv,riu hotel,Classified Hotels( 1-5 Star).xlsx | Information for Accommodation.csv
ACC001461,RIVER CORNER,Home Stay Units,"SINNA ULLAI, SAWALAI/05, ARUGAMBAY.",Ampara,Pottuvil,STANDARD,3,,,,,,official_tourism,Information for Accommodation.csv,river corner,Home Stay Units.xlsx | Information for Accommodation.csv
ACC001462,RIVER EDGE BUNGALOW,Bangalows,"WARAPITIYA ROAD,KATUDENIYA,MATALE",Matale,Matale,SUPERIOR,3,7.430442,,,,,official_tourism,Information for Accommodation.csv,river edge bungalow,Bungalows.xlsx | Information for Accommodation.csv
ACC001463,RIVER GARDERN GUEST,Guest Houses,BELIHULOYA,Ratnapura,Ratnapura,B,5,,,,,,official_tourism,Information for Accommodation.csv,river gardern guest,Guest Houses.xlsx | Information for Accommodation.csv
ACC001464,RIVER SIDE HOLIDAY INN,Guest Houses,"NO.27,LOWER KINGS STREET,BADULLA",Badulla,Badulla,B,16,,,,,,official_tourism,Information for Accommodation.csv,river side holiday inn,Guest Houses.xlsx | Information for Accommodation.csv
ACC001465,RIVER SIDE HOME STAY APPARTMENT,Rented Apartments,"5/2A, MALIGATHENNE WATTHA,GANGA ADDARA MW,LEWELLEGAMA,GUNNEPANA",Kandy,Kundasle,STANDARD,2,,,,,,official_tourism,Information for Accommodation.csv,river side home stay appartment,Information for Accommodation.csv | Rented Apartments.xlsx
ACC001466,RIVER SIDE HOME STAY,Home Stay Units,"NO 216/1, KALAPURAYA, SIGIRIYA",Matale,Dambulla Pradeshiya Sabha,STANDARD,2,,,,,,official_tourism,Information for Accommodation.csv,river side home stay,Home Stay Units.xlsx | Information for Accommodation.csv
ACC001467,RIVER SIDE INN FUJI,Bangalows,"81,CIRCULAR ROAD,OBADAWATTA,BENTOTA",Galle,Bentota Pradeshiya Sabha,DELUXE,4,6.428151,,,,,official_tourism,Information for Accommodation.csv,river side inn fuji,Bungalows.xlsx | Information for Accommodation.csv
ACC001468,RIVER SIDE LAL HOMESTAY,Home Stay Units,"NO 216, KALAPURAYA, SIGIRIYA",Matale,Dambulla Pradeshiya Sabha,STANDARD,3,,,,,,official_tourism,Information for Accommodation.csv,river side lal homestay,Home Stay Units.xlsx | Information for Accommodation.csv
ACC001469,RIVER SIDE VILLA,Home Stay Units,"183, GURUGAMMANAYA, PALLAKALE, KUNDASALE",Kandy,Kundasle,SUPERIOR,3,,,,,,official_tourism,Information for Accommodation.csv,river side villa,Home Stay Units.xlsx | Information for Accommodation.csv
ACC001470,RIVER SIDE,Home Stay Units,"133/5, HEWAGAMA, KADUWELA",Colombo,Kaduwela Pradeshiya Sabha,DELUXE,4,6.9024153,,,,,official_tourism,Information for Accommodation.csv,river side,Home Stay Units.xlsx | Information for Accommodation.csv
ACC001471,RIVER SPLENDOR HOMESTAY,Home Stay Units,"16 MILE POST,WELLAWAYA ROAD,ELLA",Badulla,Ella Pradeshiya Sabha,STANDARD,2,6.868413,,,,,official_tourism,Information for Accommodation.csv,river splendor homestay,Home Stay Units.xlsx | Information for Accommodation.csv
ACC001472,RIVER VALLEY RESIDENCE,Home Stay Units,"4/A/2,GANGA ADDARA ROAD,LEWELLAGAMA,GUNNEPANA,20270",Kandy,Kandy,DELUXE,3,7.298416,,,,,official_tourism,Information for Accommodation.csv,river valley residence,Home Stay Units.xlsx | Information for Accommodation.csv
ACC001473,RIVER VIEW WATSALA INN,Guest Houses,"ADAMSPEAK, DELHOUSE, MASKELIYA",Nuwara Eliya,Ambagamuwa Pradeshiya Sabha,B,31,6.827108,,,,,official_tourism,Information for Accommodation.csv,river view watsala inn,Guest Houses.xlsx | Information for Accommodation.csv
ACC001474,RIVERDALE HOTEL,Classified Hotels( 1-5 Star),"32, ANIWATTA ROAD, KANDY.",Kandy,Kandy,TWO,29,7.289724,,,,,official_tourism,Information for Accommodation.csv,riverdale hotel,Classified Hotels( 1-5 Star).xlsx | Information for Accommodation.csv
ACC001475,RIVERDALE VILLAS,Guest Houses,"NO 46, GALLE ROAD, MORAGALLA, ALUTHGAMA",Kalutara,Beruwala Pradeshiya Sabha,A,8,6.445542,,,,,official_tourism,Information for Accommodation.csv,riverdale villas,Guest Houses.xlsx | Information for Accommodation.csv
ACC001476,RIVERINE COUNTRY HOUSE,Bangalows,"NO: 393 ,DUTUGEMUNU MAWATHE , MARWILMADU,KANDY",Kandy,Kandy,DELUXE,5,,,,,,official_tourism,Information for Accommodation.csv,riverine country house,Bungalows.xlsx | Information for Accommodation.csv
ACC001477,RIVERPOOL HOLIDAY BUNGALOW,Bangalows,"NO.01, BARANDA COLONY, KATABOOLA-NAWALAPITIYA.",Kandy,Pasbage Korale Pradeshiya Sabha,STANDARD,4,7.014959,,,,,official_tourism,Information for Accommodation.csv,riverpool holiday bungalow,Bungalows.xlsx | Information for Accommodation.csv
ACC001478,RIVERS EDGE,Bangalows,"NO:11, PANAPITIYA, KARANDENIYA",Galle,MC,SUPERIOR,3,,,,,,official_tourism,Information for Accommodation.csv,rivers edge,Bungalows.xlsx | Information for Accommodation.csv
ACC001479,RIVERSIDE BUNGALOW,Bangalows,"RIVER SIDE BUNGLOW, NO 55, PARADISE ISLAND ROAD,BENTOTA",Galle,Bentota Pradeshiya Sabha,DELUXE,4,,,,,,official_tourism,Information for Accommodation.csv,riverside bungalow,Bungalows.xlsx | Information for Accommodation.csv
ACC001480,RIVERSIDE INN,Guest Houses,"RIVERSIDE INN,NO.114,ELLATOTA,BANDARAWELA",Badulla,Bandarawela Pradeshiya Sabha,A,12,,,,,,official_tourism,Information for Accommodation.csv,riverside inn,Guest Houses.xlsx | Information for Accommodation.csv
ACC001481,RIVERSIDE SUITES,Bangalows,"52 DUTUGEMUNU MAWATHA, LEWELLA, KANDY",Kandy,Kandy,DELUXE,4,7.302483,,,,,official_tourism,Information for Accommodation.csv,riverside suites,Bungalows.xlsx | Information for Accommodation.csv
ACC001482,RIVERSTAN HOLIDAY VILLAGE,Guest Houses,"19TH MILE POST,BAMBARAGALA,RATTOTA",Matale,Matale,B,12,,,,,,official_tourism,Information for Accommodation.csv,riverstan holiday village,Guest Houses.xlsx | Information for Accommodation.csv
ACC001483,RIVI RAS HOTEL,Guest Houses,"50/2 DE SANAM ROAD,MT LAVINIA.",Colombo,Dehiwala-Mount Lavinia,A,25,6.836248,,,,,official_tourism,Information for Accommodation.csv,rivi ras hotel,Guest Houses.xlsx | Information for Accommodation.csv
ACC001484,RIVIERA RESORT,Guest Houses,"NEW DUTCH BAR ROAD,KALLADY,BATTICALOA",Batticaloa,Batticaloa,B,12,,,,,,official_tourism,Information for Accommodation.csv,riviera resort,Guest Houses.xlsx | Information for Accommodation.csv
ACC001485,RIVORICH RESIDENCE,Home Stay Units,"NO 8/6, RIVERSIDE GARDEN, SIRIMALWATTA,,GUNNEPANA,KANDY",Kandy,Kundasle,DELUXE,7,7.315507,,,,,official_tourism,Information for Accommodation.csv,rivorich residence,Home Stay Units.xlsx | Information for Accommodation.csv
ACC001486,ROBEENA PALACE REST AND GUEST,Guest Houses,"32B,PANSALA WATTA,BANGAMA ROAD,AKURESSA",Matara,Matara,A,9,,,,,,official_tourism,Information for Accommodation.csv,robeena palace rest and guest,Guest Houses.xlsx | Information for Accommodation.csv
ACC001487,ROBERT RESIDENCE,Bangalows,"NO. 12/7, ROBERT GUNAWARDENA MAWATHA, COLOMBO 06",Colombo,Colombo,SUPERIOR,3,6.877735,,,,,official_tourism,Information for Accommodation.csv,robert residence,Bungalows.xlsx | Information for Accommodation.csv
ACC001488,ROBI GARDEN VILLA,Bangalows,"108,KATANA ROAD,THIMBIRIGASKATUWA, NEGAMBO, SRI-LANKA",Gampaha,Kelaniya Pradeshiya Sabha,DELUXE,4,7.228002,,,,,official_tourism,Information for Accommodation.csv,robi garden villa,Bungalows.xlsx | Information for Accommodation.csv
ACC001489,ROBINSON HOTEL,Tourist Hotels,"82,TISSA ROAD,KATHARAGAMA",Moneragala,Hambantota,,19,6.409072,,,,,official_tourism,Information for Accommodation.csv,robinson hotel,Information for Accommodation.csv | Tourist Hotels.xlsx
ACC001490,ROCK CASCADE HOME STAY,Home Stay Units,"CIRCULER ROAD, POLONNARUWA.",Polonnaruwa,Polonnaruwa,STANDARD,3,7.9397167,,,,,official_tourism,Information for Accommodation.csv,rock cascade home stay,Home Stay Units.xlsx | Information for Accommodation.csv
ACC001491,ROCK HOUSE,Guest Houses,"16/17A HULANGAMUWA ROAD,MATALE.",Matale,Matale,A,7,,,,,,official_tourism,Information for Accommodation.csv,rock house,Guest Houses.xlsx | Information for Accommodation.csv
ACC001492,ROCK SIDE BEACH RESORT,Tourist Hotels,"GALLE ROAD, ATHURUWELLA, INDURUWA",Galle,Bentota Pradeshiya Sabha,,18,6.395497,,,,,official_tourism,Information for Accommodation.csv,rock side beach resort,Information for Accommodation.csv | Tourist Hotels.xlsx
ACC001493,ROCK SIDE CABANAS,Guest Houses,"668, MATARA ROAD, MIHIRIPENNA, TALPE",Galle,Habaraduwa,A,9,5.9997549,,,,,official_tourism,Information for Accommodation.csv,rock side cabanas,Guest Houses.xlsx | Information for Accommodation.csv
ACC001494,ROCK VIEW,Bangalows,"ROCK VIEW GUEST HOUSE,ELLA",Badulla,Ella Pradeshiya Sabha,STANDARD,5,,,,,,official_tourism,Information for Accommodation.csv,rock view,Bungalows.xlsx | Information for Accommodation.csv
ACC001495,ROCK VILLA,Boutique Villas,"NEELISGEWATTA,ALAWATHUGODA,BENTOTA.",Galle,Bentota Pradeshiya Sabha,,7,6.41358,,,,,official_tourism,Information for Accommodation.csv,rock villa,Boutique Villas.xlsx | Information for Accommodation.csv
ACC001496,ROCKWELL COLOMBO,Home Stay Units,"NO 14, BORELLA CROSS ROAD, COLOMBO 8.",Colombo,Colombo,DELUXE,3,6.9159013,,,,,official_tourism,Information for Accommodation.csv,rockwell colombo,Home Stay Units.xlsx | Information for Accommodation.csv
ACC001497,ROMAN BEACH,Guest Houses,"777/2,THIRANAGAMA,HIKKADUWA",Galle,Hikkaduwa,A,6,6.122217,,,,,official_tourism,Information for Accommodation.csv,roman beach,Guest Houses.xlsx | Information for Accommodation.csv
ACC001498,ROMAN LAKE,Guest Houses,"GODAGEDARA ROAD,PATHEGAMA,BALAPITIYA",Galle,Galle,A,8,6.296625,,,,,official_tourism,Information for Accommodation.csv,roman lake,Guest Houses.xlsx | Information for Accommodation.csv
ACC001499,ROMANCE IN ELLA,Home Stay Units,"MEDAPATHANA,KITHAL-ELLA,ELLA",Badulla,Ella Pradeshiya Sabha,STANDARD,1,6.86868,,,,,official_tourism,Information for Accommodation.csv,romance in ella,Home Stay Units.xlsx | Information for Accommodation.csv
ACC001500,ROMANS REASIDENCE,Rented Apartments,"ROMANS RESIDENCE, KURUNEGALA ROAD,. NEW TOWN, MADAMPE",Puttalam,Chilaw Pradeshiya Sabha,STANDARD,2,,,,,,official_tourism,Information for Accommodation.csv,romans reasidence,Information for Accommodation.csv | Rented Apartments.xlsx
ACC001501,RONNY COTTAGE,Guest Houses,"NO.71/3, PALANGATHURE EAST, KOCHCHIKADE.",Gampaha,Negombo,A,16,,,,,,official_tourism,Information for Accommodation.csv,ronny cottage,Guest Houses.xlsx | Information for Accommodation.csv
ACC001502,ROSA RESTAURENT,Guest Houses,"MAVADY MOOLAI ROAD, VADDU WEST, VADDUK KODDAI.",Jaffna,Jaffna,B,15,9.744691,,,,,official_tourism,Information for Accommodation.csv,rosa restaurent,Guest Houses.xlsx | Information for Accommodation.csv
ACC001503,ROSYTH ESTATE HOUSE,Boutique Villas,"ROSYTH ESTATE,PUSSELLA,KEGALLE",Kegalle,Kegalle,,7,7.276954,,,,,official_tourism,Information for Accommodation.csv,rosyth estate house,Boutique Villas.xlsx | Information for Accommodation.csv
ACC001504,ROVINKA HOLIDAY RESORT AND RESTAURANT,Guest Houses,"103,SOMARATHANA MAWATHA,BELLANVILA,BORALESGAMUWA",Colombo,Colombo,A,17,,,,,,official_tourism,Information for Accommodation.csv,rovinka holiday resort and restaurant,Guest Houses.xlsx | Information for Accommodation.csv
ACC001505,ROY VILLA BEACH HOTEL,Guest Houses,"NAINNAWATTA,1ST CROSS STREET,PAYAGALA.",Kalutara,Beruwala Pradeshiya Sabha,A,12,6.535184,,,,,official_tourism,Information for Accommodation.csv,roy villa beach hotel,Guest Houses.xlsx | Information for Accommodation.csv
ACC001506,ROYAL BAR AND HOTEL,Guest Houses,"NO 44,KINGS STREET,KANDY",Kandy,Kandy,A,6,7.295276,,,,,official_tourism,Information for Accommodation.csv,royal bar and hotel,Guest Houses.xlsx | Information for Accommodation.csv
ACC001507,ROYAL BEACH HOTEL,Guest Houses,"35/1,SRI DHARMAPALA ROAD,MT.LAVINIA",Colombo,Dehiwala-Mount Lavinia,B,8,,,,,,official_tourism,Information for Accommodation.csv,royal beach hotel,Guest Houses.xlsx | Information for Accommodation.csv
ACC001508,ROYAL CASTLE,Tourist Hotels,"140,LEWIS PLACE,NEGOMBO.",Gampaha,Negombo,,20,7.228003,,,,,official_tourism,Information for Accommodation.csv,royal castle,Information for Accommodation.csv | Tourist Hotels.xlsx
ACC001509,ROYAL COCOON,Bangalows,"2, WEDDERBURN ROAD, NUWARA ELIYA",Nuwara Eliya,Nuwara Eliya,DELUXE,7,6.968445,,,,,official_tourism,Information for Accommodation.csv,royal cocoon,Bungalows.xlsx | Information for Accommodation.csv
ACC001510,ROYAL GARDEN GUEST HOUSE,Guest Houses,"200,HOROWAPOTHANA ROAD,VAVUNIYA",Vavuniya,Vavuniya,B,5,8.754049,,,,,official_tourism,Information for Accommodation.csv,royal garden guest house,Guest Houses.xlsx | Information for Accommodation.csv
ACC001511,ROYAL GARDEN RESTAURANT,Guest Houses,"903/18, WILLIOM GOPALLAWA MAWATHA, KANDY",Kandy,Gagawata Koralya,A,25,7.274373,,,,,official_tourism,Information for Accommodation.csv,royal garden restaurant,Guest Houses.xlsx | Information for Accommodation.csv
ACC001512,ROYAL GRAND HOTEL AND RESTAURANT,Guest Houses,"PUTTALAM ROAD ,KELIMUNE,MAHAKELIYA",Kurunegala,Wariyapola Pradeshiya Sabha,A,6,,,,,,official_tourism,Information for Accommodation.csv,royal grand hotel and restaurant,Guest Houses.xlsx | Information for Accommodation.csv
ACC001513,ROYAL GREEN GARDEN HOTEL,Guest Houses,"NANDAWANA WALAWWA,KURUNEGALA ROAD,PUTTALAM.",Puttalam,Puttalam Pradeshiya Sabha,B,10,,,,,,official_tourism,Information for Accommodation.csv,royal green garden hotel,Guest Houses.xlsx | Information for Accommodation.csv
ACC001514,ROYAL GUEST HOUSE,Bangalows,"351/8/A, RANKOTHVEHERA ROAD, NISSHANKAMALLAPURA, POLONNARUWA.",Polonnaruwa,Polonnaruwa,STANDARD,4,,,,,,official_tourism,Information for Accommodation.csv,royal guest house,Bungalows.xlsx | Information for Accommodation.csv
ACC001515,ROYAL HILLS NUWARA ELIYA,Guest Houses,"NO 109,UPPER LAKE ROAD,NESBY HOUSE,NUWARA ELIYA",Nuwara Eliya,Nuwara Eliya,A,20,,,,,,official_tourism,Information for Accommodation.csv,royal hills nuwara eliya,Guest Houses.xlsx | Information for Accommodation.csv
ACC001516,ROYAL LOTUS HOTEL,Classified Hotels( 1-5 Star),"GIRITHALE, POLONNARUWA.",Polonnaruwa,Polonnaruwa,TWO,56,7.991502,,,,,official_tourism,Information for Accommodation.csv,royal lotus hotel,Classified Hotels( 1-5 Star).xlsx | Information for Accommodation.csv
ACC001517,ROYAL MEAL HOLIDAY HOME & RESTAURANT,Guest Houses,"NO:540 A/2,SAMURDHI MAWATHA,WALAGAMA,MALWANA",Gampaha,Biyagama Pradeshiya Sabha,A,10,,,,,,official_tourism,Information for Accommodation.csv,royal meal holiday home restaurant,Guest Houses.xlsx | Information for Accommodation.csv
ACC001518,ROYAL MOUNT HOTEL,Guest Houses,NUWARAELIYA ROAD.PARADEKA,Kandy,Udapalatha,A,7,,,,,,official_tourism,Information for Accommodation.csv,royal mount hotel,Guest Houses.xlsx | Information for Accommodation.csv
ACC001519,ROYAL PALMS BEACH HOTEL,Tourist Hotels,"DE ABREW ROAD, WASKADUWA, KALUTARA",Kalutara,Kalutara Pradeshiya Sabha,,123,6.610027,,,,,official_tourism,Information for Accommodation.csv,royal palms beach hotel,Information for Accommodation.csv | Tourist Hotels.xlsx
ACC001520,ROYAL PARK GUEST,Guest Houses,"NO:121, GALA JUNCTION, KIRIBATHGODA",Colombo,Colombo,B,16,6.984793,,,,,official_tourism,Information for Accommodation.csv,royal park guest,Guest Houses.xlsx | Information for Accommodation.csv
ACC001521,ROYAL PARK INN,Guest Houses,"36/1, DE SERAM RD, MT. LAVINIA",Colombo,Colombo,B,6,,,,,,official_tourism,Information for Accommodation.csv,royal park inn,Guest Houses.xlsx | Information for Accommodation.csv
ACC001522,ROYAL REST,Guest Houses,"KANDY ROAD, MANGULLAM",Jaffna,Jaffna,B,6,,,,,,official_tourism,Information for Accommodation.csv,royal rest,Guest Houses.xlsx | Information for Accommodation.csv
ACC001523,ROYAL REST,Guest Houses,"MANNAR ROAD, VEPPANKULAM, VAVUNIYA",Vavuniya,Vavuniya,B,7,,,,,,official_tourism,Information for Accommodation.csv,royal rest,Guest Houses.xlsx | Information for Accommodation.csv
ACC001524,ROYAL RETREAT SIGIRIYA,Tourist Hotels,"NO-110, T.B TENNAKOON MAWATHA KIBISSA SIGIRIYA",Matale,Dambulla Pradeshiya Sabha,,14,7.948859,,,,,official_tourism,Information for Accommodation.csv,royal retreat sigiriya,Information for Accommodation.csv | Tourist Hotels.xlsx
ACC001525,ROYAL SEAWIND,Guest Houses,"NO 26,BEACH ROOD POLHENA-MATARA.",Matara,Matara,B,11,5.936933,,,,,official_tourism,Information for Accommodation.csv,royal seawind,Guest Houses.xlsx | Information for Accommodation.csv
ACC001526,ROYAL VANTAGE,Home Stay Units,"ETHULGASHINNA,KITHAL-ELLA,ELLA",Badulla,Ella Pradeshiya Sabha,STANDARD,3,6.873144,,,,,official_tourism,Information for Accommodation.csv,royal vantage,Home Stay Units.xlsx | Information for Accommodation.csv
ACC001527,RUBY HOME,Home Stay Units,"NO 39/6, D.S. SENANAYAKE MAWATHA, COLOMBO 10.",Colombo,Colombo,SUPERIOR,4,,,,,,official_tourism,Information for Accommodation.csv,ruby home,Home Stay Units.xlsx | Information for Accommodation.csv
ACC001528,RUDY VILLA,Home Stay Units,"OLD ROAD, 321 - THOPPUTHOTA, WAIKKALA",Puttalam,Wennappuwa Pradeshiya Sabha,DELUXE,6,,,,,,official_tourism,Information for Accommodation.csv,rudy villa,Home Stay Units.xlsx | Information for Accommodation.csv
ACC001529,RUHUNU RESORT,Guest Houses,"TISSA ROAD,AMBALANTOTA",Hambantota,Ambalantota Pradeshiya Sabha,B,5,,,,,,official_tourism,Information for Accommodation.csv,ruhunu resort,Guest Houses.xlsx | Information for Accommodation.csv
ACC001530,RUINS CHAAYA,Tourist Hotels,"NEW TOWN ROAD,POLONNARUWA.",Polonnaruwa,Polonnaruwa,,12,7.927893,,,,,official_tourism,Information for Accommodation.csv,ruins chaaya,Information for Accommodation.csv | Tourist Hotels.xlsx
ACC001531,RUPAS BEACH HOTEL,Guest Houses,"ARUGAMBAY,POTTUVIL",Ampara,Ampara,B,13,6.839223,,,,,official_tourism,Information for Accommodation.csv,rupas beach hotel,Guest Houses.xlsx | Information for Accommodation.csv
ACC001532,RUWALA RESORT,Guest Houses,"KALPITIYA ROAD,THIHALIYA,ETHTHALE",Puttalam,Kalpitiya Pradeshiya Sabha,B,6,8.109541,,,,,official_tourism,Information for Accommodation.csv,ruwala resort,Guest Houses.xlsx | Information for Accommodation.csv
ACC001533,RUWINI,Home Stay Units,"5/327 ,PORUTHOTA RD, PORUTHOTA, KOCHCHIKADE",Gampaha,Negombo,STANDARD,1,7.228957,,,,,official_tourism,Information for Accommodation.csv,ruwini,Home Stay Units.xlsx | Information for Accommodation.csv
ACC001534,RYAN HOLIDAY INN,Home Stay Units,"NO.20, SAMARAWEERA PLACE, WELIGAMA.",Matara,Weligama Pradeshiya Sabha,STANDARD,1,,,,,,official_tourism,Information for Accommodation.csv,ryan holiday inn,Home Stay Units.xlsx | Information for Accommodation.csv
ACC001535,S & D RENTED TOURIST APPARTMENT,Rented Apartments,"45 1/1, GALLAGE MAWATHA, MIRIHANA, NUGEGODA",Colombo,MC,DELUXE,2,,,,,,official_tourism,Information for Accommodation.csv,s d rented tourist appartment,Information for Accommodation.csv | Rented Apartments.xlsx
ACC001536,S.L.R.HOLIDAY HOME AND GUEST HOUSE,Guest Houses,"NO:42,BATTICALOA ROAD, KALMUNAI",Ampara,Kalmunai,B,21,,,,,,official_tourism,Information for Accommodation.csv,s l r holiday home and guest house,Guest Houses.xlsx | Information for Accommodation.csv
ACC001537,S.T .RAAJ RESTAURANT AND GUEST HOUSE,Guest Houses,"OLD HOSPITAL ROAD,AKKARAIPATTU-09",Ampara,Ampara,C,6,7.206247,,,,,official_tourism,Information for Accommodation.csv,s t raaj restaurant and guest house,Guest Houses.xlsx | Information for Accommodation.csv
ACC001538,SAADHANA BIRD HOUSE,Home Stay Units,"212 A, YADDEHIMULLA, UNAWATUNA",Galle,Habaraduwa,STANDARD,5,,,,,,official_tourism,Information for Accommodation.csv,saadhana bird house,Home Stay Units.xlsx | Information for Accommodation.csv
ACC001539,SACHAL MIR'S,Bangalows,"2-C, DUNGALPITIYA, THALAHENA, NEGAMBO",Gampaha,Negombo,SUPERIOR,4,7.152417,,,,,official_tourism,Information for Accommodation.csv,sachal mir s,Bungalows.xlsx | Information for Accommodation.csv
ACC001540,SADAMIN GUEST HOUSE,Guest Houses,"NO. 11, WEWELDUWA ROAD, HUNUPITIYA, WATTALA",Gampaha,Kelaniya Pradeshiya Sabha,A,10,,,,,,official_tourism,Information for Accommodation.csv,sadamin guest house,Guest Houses.xlsx | Information for Accommodation.csv
ACC001541,SADULA HOLIDAY RESORT,Bangalows,"PULLAYAR JUNCTION, MIHINTHALE ROAD, ANURADHAPURA.",Anuradhapura,Anuradhapura,SUPERIOR,5,8.3538076,,,,,official_tourism,Information for Accommodation.csv,sadula holiday resort,Bungalows.xlsx | Information for Accommodation.csv
ACC001542,SAFE HEAVEN FAMILY VILLA,Bangalows,"29/248 SHANTHA KUMAR RANASINGHE MW, AMPITIYA RD, KANDY",Kandy,Kandy,SUPERIOR,3,7.283451,,,,,official_tourism,Information for Accommodation.csv,safe heaven family villa,Bungalows.xlsx | Information for Accommodation.csv
ACC001543,SAGALA,Bangalows,"386/1 GALLE ROAD, KALUTHARA NORTH",Kalutara,Kalutara Pradeshiya Sabha,DELUXE,3,,,,,,official_tourism,Information for Accommodation.csv,sagala,Bungalows.xlsx | Information for Accommodation.csv
ACC001544,SAJANI'S HOME,Home Stay Units,"PANAMA WEST, PANAMA",Ampara,Ampara,STANDARD,1,,,,,,official_tourism,Information for Accommodation.csv,sajani s home,Home Stay Units.xlsx | Information for Accommodation.csv
ACC001545,SAKARA HOLIDAY BUNGALOW,Bangalows,"NO:55/7,RASIKA,VISHUDHARAMA MAWATHA,AHANGAMA",Galle,Habaraduwa,DELUXE,4,5.97099,,,,,official_tourism,Information for Accommodation.csv,sakara holiday bungalow,Bungalows.xlsx | Information for Accommodation.csv
ACC001546,SAKURA HANA,Bangalows,"NO/34,,PATHMINI PERIS MAWATHA,ALUTHGAMA",Kalutara,Beruwala Pradeshiya Sabha,SUPERIOR,3,6.428556,,,,,official_tourism,Information for Accommodation.csv,sakura hana,Bungalows.xlsx | Information for Accommodation.csv
ACC001547,SAKURA TOURIST INN,Guest Houses,"7/1,OLD STATION ROAD,MOUNT LAVINIA.",Colombo,Dehiwala-Mount Lavinia,B,12,,,,,,official_tourism,Information for Accommodation.csv,sakura tourist inn,Guest Houses.xlsx | Information for Accommodation.csv
ACC001548,SAL ROCK FALLS,Bangalows,"376/5, ARANYA ROAD, SPRING HILL ESTATE, BOWALAWATTE, KANDY",Kandy,Gagawata Koralya,SUPERIOR,4,,,,,,official_tourism,Information for Accommodation.csv,sal rock falls,Bungalows.xlsx | Information for Accommodation.csv
ACC001549,SALA FACTORY HOTEL & RESTAURANT,Guest Houses,"SALAWA,KOSGAMA",Colombo,Seethawaka Pradeshiya Sabha,A,5,,,,,,official_tourism,Information for Accommodation.csv,sala factory hotel restaurant,Guest Houses.xlsx | Information for Accommodation.csv
ACC001550,SAMAGI VILLA HOME STAY,Home Stay Units,"161/1, SEENIMODARA, NAKULUGAMUWA",Hambantota,Tangalle Pradeshiya Sabha,SUPERIOR,2,,,,,,official_tourism,Information for Accommodation.csv,samagi villa home stay,Home Stay Units.xlsx | Information for Accommodation.csv
ACC001551,SAMAN REST,Guest Houses,"235,NEW ROAD,AMBALANGODA",Galle,Ambalangoda,B,5,6.237236,,,,,official_tourism,Information for Accommodation.csv,saman rest,Guest Houses.xlsx | Information for Accommodation.csv
ACC001552,SAMAN VILLAS,Boutique Hotels,"ATURUWELLA, INDURUWA",Galle,Galle Divisional Secretariat,,27,6.395518,,,,,official_tourism,Information for Accommodation.csv,saman villas,Boutique Hotels.xlsx | Information for Accommodation.csv
ACC001553,SAMANALA HOTEL,Guest Houses,"PUTTLAM ROAD,NOCHCHIYAGAMA",Anuradhapura,Anuradhapura,A,13,,,,,,official_tourism,Information for Accommodation.csv,samanala hotel,Guest Houses.xlsx | Information for Accommodation.csv
ACC001554,SAMANPAYA HOLIDAY BUNGALOW,Bangalows,"HELAMUDUNA, BANDARAWELA.",Badulla,Bandarawela Pradeshiya Sabha,DELUXE,4,6.842848,,,,,official_tourism,Information for Accommodation.csv,samanpaya holiday bungalow,Bungalows.xlsx | Information for Accommodation.csv
ACC001555,SAMANPAYA,Home Stay Units,"NO 150 KADUGANNAWA ROAD,GAMPOLA",Kandy,Gampola,STANDARD,3,,,,,,official_tourism,Information for Accommodation.csv,samanpaya,Home Stay Units.xlsx | Information for Accommodation.csv
ACC001556,SAMARATHUNGA CITY INN,Guest Houses,"MATARA ROAD, KAMBURUPITIYA",Matara,Matara,B,11,,,,,,official_tourism,Information for Accommodation.csv,samarathunga city inn,Guest Houses.xlsx | Information for Accommodation.csv
ACC001557,SAMAUYANA HOLIDAY BUNGALOW,Bangalows,"KADUGANNAWA ROAD, BOWALA, GAMPOLA.",Kandy,Gampola,DELUXE,5,7.251451,,,,,official_tourism,Information for Accommodation.csv,samauyana holiday bungalow,Bungalows.xlsx | Information for Accommodation.csv
ACC001558,SAMREN RESTAURANT,Guest Houses,"NO.126, SIRIBOPURA, HAMBANTOTA",Hambantota,Hambantota,B,12,6.148158,,,,,official_tourism,Information for Accommodation.csv,samren restaurant,Guest Houses.xlsx | Information for Accommodation.csv
ACC001559,SAMROSE HOTEL,Guest Houses,"NO.83 POLHENA,MALLAWAGEDARA",Gampaha,Divulapitiya Pradeshiya Sabha,B,5,7.314503,,,,,official_tourism,Information for Accommodation.csv,samrose hotel,Guest Houses.xlsx | Information for Accommodation.csv
ACC001560,SAMUDRA VILLA,Bangalows,"TALIMUDDARA GEWATTA,MATARA ROAD,TALPE.",Galle,Habaraduwa,DELUXE,2,,,,,,official_tourism,Information for Accommodation.csv,samudra villa,Bungalows.xlsx | Information for Accommodation.csv
ACC001561,SAN VILLA,Guest Houses,"NO:405/2,PILIYANDALA ROAD,MAHARAGAMA",Colombo,Maharagama,B,15,6.835733,,,,,official_tourism,Information for Accommodation.csv,san villa,Guest Houses.xlsx | Information for Accommodation.csv
ACC001562,SANA GUEST HOUSE,Guest Houses,"NO:279,BARATHI NAGAR,MALLAVI,YOGAPURAM",Mullaitivu,Vavuniya,B,5,,,,,,official_tourism,Information for Accommodation.csv,sana guest house,Guest Houses.xlsx | Information for Accommodation.csv
ACC001563,SANAS BEACH GUEST HOUSE,Guest Houses,"NO:212,LEWIS PLACE,NEGOMBO",Gampaha,Negombo,A,8,,,,,,official_tourism,Information for Accommodation.csv,sanas beach guest house,Guest Houses.xlsx | Information for Accommodation.csv
ACC001564,SANASIKA,Home Stay Units,"NEXT TO RICHMOND CASTLE, TEKKAWATTA, PALATOTA, KALUTARA",Kalutara,Kalutara Pradeshiya Sabha,STANDARD,4,,,,,,official_tourism,Information for Accommodation.csv,sanasika,Home Stay Units.xlsx | Information for Accommodation.csv
ACC001565,SANASUMA HOME STAY,Home Stay Units,"22/10,GOVIKAM PLACVE,DIVULPITIYA,BORALESGAMUWA,SRI LANKA",Colombo,Boralesgamuwa,SUPERIOR,1,,,,,,official_tourism,Information for Accommodation.csv,sanasuma home stay,Home Stay Units.xlsx | Information for Accommodation.csv
ACC001566,SANASUMA VILLA,Home Stay Units,"SANASUMA, BODHIYA ROAD, SOORIYAGODA, BENTOTA.",Galle,Bentota Pradeshiya Sabha,STANDARD,1,6.417567,,,,,official_tourism,Information for Accommodation.csv,sanasuma villa,Home Stay Units.xlsx | Information for Accommodation.csv
ACC001567,SANCHAREE MOUNTAIN VIEW BUNGALOW,Bangalows,"SANASA HOLIDAY RESORT, NO. 495, KANDY ROAD, TOP PASS, NUWARA ELIYA",Nuwara Eliya,Nuwara Eliya,SUPERIOR,5,6.990895,,,,,official_tourism,Information for Accommodation.csv,sancharee mountain view bungalow,Bungalows.xlsx | Information for Accommodation.csv
ACC001568,SANCHARINA HOTEL,Guest Houses,"156/41,WAJIRA ROAD,NAHENA,HUNUPITIYA,WATTALA",Gampaha,Kelaniya Pradeshiya Sabha,A,15,6.984756,,,,,official_tourism,Information for Accommodation.csv,sancharina hotel,Guest Houses.xlsx | Information for Accommodation.csv
ACC001569,SANCTUARY,Bangalows,"VICTORIA GOLF COURSE,RAJAWELLA,DIGANA,KANDY.",Kandy,Kandy,DELUXE,4,,,,,,official_tourism,Information for Accommodation.csv,sanctuary,Bungalows.xlsx | Information for Accommodation.csv
ACC001570,SANDADIYA GUEST HOUSE AND RESTAURANT,Guest Houses,"DEBARAWEWA LAKE LANE,DEBARAWEWA,TISSAMAHARAMAYA",Hambantota,Thissamaharama,C,7,6.287025,,,,,official_tourism,Information for Accommodation.csv,sandadiya guest house and restaurant,Guest Houses.xlsx | Information for Accommodation.csv
ACC001571,SANDAELIYA HOLIDAY RESORT AND GUEST HOUSE,Guest Houses,"KIRINDA ROAD,KAMBURUPITIYA",Matara,Kamburupitiya Pradeshiya Sabha,C,9,,,,,,official_tourism,Information for Accommodation.csv,sandaeliya holiday resort and guest house,Guest Houses.xlsx | Information for Accommodation.csv
ACC001572,SANDAKELUM TOURIST GUEST HOUSE,Guest Houses,"NO. 29, PARK AVANUE, DANGOLLA, KANDY",Kandy,Kandy,A,13,7.267498,,,,,official_tourism,Information for Accommodation.csv,sandakelum tourist guest house,Guest Houses.xlsx | Information for Accommodation.csv
ACC001573,SANDARASI INN,Guest Houses,"NO:109/6,RAILWAY AVENUE,MAHARAGAMA",Colombo,Colombo,B,13,,,,,,official_tourism,Information for Accommodation.csv,sandarasi inn,Guest Houses.xlsx | Information for Accommodation.csv
ACC001574,SANDELLE HOLIDAY RESORT,Bangalows,"4C/5, STAGE ONE, MIHINDU MAWATHA, ANURADHAPURA",Anuradhapura,Anuradhapura,STANDARD,6,,,,,,official_tourism,Information for Accommodation.csv,sandelle holiday resort,Bungalows.xlsx | Information for Accommodation.csv
ACC001575,SANDRIANA LAKE VIEW,Guest Houses,"NO: 09,,KEERTHI SRI RAJASINGHA MAWATHA,KANDY",Kandy,Kandy,A,15,7.2881025,,,,,official_tourism,Information for Accommodation.csv,sandriana lake view,Guest Houses.xlsx | Information for Accommodation.csv
ACC001576,SANDUL VILLA,Home Stay Units,"NO 510/41, 11TH LANE, HETTEMULA, BERUWALA.",Kalutara,Beruwala Pradeshiya Sabha,DELUXE,5,6.4616673,,,,,official_tourism,Information for Accommodation.csv,sandul villa,Home Stay Units.xlsx | Information for Accommodation.csv
ACC001577,SANDY RIVER INN,Guest Houses,"NO 16/1,DEVANI RAJASINGHE MW,GATAMBE,KANDY",Kandy,Kandy,B,9,7.277312,,,,,official_tourism,Information for Accommodation.csv,sandy river inn,Guest Houses.xlsx | Information for Accommodation.csv
ACC001578,SANHINDA REST,Guest Houses,"NO. 10, REGIS ILLEPERUMA MAWATHA, ULUVITIKE, GALLE",Galle,Bope,B,5,,,,,,official_tourism,Information for Accommodation.csv,sanhinda rest,Guest Houses.xlsx | Information for Accommodation.csv
ACC001579,SANILKA ESTATE,Rented Apartments,"HENYAYA, BODAGAMA, THANAMALWILA",Moneragala,Thanamalwila Pradeshiya Sabha,SUPERIOR,4,,,,,,official_tourism,Information for Accommodation.csv,sanilka estate,Information for Accommodation.csv | Rented Apartments.xlsx
ACC001580,SANJEEWA HOTEL,Guest Houses,"NO. 72, KALAWEWA ROAD, GALEWELA",Matale,Matale,B,5,8.286864,,,,,official_tourism,Information for Accommodation.csv,sanjeewa hotel,Guest Houses.xlsx | Information for Accommodation.csv
ACC001581,SANMALI BEACH HOTEL,Tourist Hotels,"BEACH ROAD,MARAWILA",Puttalam,Puttalam Pradeshiya Sabha,,20,7.41773,,,,,official_tourism,Information for Accommodation.csv,sanmali beach hotel,Information for Accommodation.csv | Tourist Hotels.xlsx
ACC001582,SANMIRA RENAISSANCE,Classified Hotels( 1-5 Star),"MATARA ROAD, UNAWATUNA",Galle,Habaraduwa,THREE,20,6.006051,,,,,official_tourism,Information for Accommodation.csv,sanmira renaissance,Classified Hotels( 1-5 Star).xlsx | Information for Accommodation.csv
ACC001583,SANOGA RESORT,Guest Houses,"MORAGASWEWA, HABARANA",Polonnaruwa,Hingurakgoda Pradeshiya Sabha,B,5,8.029151,,,,,official_tourism,Information for Accommodation.csv,sanoga resort,Guest Houses.xlsx | Information for Accommodation.csv
ACC001584,SANOREECH HOTEL,Guest Houses,"NO :391/1 ,CHILAW ROAD,DALUPOTHA,NEGOMBO",Gampaha,Kundasle,A,5,7.225966,,,,,official_tourism,Information for Accommodation.csv,sanoreech hotel,Guest Houses.xlsx | Information for Accommodation.csv
ACC001585,SANOWIN GUEST HOUSE AND RESTAURANT,Guest Houses,"NO. 223/1, KANDALANDU, HIGH LEVEL ROAD, HOMAGAMA",Colombo,Homagama Pradeshiya Sabha,B,5,,,,,,official_tourism,Information for Accommodation.csv,sanowin guest house and restaurant,Guest Houses.xlsx | Information for Accommodation.csv
ACC001586,SANROCK,Bangalows,"NO 9, RATHNAGIRI WATTA, ELLA",Badulla,Ella Pradeshiya Sabha,STANDARD,3,,,,,,official_tourism,Information for Accommodation.csv,sanrock,Bungalows.xlsx | Information for Accommodation.csv
ACC001587,SANTANI,Guest Houses,"ARATENNA ESTATE,WERAPITIYA,THELDENIYA,KANDY.",Kandy,Kandy,A,20,7.3577013,,,,,official_tourism,Information for Accommodation.csv,santani,Guest Houses.xlsx | Information for Accommodation.csv
ACC001588,SANULA GUEST HOUSE,Guest Houses,"SANULA GUEST HOUSE,BANDARWATHTHA,WATHTHAGAMA,SOUTH DICKWELLA",Matara,Dickwella,B,7,,,,,,official_tourism,Information for Accommodation.csv,sanula guest house,Guest Houses.xlsx | Information for Accommodation.csv
ACC001589,SANUPA VILLA KANDY,Home Stay Units,"NO. 09 MAHAWELI BREEZE,,MALIGATHENNA GURUDENIYA,,KANDY.",Kandy,Gagawata Koralya,SUPERIOR,2,7.265038,,,,,official_tourism,Information for Accommodation.csv,sanupa villa kandy,Home Stay Units.xlsx | Information for Accommodation.csv
ACC001590,SANWA INN & RESTAURANT,Guest Houses,"NO:20,DEHIWALA ROAD,BORALESGAMUWA",Colombo,Boralesgamuwa,B,5,,,,,,official_tourism,Information for Accommodation.csv,sanwa inn restaurant,Guest Houses.xlsx | Information for Accommodation.csv
ACC001591,SAPPHIRE SEAS HOTEL,Guest Houses,"SAPPHIRE SEAS HOTEL,GALLE ROAD, PATUWATHA, DODANDUWA,HIKKADUWA",Galle,Hikkaduwa,A,11,6.116151,,,,,official_tourism,Information for Accommodation.csv,sapphire seas hotel,Guest Houses.xlsx | Information for Accommodation.csv
ACC001592,SAPTHAPADHI,Guest Houses,"NO:35, COLOMBO ROAD,MALANGAMA,RATNAPURA",Ratnapura,Ratnapura,A,14,6.732908,,,,,official_tourism,Information for Accommodation.csv,sapthapadhi,Guest Houses.xlsx | Information for Accommodation.csv
ACC001593,SARA HOMES,Home Stay Units,"NO 141, 4TH LANE, VISHAKA WATTHA, EKALA",Gampaha,Ja-Ela Pradeshiya Sabha,SUPERIOR,3,7.0959788,,,,,official_tourism,Information for Accommodation.csv,sara homes,Home Stay Units.xlsx | Information for Accommodation.csv
ACC001594,SARAII,Guest Houses,"RANDUNU KELLE WATTE,WEERAWILA,HAMBANTOTA.",Hambantota,Thissamaharama,B,14,6.267036,,,,,official_tourism,Information for Accommodation.csv,saraii,Guest Houses.xlsx | Information for Accommodation.csv
ACC001595,SARANGA HOLIDAY INN,Guest Houses,37.ELLA ROAD.WELLAWAYA.,Moneragala,Wellawaya,A,10,6.733045,,,,,official_tourism,Information for Accommodation.csv,saranga holiday inn,Guest Houses.xlsx | Information for Accommodation.csv
ACC001596,SARASA HOTEL,Tourist Hotels,"937 KANDY ROAD,WEDAMULLA,KELANIYA",Gampaha,Gampaha,,19,6.968135,,,,,official_tourism,Information for Accommodation.csv,sarasa hotel,Information for Accommodation.csv | Tourist Hotels.xlsx
ACC001597,SARASA PARK HOTEL,Guest Houses,"NO:18,RUKMANI DEVI MAWATHA,NEGOMBO",Gampaha,Gampaha,B,12,,,,,,official_tourism,Information for Accommodation.csv,sarasa park hotel,Guest Houses.xlsx | Information for Accommodation.csv
ACC001598,SARATHCHANDRA TOURIST GUEST HOUSE,Guest Houses,"PALLEGAMA, EMBILIPITIYA.",Ratnapura,Embilipitiya,B,16,,,,,,official_tourism,Information for Accommodation.csv,sarathchandra tourist guest house,Guest Houses.xlsx | Information for Accommodation.csv
ACC001599,SASELL GUEST HOUSE,Guest Houses,"NO. 224, OLD GALLE ROAD, PALLIMULLA, PANADURA",Kalutara,Panadura Pradeshiya Sabha,A,8,,,,,,official_tourism,Information for Accommodation.csv,sasell guest house,Guest Houses.xlsx | Information for Accommodation.csv
ACC001600,SATHMALA ELLA,Guest Houses,"GAMMADUWELA, PALLEGAMA, DENIYAYA",Matara,Matara,A,12,,,,,,official_tourism,Information for Accommodation.csv,sathmala ella,Guest Houses.xlsx | Information for Accommodation.csv
ACC001601,SATIN SANDS LANKA,Bangalows,"796, MATARA ROAD, MIHIRIPANNA, THALPE",Galle,Habaraduwa,DELUXE,4,,,,,,official_tourism,Information for Accommodation.csv,satin sands lanka,Bungalows.xlsx | Information for Accommodation.csv
ACC001602,SATORI VILLA,Bangalows,"KORATUWA GEDARA, MATARAMBA ROAD, UNAWATUNA, GALLE.",Galle,Akmeemana,DELUXE,4,6.021524,,,,,official_tourism,Information for Accommodation.csv,satori villa,Bungalows.xlsx | Information for Accommodation.csv
ACC001603,SAUNTER PARADISE HOTEL,Tourist Hotels,"TRINCOMALEE ROAD, AWDANGAWA, KIMBISSA, HABARANA",Matale,Dambulla Pradeshiya Sabha,,10,7.992861,,,,,official_tourism,Information for Accommodation.csv,saunter paradise hotel,Information for Accommodation.csv | Tourist Hotels.xlsx
ACC001604,SAVENRA GARDEN RESORT,Rented Homes,"13A, RATHABALAHENA ESTATE, PADUKKA ROAD, GODAGAMA, MEEGODA.",Colombo,Homagama Pradeshiya Sabha,SUPERIOR,5,6.8501663,,,,,official_tourism,Information for Accommodation.csv,savenra garden resort,Information for Accommodation.csv | Rented Homes.xlsx
ACC001605,SAYORISATHURU VILLA.,Bangalows,NO 285/9 SOMAHIMI MAWATHA KOTHALAWALA KADUWELA.,Colombo,Kaduwela Pradeshiya Sabha,STANDARD,4,,,,,,official_tourism,Information for Accommodation.csv,sayorisathuru villa,Bungalows.xlsx | Information for Accommodation.csv
ACC001606,SAYURIMA HOTEL & GUEST HOUSE,Guest Houses,"GOVIYAPANA, AHANGAMA",Galle,Habaraduwa,B,7,5.965326,,,,,official_tourism,Information for Accommodation.csv,sayurima hotel guest house,Guest Houses.xlsx | Information for Accommodation.csv
ACC001607,SCHONE VILLA,Rented Apartments,"HARBOUR ROAD, MIRISSA-SOUTH",Matara,Weligama Pradeshiya Sabha,SUPERIOR,2,,,,,,official_tourism,Information for Accommodation.csv,schone villa,Information for Accommodation.csv | Rented Apartments.xlsx
ACC001608,SCOTTISH PLANTER GLENDEVON BUNGALOW,Bangalows,"RAGALA, HALGRAN OYA",Nuwara Eliya,Nuwara Eliya,DELUXE,4,,,,,,official_tourism,Information for Accommodation.csv,scottish planter glendevon bungalow,Bungalows.xlsx | Information for Accommodation.csv
ACC001609,SEA BREEZE APARTMENT,Rented Apartments,"APARTMENT 4/2, NO.34, EBENEZER PLACE, DEHIWALA.",Colombo,Dehiwala-Mount Lavinia,SUPERIOR,2,,,,,,official_tourism,Information for Accommodation.csv,sea breeze apartment,Information for Accommodation.csv | Rented Apartments.xlsx
ACC001610,SEA BREEZE RESTAURANT & GUEST INN,Guest Houses,"430,BEACH ROAD,SAINTHAMARUTHU",Ampara,Kalmunai,C,7,7.408089,,,,,official_tourism,Information for Accommodation.csv,sea breeze restaurant guest inn,Guest Houses.xlsx | Information for Accommodation.csv
ACC001611,SEA FRONT HOTEL,Home Stay Units,"NO:45,VEVISINGAM SASTHRIYAR ROAD,KALLADY,BATTICALOA",Batticaloa,Batticaloa,STANDARD,2,,,,,,official_tourism,Information for Accommodation.csv,sea front hotel,Home Stay Units.xlsx | Information for Accommodation.csv
ACC001612,SEA GARDEN HOTEL,Tourist Hotels,"ETHUKALA,NEGOMBO",Gampaha,Gampaha,,27,7.265322,,,,,official_tourism,Information for Accommodation.csv,sea garden hotel,Information for Accommodation.csv | Tourist Hotels.xlsx
ACC001613,SEA HORSE APARTMENT,Rented Apartments,"APARTMENT NO. 10/9 (TENTH FLOOR), NO.28, RAMAKRISHNA ROAD, WELLAWATTE, COLOMBO 06",Colombo,Dehiwala-Mount Lavinia,SUPERIOR,2,,,,,,official_tourism,Information for Accommodation.csv,sea horse apartment,Information for Accommodation.csv | Rented Apartments.xlsx
ACC001614,SEA LINE,Guest Houses,"NO.1/108,PETTIGALAWATTA,GALLE",Galle,Galle,B,12,6.036901,,,,,official_tourism,Information for Accommodation.csv,sea line,Guest Houses.xlsx | Information for Accommodation.csv
ACC001615,SEA LION APARTMENT,Rented Apartments,"APARTMENT NO.3/4, (THIRD FLOOR), NO.34, EBENEZER PLACE, DEHIWALA.",Colombo,Dehiwala-Mount Lavinia,SUPERIOR,3,6.830118,,,,,official_tourism,Information for Accommodation.csv,sea lion apartment,Information for Accommodation.csv | Rented Apartments.xlsx
ACC001616,SEA LOTUS PARK HOTEL,Tourist Hotels,"NO.33,ALLESGARDEN,TRINCOMALEE.",Trincomalee,Trincomalee,,25,8.614524,,,,,official_tourism,Information for Accommodation.csv,sea lotus park hotel,Information for Accommodation.csv | Tourist Hotels.xlsx
ACC001617,SEA MOON GARDEN GUEST HOUSE,Guest Houses,"KALMUNAI ROAD, MAIN STREET, KIRANKULAM 06 NORTH, BATTICALOA",Batticaloa,,A,7,7.613703,,,,,official_tourism,Information for Accommodation.csv,sea moon garden guest house,Guest Houses.xlsx | Information for Accommodation.csv
ACC001618,SEA PORT GUEST HOUSE,Guest Houses,"NO.70, ETHUKALA, NEGOMBO",Gampaha,Negombo,A,10,7.240334,,,,,official_tourism,Information for Accommodation.csv,sea port guest house,Guest Houses.xlsx | Information for Accommodation.csv
ACC001619,SEA ROCK,Home Stay Units,"57A,BEACH CROOSE ROAD, P/18.",Ampara,Ampara,STANDARD,2,,,,,,official_tourism,Information for Accommodation.csv,sea rock,Home Stay Units.xlsx | Information for Accommodation.csv
ACC001620,SEA SHELL APARTMENT,Rented Apartments,"APARTMENT NO.5/2 (FIFTH FLOOR), NO.28, RAMAKRISHNA ROAD, WELLAWATTE, COLOMBO 06.",Colombo,Dehiwala-Mount Lavinia,SUPERIOR,2,,,,,,official_tourism,Information for Accommodation.csv,sea shell apartment,Information for Accommodation.csv | Rented Apartments.xlsx
ACC001621,SEA SIDE TERRACE,Guest Houses,"22/2, HOLY CROSS AVENUE, MORATUWA",Colombo,Moratuwa,B,10,6.77857,,,,,official_tourism,Information for Accommodation.csv,sea side terrace,Guest Houses.xlsx | Information for Accommodation.csv
ACC001622,SEA SPRAY BEACH RESORT,Guest Houses,"NO:45,VIHARA LANE,MOUNT LAVINIA",Colombo,Colombo,A,7,,,,,,official_tourism,Information for Accommodation.csv,sea spray beach resort,Guest Houses.xlsx | Information for Accommodation.csv
ACC001623,SEA VIEW APARTMENT RESIDENCIES,Rented Apartments,"BEN TOWER 7/2,28,RAMAKRISHNA ROAD,COLOMBO 06",Colombo,Colombo,DELUXE,2,,,,,,official_tourism,Information for Accommodation.csv,sea view apartment residencies,Information for Accommodation.csv | Rented Apartments.xlsx
ACC001624,SEA VIEW GUEST HOUSE,Guest Houses,"DEVALA ROAD, UNAWATUNA, GALLE",Galle,Habaraduwa,B,12,6.010399,,,,,official_tourism,Information for Accommodation.csv,sea view guest house,Guest Houses.xlsx | Information for Accommodation.csv
ACC001625,SEA VIEW HOTEL & GUEST HOUSE,Guest Houses,"10TH MILE POST, GOPALAPURAM, NILAVALI, TRINKOMALEE",Trincomalee,Trincomalee,A,11,6.688123,,,,,official_tourism,Information for Accommodation.csv,sea view hotel guest house,Guest Houses.xlsx | Information for Accommodation.csv
ACC001626,SEA VIEW HOTELS,Guest Houses,"NO.15, SEA VIEW AVENUE, COLOMBO 03",Colombo,Colombo,A,23,,,,,,official_tourism,Information for Accommodation.csv,sea view hotels,Guest Houses.xlsx | Information for Accommodation.csv
ACC001627,SEELOGAMA HOME STAY,Home Stay Units,"SCHOOL ROAD, SEELOGAMA, BELIHULOYA",Ratnapura,Ratnapura,STANDARD,1,,,,,,official_tourism,Information for Accommodation.csv,seelogama home stay,Home Stay Units.xlsx | Information for Accommodation.csv
ACC001628,SEEROCK THE KINGS DOMAIN,Tourist Hotels,"INDIGASWEWA,KIMBISSA.SIGIRIYA",Matale,Dambulla Pradeshiya Sabha,,12,7.991713,,,,,official_tourism,Information for Accommodation.csv,seerock the kings domain,Information for Accommodation.csv | Tourist Hotels.xlsx
ACC001629,SELFCATE-KANDY,Rented Apartments,"NO. 29/262A, SHANTHI KUMAR RAMASINGHE MAWATHA, AMPITIYA ROAD, KANDY",Kandy,Kandy,SUPERIOR,6,7.28552,,,,,official_tourism,Information for Accommodation.csv,selfcate kandy,Information for Accommodation.csv | Rented Apartments.xlsx
ACC001630,SELSAN HOTEL,Guest Houses,"114/1,RANALA ROAD,HABARAKADA,HOMAGAMA",Colombo,Homagama Pradeshiya Sabha,A,5,,,,,,official_tourism,Information for Accommodation.csv,selsan hotel,Guest Houses.xlsx | Information for Accommodation.csv
ACC001631,SEMILA GREEN GARDEN HOTEL,Guest Houses,"NO 152,KODIKARA WATHTHA,MADATUGAMA",Anuradhapura,Anuradhapura,B,8,,,,,,official_tourism,Information for Accommodation.csv,semila green garden hotel,Guest Houses.xlsx | Information for Accommodation.csv
ACC001632,SEMINI HOLIDAY RESORT,Home Stay Units,"2ND LANE,MATHALE JUNCTION, ANURADHAPURA.",Anuradhapura,Mihintale Pradeshiya Sabha,STANDARD,5,8.3517912,,,,,official_tourism,Information for Accommodation.csv,semini holiday resort,Home Stay Units.xlsx | Information for Accommodation.csv
ACC001633,SENANI COLONIAL HOLIDAY BUNGALOW,Bangalows,"NO.80,LADY MC CALUM DRIVE,HAWAELIYA,NUWARA ELIYA",Nuwara Eliya,Nuwara Eliya,DELUXE,4,6.973548,,,,,official_tourism,Information for Accommodation.csv,senani colonial holiday bungalow,Bungalows.xlsx | Information for Accommodation.csv
ACC001634,SENANI RESTAURANT,Classified Hotels( 1-5 Star),"NO 167, RAJAPIHILLA MAWATHA, KANDY.",Kandy,Kandy,ONE,27,7.285218,,,,,official_tourism,Information for Accommodation.csv,senani restaurant,Classified Hotels( 1-5 Star).xlsx | Information for Accommodation.csv
ACC001635,SENIC SUMMIT GUEST HOUSE,Guest Houses,"102/132A, HEWAHETA ROAD, TALWATTE, KANDY",Kandy,Kandy,A,6,,,,,,official_tourism,Information for Accommodation.csv,senic summit guest house,Guest Houses.xlsx | Information for Accommodation.csv
ACC001636,SENKADA REST,Guest Houses,"NO 108, HEWAHATE ROAD,TALWATTE, KANDY",Kandy,Kandy,B,8,7.28974,,,,,official_tourism,Information for Accommodation.csv,senkada rest,Guest Houses.xlsx | Information for Accommodation.csv
ACC001637,SENMIL HOLIDAY INN,Guest Houses,"NIWASA PEDESA, LAXAPANA",Nuwara Eliya,Ginigathhena,B,7,6.925742,,,,,official_tourism,Information for Accommodation.csv,senmil holiday inn,Guest Houses.xlsx | Information for Accommodation.csv
ACC001638,SENRICH HOTEL,Guest Houses,"NO.46/4C,KALUKODAYAWA,DOMPE ROAD,MALWANA",Gampaha,Gampaha,A,17,,,,,,official_tourism,Information for Accommodation.csv,senrich hotel,Guest Houses.xlsx | Information for Accommodation.csv
ACC001639,SEOUL HOTEL,Guest Houses,"NO.72, ORUTHOTA ROAD, GAMPAHA",Gampaha,Gampaha,B,5,,,,,,official_tourism,Information for Accommodation.csv,seoul hotel,Guest Houses.xlsx | Information for Accommodation.csv
ACC001640,SERENDIPITALY HOTEL,Guest Houses,"37,GALLE ROAD,AKURALA, AMBALANGODA",Galle,Ambalangoda,A,5,6.196545,,,,,official_tourism,Information for Accommodation.csv,serendipitaly hotel,Guest Houses.xlsx | Information for Accommodation.csv
ACC001641,SERENDIPITY HOLIDAY RESORT,Guest Houses,"NO. 73/1 A, KALAVILAWATTA, KALUWAMODARA, ALUTHGAMA",Kalutara,Beruwala Pradeshiya Sabha,B,9,6.447703,,,,,official_tourism,Information for Accommodation.csv,serendipity holiday resort,Guest Houses.xlsx | Information for Accommodation.csv
ACC001642,SERENDIVA,Bangalows,"39,RANTHOTUWILA ROAD,HABURUGALA,BENTOTA.",Galle,Bentota Pradeshiya Sabha,DELUXE,4,,,,,,official_tourism,Information for Accommodation.csv,serendiva,Bungalows.xlsx | Information for Accommodation.csv
ACC001643,SERENE BRIDGE RESORT,Guest Houses,"NO. 182/2, HIGH LEVEL ROAD, WATARAKA, PADUKKA",Colombo,Homagama Pradeshiya Sabha,A,10,6.854048,,,,,official_tourism,Information for Accommodation.csv,serene bridge resort,Guest Houses.xlsx | Information for Accommodation.csv
ACC001644,SERENE GARDEN HOTEL,Classified Hotels( 1-5 Star),"NO. 189, RAJAPIHILLA MAWATHA, KANDY",Kandy,Kandy,ONE,35,7.2848598,,,,,official_tourism,Information for Accommodation.csv,serene garden hotel,Classified Hotels( 1-5 Star).xlsx | Information for Accommodation.csv
ACC001645,SERENE GARDEN,Guest Houses,"173/5, RAJAPIHIALLA MAWATHA, KANDY",Kandy,Kandy,B,12,7.284872,,,,,official_tourism,Information for Accommodation.csv,serene garden,Guest Houses.xlsx | Information for Accommodation.csv
ACC001646,SERENE GRAND HOTEL,Tourist Hotels,"NO.113, RAJAPIHILLA MAWATHA, KANDY",Kandy,Kandy,,21,7.286564,,,,,official_tourism,Information for Accommodation.csv,serene grand hotel,Information for Accommodation.csv | Tourist Hotels.xlsx
ACC001647,SERENE GRAND VILLA,Guest Houses,"NO 38, RAJAPIHILLA MAWATHA, KANDY.",Kandy,Kandy,A,9,7.286576,,,,,official_tourism,Information for Accommodation.csv,serene grand villa,Guest Houses.xlsx | Information for Accommodation.csv
ACC001648,SERENE HOLIDAY BANGALOW,Bangalows,"NO 17A, PIRIS WEDA MAWATHA, KALUWADUMULLA, AMBALANGODA",Galle,Ambalangoda,DELUXE,3,,,,,,official_tourism,Information for Accommodation.csv,serene holiday bangalow,Bungalows.xlsx | Information for Accommodation.csv
ACC001649,SERENE HOME STAY,Home Stay Units,"NO 917, MUDUNMANKADA ROAD, UDAWALAWE",Ratnapura,Embilipitiya,SUPERIOR,2,6.416555,,,,,official_tourism,Information for Accommodation.csv,serene home stay,Home Stay Units.xlsx | Information for Accommodation.csv
ACC001650,SERENE KINGS VILLA,Guest Houses,"NO.17,UDAPUSSELLA ROAD,NUWARAELIYA.",Nuwara Eliya,Nuwara Eliya,A,9,6.966501,,,,,official_tourism,Information for Accommodation.csv,serene kings villa,Guest Houses.xlsx | Information for Accommodation.csv
ACC001651,SERENE PAVILIONS,Tourist Hotels,"NO20,UPALI MAWATHA,WADDUWA",Kalutara,Kalutara Pradeshiya Sabha,,15,6.671541,,,,,official_tourism,Information for Accommodation.csv,serene pavilions,Information for Accommodation.csv | Tourist Hotels.xlsx
ACC001652,SERENE RESIDENCE,Home Stay Units,"NO. 60, SRI DHARMARAMA ROAD, KATUKURUNDA, KALUTARA SOUTH",Kalutara,Kalutara Pradeshiya Sabha,STANDARD,3,6.565803,,,,,official_tourism,Information for Accommodation.csv,serene residence,Home Stay Units.xlsx | Information for Accommodation.csv
ACC001653,SERENE SK HOME,Home Stay Units,"48, JAYA ROAD, UDAHAMULLA, NUGEGODA",Colombo,Maharagama,SUPERIOR,3,6.8634233,,,,,official_tourism,Information for Accommodation.csv,serene sk home,Home Stay Units.xlsx | Information for Accommodation.csv
ACC001654,SERENE VILLA,Guest Houses,"NO.395, KANDY ROAD,NUWARA-ELIYA.",Nuwara Eliya,Nuwara Eliya,A,9,,,,,,official_tourism,Information for Accommodation.csv,serene villa,Guest Houses.xlsx | Information for Accommodation.csv
ACC001655,SERENE VILLA,Bangalows,"245/55 BATUGEDARA MAIN ROAD,RATNAPURA",Ratnapura,Ratnapura,SUPERIOR,4,6.675483,,,,,official_tourism,Information for Accommodation.csv,serene villa,Bungalows.xlsx | Information for Accommodation.csv
ACC001656,SERENITY HOMESTAY,Home Stay Units,"WATERFALL ROAD,WATAGODAWATTA,KITHAL-ELLA,ELLA",Badulla,Ella Pradeshiya Sabha,STANDARD,2,6.86814,,,,,official_tourism,Information for Accommodation.csv,serenity homestay,Home Stay Units.xlsx | Information for Accommodation.csv
ACC001657,SERENITY LAKE FRONT VILLA,Bangalows,"90/15(90/13A), BILYMORIA MAWATHA, IHALA INDEBEDDA, MORATUWA",Colombo,Moratuwa,DELUXE,4,6.77621,,,,,official_tourism,Information for Accommodation.csv,serenity lake front villa,Bungalows.xlsx | Information for Accommodation.csv
ACC001658,SERENITY VILLA,Bangalows,"NO.14/2,AMARASENA MAWATHA,HIKKADUWA",Galle,Hikkaduwa,STANDARD,3,6.139843,,,,,official_tourism,Information for Accommodation.csv,serenity villa,Bungalows.xlsx | Information for Accommodation.csv
ACC001659,SERGEANT HOUSE,Guest Houses,"NO:381,MATARA ROAD,GANAHENA,UNAWATUNA,GALLE",Galle,Galle,A,5,6.006796,,,,,official_tourism,Information for Accommodation.csv,sergeant house,Guest Houses.xlsx | Information for Accommodation.csv
ACC001660,SETHRA,Home Stay Units,"NO 65, ROUND ROAD, OBADAWATTA, BENTOTA",Galle,Bentota Pradeshiya Sabha,DELUXE,3,,,,,,official_tourism,Information for Accommodation.csv,sethra,Home Stay Units.xlsx | Information for Accommodation.csv
ACC001661,SEVANA CITY HOTEL,Guest Houses,"NO 84,PERADENIYA ROAD,KANDY",Kandy,Kandy,A,15,7.291993,,,,,official_tourism,Information for Accommodation.csv,sevana city hotel,Guest Houses.xlsx | Information for Accommodation.csv
ACC001662,SEVEN ELEVEN HOTEL AND RESTAURANT,Guest Houses,"154/1,,MININDU MAWATHA,,KESBEWA",Colombo,Kesbewa,A,14,6.797702,,,,,official_tourism,Information for Accommodation.csv,seven eleven hotel and restaurant,Guest Houses.xlsx | Information for Accommodation.csv
ACC001663,SEVEN ELEVEN HOTEL,Guest Houses,"NO:269/L,ARALIYA UYANA,HOKANDARA ROAD,THALAWATHUGODA",Colombo,Maharagama,A,11,6.879555,,,,,official_tourism,Information for Accommodation.csv,seven eleven hotel,Guest Houses.xlsx | Information for Accommodation.csv
ACC001664,SEVEN SCENIC,Home Stay Units,"NO.7, KUMUDU MAWATHA, PRIMROSE GARDENS, KANDY",Kandy,Kandy,DELUXE,2,7.280184,,,,,official_tourism,Information for Accommodation.csv,seven scenic,Home Stay Units.xlsx | Information for Accommodation.csv
ACC001665,SEVENAGAMA,Bangalows,"SEVANAGAMA ROAD, OFF TRINCO ROAD, HABARANA",Anuradhapura,Palugaswewa,SUPERIOR,4,8.049015,,,,,official_tourism,Information for Accommodation.csv,sevenagama,Bungalows.xlsx | Information for Accommodation.csv
ACC001666,SEVENTH HEAVEN HOTEL,Guest Houses,"26TH MILE,KANDY ROAD,NITTAMBUWA.",Gampaha,Attanagalla Pradeshiya Sabha,B,14,,,,,,official_tourism,Information for Accommodation.csv,seventh heaven hotel,Guest Houses.xlsx | Information for Accommodation.csv
ACC001667,SEYANA ECO LODGE,Guest Houses,"LANKAGAMA,NELUWA,GALLE",Galle,Galle,C,6,,,,,,official_tourism,Information for Accommodation.csv,seyana eco lodge,Guest Houses.xlsx | Information for Accommodation.csv
ACC001668,SHADOW GREEN,Home Stay Units,"AIRPORT ROAD, HINGURAKGODA.",Polonnaruwa,Hingurakgoda Pradeshiya Sabha,SUPERIOR,4,,,,,,official_tourism,Information for Accommodation.csv,shadow green,Home Stay Units.xlsx | Information for Accommodation.csv
ACC001669,SHADY GROVE TOURIST BUNGALOW,Bangalows,"7, GANTHERA MAWATHA, WATAPULAWA, KANDY",Kandy,Kandy,SUPERIOR,4,7.321631,,,,,official_tourism,Information for Accommodation.csv,shady grove tourist bungalow,Bungalows.xlsx | Information for Accommodation.csv
ACC001670,SHALIMAR BEACH HOTEL,Guest Houses,"POTUPITIYA,WADDUWA",Kalutara,Kalutara Pradeshiya Sabha,A,25,,,,,,official_tourism,Information for Accommodation.csv,shalimar beach hotel,Guest Houses.xlsx | Information for Accommodation.csv
ACC001671,SHALIMAR GUEST HOUSE,Guest Houses,"NO.46,PANCHIKAWATTA ROAD,COLOMBO 10",Colombo,Colombo,A,21,,,,,,official_tourism,Information for Accommodation.csv,shalimar guest house,Guest Houses.xlsx | Information for Accommodation.csv
ACC001672,SHALOM RESIDENCE,Home Stay Units,"OLD NO138/1, NEW NO 140/2, MISTY HEAVEN, WARIYAPOLA SRI SUMANGALA MW,MAPANAWATURA, KANDY",Kandy,Kandy,DELUXE,4,,,,,,official_tourism,Information for Accommodation.csv,shalom residence,Home Stay Units.xlsx | Information for Accommodation.csv
ACC001673,SHALOM VILLA,Home Stay Units,"262, MAHAWELA ROAD, TANGALLE",Hambantota,Tangalle Pradeshiya Sabha,STANDARD,3,6.0212043,,,,,official_tourism,Information for Accommodation.csv,shalom villa,Home Stay Units.xlsx | Information for Accommodation.csv
ACC001674,SHANGHAI,Guest Houses,"SHANGHAI ENTERPRISES,NO 12,FIRST LANE,ANGULANA STATION ROAD,MORATUWA",Colombo,Moratuwa,A,5,6.802403,,,,,official_tourism,Information for Accommodation.csv,shanghai,Guest Houses.xlsx | Information for Accommodation.csv
ACC001675,SHANGRELA BEACH RESORT,Guest Houses,"38, SEA BEACH ROAD, AMBALANGODA",Galle,Ambalangoda,B,19,6.237265,,,,,official_tourism,Information for Accommodation.csv,shangrela beach resort,Guest Houses.xlsx | Information for Accommodation.csv
ACC001676,SHANGRI- LA HOTEL COLOMBO,Classified Hotels( 1-5 Star),"NO-01, CENTRE ROAD, GALLE FACE, COLOMBO 02",Colombo,Colombo,THREE,541,6.928216,,,,,official_tourism,Information for Accommodation.csv,shangri la hotel colombo,Classified Hotels( 1-5 Star).xlsx | Information for Accommodation.csv
ACC001677,SHANGRI-LA S HAMBANTOTA RESORT & SPA,Classified Hotels( 1-5 Star),"SITTRAKALA WATTA, CHITHRAGALA, AMBALANTOTA",Hambantota,Ambalantota Pradeshiya Sabha,FIVE,300,6.1120643,,,,,official_tourism,Information for Accommodation.csv,shangri la s hambantota resort spa,Classified Hotels( 1-5 Star).xlsx | Information for Accommodation.csv
ACC001678,SHANTHI GUEST HOUSE,Guest Houses,"DALAWELLA,UNAWATUNA,GALLE.",Galle,Habaraduwa,B,13,6.000796,,,,,official_tourism,Information for Accommodation.csv,shanthi guest house,Guest Houses.xlsx | Information for Accommodation.csv
ACC001679,SHASHINI BEACH RESORT,Home Stay Units,"ARUGAMBAY,POTTUVIL.",Ampara,Ampara,STANDARD,9,,,,,,official_tourism,Information for Accommodation.csv,shashini beach resort,Home Stay Units.xlsx | Information for Accommodation.csv
ACC001680,SHEEN GUEST HOUSE,Guest Houses,"NO:454,NEGOMBO ROAD,WELISARA",Gampaha,Wattala Pradeshiya Sabha,A,10,,,,,,official_tourism,Information for Accommodation.csv,sheen guest house,Guest Houses.xlsx | Information for Accommodation.csv
ACC001681,SHEEN HOME STAY,Home Stay Units,"18/5, MOHOTTI WATTE, BALAPITIYA",Galle,balapitiya,STANDARD,1,6.268667,,,,,official_tourism,Information for Accommodation.csv,sheen home stay,Home Stay Units.xlsx | Information for Accommodation.csv
ACC001682,SHEHARA HOTEL,Guest Houses,"KOLAWAGAHAKANATHTHA,KOMANGODA,THIHAGODA.",Matara,Thihagoda Pradeshiya Sabha,B,5,,,,,,official_tourism,Information for Accommodation.csv,shehara hotel,Guest Houses.xlsx | Information for Accommodation.csv
ACC001683,SHELL COAST RESORT PVT LTD,Tourist Hotels,"UVARY,PESALAI,MANNAR",Mannar,Jaffna,,11,9.028711,,,,,official_tourism,Information for Accommodation.csv,shell coast resort pvt ltd,Information for Accommodation.csv | Tourist Hotels.xlsx
ACC001684,SHERENES HOME STAY,Home Stay Units,"87/5, DAMMA DASSI MAWATHA, KANDY.",Kandy,Kandy,SUPERIOR,2,7.305467,,,,,official_tourism,Information for Accommodation.csv,sherenes home stay,Home Stay Units.xlsx | Information for Accommodation.csv
ACC001685,SHESHESU GUEST HOUSE & WEDDING HALL,Guest Houses,"SHESHESU GUEST HOUSE,OLD BATAPOLA ROAD,KURUDUGAHA HATAPMA,ELPITIYA.",Galle,Ambalangoda,B,6,,,,,,official_tourism,Information for Accommodation.csv,sheshesu guest house wedding hall,Guest Houses.xlsx | Information for Accommodation.csv
ACC001686,SHINAGAWA BEACH,Tourist Hotels,"NO 30,OLD GURU NIWASA ROAD,BALAPITIYA",Galle,balapitiya,,26,6.291066,,,,,official_tourism,Information for Accommodation.csv,shinagawa beach,Information for Accommodation.csv | Tourist Hotels.xlsx
ACC001687,SHINE GUEST HOUSE & RESTAURANT,Guest Houses,"NO:157/7,PADILIYATUDUWA ROAD,HUNUPITIYA,WATTALA",Gampaha,Gampaha,C,7,,,,,,official_tourism,Information for Accommodation.csv,shine guest house restaurant,Guest Houses.xlsx | Information for Accommodation.csv
ACC001688,SHINE INN TOURIST BUNGALOW,Bangalows,"12/10, GANIHIMULLA,DEWALAPOLA.",Gampaha,Minuwangoda Pradeshiya Sabha,STANDARD,1,,,,,,official_tourism,Information for Accommodation.csv,shine inn tourist bungalow,Bungalows.xlsx | Information for Accommodation.csv
ACC001689,SHINY LAKESIDE RESORT,Guest Houses,"MARAGAHA HENA,PUNCHI PATHANA,HIKKADUWA",Galle,Hikkaduwa,A,13,6.141849,,,,,official_tourism,Information for Accommodation.csv,shiny lakeside resort,Guest Houses.xlsx | Information for Accommodation.csv
ACC001690,SHOOTERS HOTEL,Guest Houses,"NO 55,ST.PETERS ROAD,MORATUWELLA,MORATUWA",Colombo,Moratuwa,B,5,,,,,,official_tourism,Information for Accommodation.csv,shooters hotel,Guest Houses.xlsx | Information for Accommodation.csv
ACC001691,SIAM VIEW HOTEL,Guest Houses,"ARUGAMBAY,POTTUVIL.",Ampara,Ampara,A,5,,,,,,official_tourism,Information for Accommodation.csv,siam view hotel,Guest Houses.xlsx | Information for Accommodation.csv
ACC001692,SIDDHALEPA AYURVEDA HEALTH RESORT,Tourist Hotels,"SAMANTHARA ROAD, WADDUWA",Kalutara,Kalutara Pradeshiya Sabha,,50,6.642573,,,,,official_tourism,Information for Accommodation.csv,siddhalepa ayurveda health resort,Information for Accommodation.csv | Tourist Hotels.xlsx
ACC001693,SIDDHALEPA MEDICINAL HOUSE,Guest Houses,"GANGULATANNA, ADAM'S PEAK ROAD,NALLATANNIYA",Nuwara Eliya,Nuwara Eliya,B,10,,,,,,official_tourism,Information for Accommodation.csv,siddhalepa medicinal house,Guest Houses.xlsx | Information for Accommodation.csv
ACC001694,SIGIRI ACCESS VILLA,Bangalows,"NO 90, SIGIRI ROAD, INAMALUWA",Matale,Dambulla Pradeshiya Sabha,SUPERIOR,5,,,,,,official_tourism,Information for Accommodation.csv,sigiri access villa,Bungalows.xlsx | Information for Accommodation.csv
ACC001695,SIGIRI HOME STAY,Home Stay Units,"NO 01/A, INFRONT OF BUS STAND, INAMALUWA",Matale,Dambulla Pradeshiya Sabha,STANDARD,2,,,,,,official_tourism,Information for Accommodation.csv,sigiri home stay,Home Stay Units.xlsx | Information for Accommodation.csv
ACC001696,SIGIRI LION LODGE,Rented Apartments,"NO. 186, MAIN ROAD, SIGIRIYA.",Matale,Dambulla Pradeshiya Sabha,STANDARD,8,,,,,,official_tourism,Information for Accommodation.csv,sigiri lion lodge,Information for Accommodation.csv | Rented Apartments.xlsx
ACC001697,SIGIRI LODGE,Home Stay Units,"POTHANA , KIMBISSA",Matale,Dambulla Pradeshiya Sabha,STANDARD,2,,,,,,official_tourism,Information for Accommodation.csv,sigiri lodge,Home Stay Units.xlsx | Information for Accommodation.csv
ACC001698,SIGIRIYA JUNGLES,Tourist Hotels,"AUDANGAWA, KIBISSA, SIGIRIYA",Matale,Dambulla Pradeshiya Sabha,,60,7.993996,,,,,official_tourism,Information for Accommodation.csv,sigiriya jungles,Information for Accommodation.csv | Tourist Hotels.xlsx
ACC001699,SIGIRIYA REST HOUSE,Guest Houses,SIGIRIYA,Matale,Dambulla Pradeshiya Sabha,A,14,,,,,,official_tourism,Information for Accommodation.csv,sigiriya rest house,Guest Houses.xlsx | Information for Accommodation.csv
ACC001700,SIGIRIYA VILLAGE HOTEL,Classified Hotels( 1-5 Star),"P.O.BOX 01, SIGIRIYA",Matale,Dambulla Pradeshiya Sabha,THREE,120,7.949584,,,,,official_tourism,Information for Accommodation.csv,sigiriya village hotel,Classified Hotels( 1-5 Star).xlsx | Information for Accommodation.csv
ACC001701,SIGN OF LIFE RESORT,Guest Houses,"ATURUWELLA, INDURUWA",Galle,Bentota Pradeshiya Sabha,B,9,6.377266,,,,,official_tourism,Information for Accommodation.csv,sign of life resort,Guest Houses.xlsx | Information for Accommodation.csv
ACC001702,SIHINAYA VILLA,Bangalows,"273,KAPPARATOTA ROAD, KAPPARATOTA,WELIGAMA.",Matara,Weligama Pradeshiya Sabha,DELUXE,4,5.958281,,,,,official_tourism,Information for Accommodation.csv,sihinaya villa,Bungalows.xlsx | Information for Accommodation.csv
ACC001703,SIKURU GARDEN HOTEL,Guest Houses,KUSUM POKUNA ROAD.DIULANKADAWALA. MEDIRIGIRIYA,Polonnaruwa,Medirigiriya Pradeshiya Sabha,A,8,,,,,,official_tourism,Information for Accommodation.csv,sikuru garden hotel,Guest Houses.xlsx | Information for Accommodation.csv
ACC001704,SILENT NEST,Home Stay Units,"WATAGODAWATTA,KITHAL-ELLA,ELLA",Badulla,Ella Pradeshiya Sabha,STANDARD,1,6.867291,,,,,official_tourism,Information for Accommodation.csv,silent nest,Home Stay Units.xlsx | Information for Accommodation.csv
ACC001705,SILVAS BEACH HOTEL,Tourist Hotels,"NO.16,ETHUKALA,NEGOMBO",Gampaha,Negombo,,17,7.2336371,,,,,official_tourism,Information for Accommodation.csv,silvas beach hotel,Information for Accommodation.csv | Tourist Hotels.xlsx
ACC001706,SILVER BEACH HOTEL,Bangalows,"66/12, ALLES GARDEN, UPPUVELI,TRINCOMALEE",Trincomalee,Trincomalee,STANDARD,5,8.616767,,,,,official_tourism,Information for Accommodation.csv,silver beach hotel,Bungalows.xlsx | Information for Accommodation.csv
ACC001707,SILVER RING VILLAGE HOTEL,Guest Houses,"NO:52/1,KIDAGAMMULLA,GAMPAHA",Gampaha,Gampaha,B,8,7.080992,,,,,official_tourism,Information for Accommodation.csv,silver ring village hotel,Guest Houses.xlsx | Information for Accommodation.csv
ACC001708,SILVIKRIS,Guest Houses,"32/9A,RAYMOND ROAD, NUGEGODA",Colombo,Dehiwala-Mount Lavinia,A,5,6.871275,,,,,official_tourism,Information for Accommodation.csv,silvikris,Guest Houses.xlsx | Information for Accommodation.csv
ACC001709,SIMLA INN,Bangalows,"PASSIKUDAH ROAD, KALKUDAH",Batticaloa,Batticaloa,STANDARD,8,7.920843,,,,,official_tourism,Information for Accommodation.csv,simla inn,Bungalows.xlsx | Information for Accommodation.csv
ACC001710,SINEL GUEST HOUSE,Guest Houses,"NO:172/14,MEEPE WATTE,MEEPE,PADUKKA",Colombo,Seethawaka Pradeshiya Sabha,B,10,,,,,,official_tourism,Information for Accommodation.csv,sinel guest house,Guest Houses.xlsx | Information for Accommodation.csv
ACC001711,SINHAGIRI VILLA,Home Stay Units,"5A, NAWA NAGARAYA, SIGIRIYA",Matale,Dambulla Pradeshiya Sabha,SUPERIOR,3,,,,,,official_tourism,Information for Accommodation.csv,sinhagiri villa,Home Stay Units.xlsx | Information for Accommodation.csv
ACC001712,SINLEKA REST,Guest Houses,"NO.573,MORAGAHAHENA ROAD, PITIPANA SOUTH, HOMAGAMA.",Colombo,Homagama Pradeshiya Sabha,C,5,,,,,,official_tourism,Information for Accommodation.csv,sinleka rest,Guest Houses.xlsx | Information for Accommodation.csv
ACC001713,SIRIMADURA RESTAURENT & GUEST HOUSE,Guest Houses,"HIRIPITIYA ROAD,MEDDEGAMA,MELLAWA",Kurunegala,Kurunegala,B,5,,,,,,official_tourism,Information for Accommodation.csv,sirimadura restaurent guest house,Guest Houses.xlsx | Information for Accommodation.csv
ACC001714,SIRIMAL HOME REST,Rented Apartments,"MAKAN WATTE, GODAKANDA, GALLE",Galle,Bope,SUPERIOR,3,,,,,,official_tourism,Information for Accommodation.csv,sirimal home rest,Information for Accommodation.csv | Rented Apartments.xlsx
ACC001715,SISILA TOURIST INN,Guest Houses,"KURUNAGALA RD,AMBEPUSSA,WARAKAPOLA",Kegalle,Kegalle,A,15,7.244146,,,,,official_tourism,Information for Accommodation.csv,sisila tourist inn,Guest Houses.xlsx | Information for Accommodation.csv
ACC001716,SIYANCO HOLIDAY RESORT,Guest Houses,"1ST CANAL ROAD,POLONNARUWA",Polonnaruwa,Polonnaruwa,A,17,7.940886,,,,,official_tourism,Information for Accommodation.csv,siyanco holiday resort,Guest Houses.xlsx | Information for Accommodation.csv
ACC001717,SJS RESIDENCE,Rented Apartments,"NO 22, RAMANI MAWATHA, NEGAMBO",Gampaha,Negombo,DELUXE,2,,,,,,official_tourism,Information for Accommodation.csv,sjs residence,Information for Accommodation.csv | Rented Apartments.xlsx
ACC001718,SKY PAVILION,Guest Houses,"NO:102/123,HEVAHETA ROAD,KANDY",Kandy,Kandy,A,5,7.289745,,,,,official_tourism,Information for Accommodation.csv,sky pavilion,Guest Houses.xlsx | Information for Accommodation.csv
ACC001719,SKY TERRACE KANDY,Bangalows,20/4 A.B DAMUNUPOLA MAWATHA KANDY,Kandy,Kandy,DELUXE,6,,,,,,official_tourism,Information for Accommodation.csv,sky terrace kandy,Bungalows.xlsx | Information for Accommodation.csv
ACC001720,SKYDALE,Home Stay Units,"352-G, DHARMARAJA ROAD, KANDY",Kandy,Kandy,DELUXE,4,7.2878343,,,,,official_tourism,Information for Accommodation.csv,skydale,Home Stay Units.xlsx | Information for Accommodation.csv
ACC001721,SKYLINE MOUNT BUNGALOW,Home Stay Units,"236/29,SUMMER FIELD SUMMIT, ANGUNAWELA, PERADENIYA",Kandy,Udunuwara Pradeshiya Sabha,DELUXE,4,7.243702,,,,,official_tourism,Information for Accommodation.csv,skyline mount bungalow,Home Stay Units.xlsx | Information for Accommodation.csv
ACC001722,SKYLOFT KANDY,Tourist Hotels,"NO.26, DAZZLING RANGE, THAPODARAMAYA ROAD, HANTANA, KANDY.",Kandy,Gagawata Koralya,,18,7.273421,,,,,official_tourism,Information for Accommodation.csv,skyloft kandy,Information for Accommodation.csv | Tourist Hotels.xlsx
ACC001723,SNOWDROP,Bangalows,"NO.77,ST-JOSEPH MAWATHA,ETTUKALA,NEGOMBO.",Gampaha,Negombo,SUPERIOR,5,7.241739,,,,,official_tourism,Information for Accommodation.csv,snowdrop,Bungalows.xlsx | Information for Accommodation.csv
ACC001724,SOBA LANKA HOLIDAY RESORT,Guest Houses,"BALAWATTALA ROAD, MELSIRIPURA.",Kurunegala,Ibbagamuwa Pradeshiya Sabha,B,9,7.626349,,,,,official_tourism,Information for Accommodation.csv,soba lanka holiday resort,Guest Houses.xlsx | Information for Accommodation.csv
ACC001725,SOLAR GARDEN RESTAURENT & GUEST HOUSE,Guest Houses,"NO:86,GALLE ROAD,PIYADIGAMA,AHANGAMA.",Galle,Habaraduwa,B,5,,,,,,official_tourism,Information for Accommodation.csv,solar garden restaurent guest house,Guest Houses.xlsx | Information for Accommodation.csv
ACC001726,SOLIS TOURIST GUEST HOUSE,Guest Houses,"NO. 533 1/1, NAWALA ROAD, RAJAGIRIYA",Colombo,Sri Jayawardenapura-Kotte,A,14,,,,,,official_tourism,Information for Accommodation.csv,solis tourist guest house,Guest Houses.xlsx | Information for Accommodation.csv
ACC001727,SOLIS TOURIST REST,Guest Houses,"NO. 217, NUPE, MATARA",Matara,Matara,A,10,5.948347,,,,,official_tourism,Information for Accommodation.csv,solis tourist rest,Guest Houses.xlsx | Information for Accommodation.csv
ACC001728,SOOKEE'S HOME,Home Stay Units,"38A, NEWTON SENEVIRATNE, BORALESGAMUWA",Colombo,Colombo,STANDARD,3,,,,,,official_tourism,Information for Accommodation.csv,sookee s home,Home Stay Units.xlsx | Information for Accommodation.csv
ACC001729,SOORIYA RESORT & SPA,Boutique Hotels,"SOORIYA RESORT & SPA, REKAWA BEACH, TANGALLE",Hambantota,Tangalle Divisional Secretariat,,38,6.048141,,,,,official_tourism,Information for Accommodation.csv,sooriya resort spa,Boutique Hotels.xlsx | Information for Accommodation.csv
ACC001730,SOPHIE HOUSE,Home Stay Units,"567/3, DEWANIYAGAHA WATTA, NARIGAMA, HIKKADUWA.",Galle,Hikkaduwa,SUPERIOR,5,6.1257824,,,,,official_tourism,Information for Accommodation.csv,sophie house,Home Stay Units.xlsx | Information for Accommodation.csv
ACC001731,SORABORA GEDARA,Guest Houses,"SORABORA WAWA ROAD,MAHIYANGANA",Badulla,Badulla,A,10,,,,,,official_tourism,Information for Accommodation.csv,sorabora gedara,Guest Houses.xlsx | Information for Accommodation.csv
ACC001732,SORABORA VILLAGE INN,Guest Houses,"SORABORA WEWA ROAD,MAHIYANGANAYA",Badulla,Mahiyanganaya Pradeshiya Sabha,B,18,7.346332,,,,,official_tourism,Information for Accommodation.csv,sorabora village inn,Guest Houses.xlsx | Information for Accommodation.csv
ACC001733,SOROWWA RESORT AND SPA,Classified Hotels( 1-5 Star),"LAKE ROAD, HABARANE",Anuradhapura,Polonnaruwa,THREE,23,8.0405578,,,,,official_tourism,Information for Accommodation.csv,sorowwa resort and spa,Classified Hotels( 1-5 Star).xlsx | Information for Accommodation.csv
ACC001734,SOROWWA RESORT & SPA,Guest Houses,"LAKE ROAD,HABARANA.",Anuradhapura,Anuradhapura,A,22,8.040575,,,,,official_tourism,Information for Accommodation.csv,sorowwa resort spa,Guest Houses.xlsx | Information for Accommodation.csv
ACC001735,SOUTH BEACH RESORT,Guest Houses,"POLOYAMODARA WATTHA, KATHALUWA, AHANGAMA",Galle,Habaraduwa,A,22,5.982629,,,,,official_tourism,Information for Accommodation.csv,south beach resort,Guest Houses.xlsx | Information for Accommodation.csv
ACC001736,SOUTH LAKE RESORT,Tourist Hotels,"KATHALUWA, AHANGAMA",Galle,Habaraduwa,,24,5.983588,,,,,official_tourism,Information for Accommodation.csv,south lake resort,Information for Accommodation.csv | Tourist Hotels.xlsx
ACC001737,SOUTH STAR HOTEL,Guest Houses,"KABALANA ROAD,KATHALUWA,AHANGAMA.",Galle,Habaraduwa,A,12,,,,,,official_tourism,Information for Accommodation.csv,south star hotel,Guest Houses.xlsx | Information for Accommodation.csv
ACC001738,SOUTHERN COMFORTS,Home Stay Units,"62 A/2, LIGHT HOUSE STREET, FORT, GALLE",Galle,Galle,SUPERIOR,4,6.025603,,,,,official_tourism,Information for Accommodation.csv,southern comforts,Home Stay Units.xlsx | Information for Accommodation.csv
ACC001739,SP TOURS AND REST,Bangalows,"NO:873, HOSPITAL ROAD, JAFFNA",Jaffna,Jaffna,STANDARD,5,9.667259,,,,,official_tourism,Information for Accommodation.csv,sp tours and rest,Bungalows.xlsx | Information for Accommodation.csv
ACC001740,"SPD BUNGALOW ""WATAWALA LASSANA""",Bangalows,"MISTY RANGES, HATTON ROAD, WATAWALA.",Nuwara Eliya,Ginigathhena,STANDARD,5,6.9323964,,,,,official_tourism,Information for Accommodation.csv,spd bungalow watawala lassana,Bungalows.xlsx | Information for Accommodation.csv
ACC001741,SPLASHBUG RESIDENCIES,Bangalows,"42/2, WATAMAWATHA ROAD, NAWINNA, MAHARAGAMA",Colombo,Colombo,SUPERIOR,5,,,,,,official_tourism,Information for Accommodation.csv,splashbug residencies,Bungalows.xlsx | Information for Accommodation.csv
ACC001742,SPRING ACRE,Bangalows,"NO.495 A-4, KANDY ROAD, TOPPASS,NUWARA ELIYA",Nuwara Eliya,Nuwara Eliya,DELUXE,4,6.990897,,,,,official_tourism,Information for Accommodation.csv,spring acre,Bungalows.xlsx | Information for Accommodation.csv
ACC001743,SPRING FLOWER RESIDENCE,Home Stay Units,"NO.115/45, NICHOLAS MARCUS MAWATHA, 7TH LANE, NEGAMBO",Gampaha,Negombo,STANDARD,2,,,,,,official_tourism,Information for Accommodation.csv,spring flower residence,Home Stay Units.xlsx | Information for Accommodation.csv
ACC001744,SPRING OF LIFE,Guest Houses,"NO. 57/A, GANGABODA ROAD, WEWELA, PILIYANDALA",Colombo,Kesbewa,A,11,6.803964,,,,,official_tourism,Information for Accommodation.csv,spring of life,Guest Houses.xlsx | Information for Accommodation.csv
ACC001745,SRI BEACH,Bangalows,"BEACH ROAD, MUDUKATUWA NORTH, MARAWILA.",Puttalam,Nattandiya Pradeshiya Sabha,SUPERIOR,4,7.407049,,,,,official_tourism,Information for Accommodation.csv,sri beach,Bungalows.xlsx | Information for Accommodation.csv
ACC001746,SRI GEMUNU GUEST HOUSE,Guest Houses,"DALAWELLA, UNAWATUNA, GALLE",Galle,Habaraduwa,A,20,6.000509,,,,,official_tourism,Information for Accommodation.csv,sri gemunu guest house,Guest Houses.xlsx | Information for Accommodation.csv
ACC001747,SRI V.O.C,Home Stay Units,"88, DHAMMARATHANA NAHIMI MAWATHA, KATUNAYAKE, NITTABUWA ROAD, NAIWALA, WEYANGODA",Gampaha,Gampaha,DELUXE,1,7.1578858,,,,,official_tourism,Information for Accommodation.csv,sri v o c,Home Stay Units.xlsx | Information for Accommodation.csv
ACC001748,SRILAL'S HOME STAY,Home Stay Units,"""SRILAL'S HOME STAY"",67,PARAKRAMA ROAD,KURANA,NEGAMBO",Gampaha,Negombo,SUPERIOR,4,,,,,,official_tourism,Information for Accommodation.csv,srilal s home stay,Home Stay Units.xlsx | Information for Accommodation.csv
ACC001749,ST.ANDREWS HOTEL,Classified Hotels( 1-5 Star),"NO.10,ST.ANDREWS DRIVE,NUWARA ELIYA.",Nuwara Eliya,Nuwara Eliya,THREE,52,6.979589,,,,,official_tourism,Information for Accommodation.csv,st andrews hotel,Classified Hotels( 1-5 Star).xlsx | Information for Accommodation.csv
ACC001750,ST.ANNE S LAGOON HOUSE,Bangalows,"SOTHTHUPITIYA WADIYA, KALPITIYA ROAD, PALAKKUDA.",Puttalam,Kalpitiya Pradeshiya Sabha,DELUXE,6,8.229533,,,,,official_tourism,Information for Accommodation.csv,st anne s lagoon house,Bungalows.xlsx | Information for Accommodation.csv
ACC001751,ST. LACHLAN HOTEL AND SUITES,Guest Houses,"NO. 25, ST ANTHONYS LANE, ETHUKALA, NEGOMBO",Gampaha,Negombo,A,16,7.24018,,,,,official_tourism,Information for Accommodation.csv,st lachlan hotel and suites,Guest Houses.xlsx | Information for Accommodation.csv
ACC001752,STAFFORD BUNGALOW,Bangalows,"HALGRANOYA,RAGALA",Nuwara Eliya,Nuwara Eliya,DELUXE,4,7.011928,,,,,official_tourism,Information for Accommodation.csv,stafford bungalow,Bungalows.xlsx | Information for Accommodation.csv
ACC001753,STAR BEACH GUEST HOUSE,Guest Houses,"83/3,LEWIS PLACE,NEGOMBO",Gampaha,Negombo,A,16,,,,,,official_tourism,Information for Accommodation.csv,star beach guest house,Guest Houses.xlsx | Information for Accommodation.csv
ACC001754,STAR CITY VILLA,Rented Apartments,"475/15, ELVITIGALA MAWATHA, COLOMBO 05",Colombo,Colombo,SUPERIOR,4,6.889027,,,,,official_tourism,Information for Accommodation.csv,star city villa,Information for Accommodation.csv | Rented Apartments.xlsx
ACC001755,STAR DUST BEACH HOTEL,Tourist Hotels,"ARUGAMBAY,POTTUVIL",Ampara,Ampara,,11,6.850021,,,,,official_tourism,Information for Accommodation.csv,star dust beach hotel,Information for Accommodation.csv | Tourist Hotels.xlsx
ACC001756,STAR HOTEL & RESTAURANT,Guest Houses,"MALISANTHY, KARAVEDDY",Jaffna,Vadamarachchy South West,C,7,,,,,,official_tourism,Information for Accommodation.csv,star hotel restaurant,Guest Houses.xlsx | Information for Accommodation.csv
ACC001757,STAR LIGHT HOTEL,Tourist Hotels,"GALLE ROAD,80615,TALPE",Galle,Habaraduwa,,14,5.998994,,,,,official_tourism,Information for Accommodation.csv,star light hotel,Information for Accommodation.csv | Tourist Hotels.xlsx
ACC001758,STAR REST BEACH HOTEL,Home Stay Units,"02, NICE PLACE, ARUGAMBAY, POTTUVIL. P/18.",Ampara,Ampara,STANDARD,3,6.8504456,,,,,official_tourism,Information for Accommodation.csv,star rest beach hotel,Home Stay Units.xlsx | Information for Accommodation.csv
ACC001759,STAR REST,Guest Houses,"KANDY ROAD,PARANTHAN",Kilinochchi,,B,6,9.426661,,,,,official_tourism,Information for Accommodation.csv,star rest,Guest Houses.xlsx | Information for Accommodation.csv
ACC001760,STATION COURT,Rented Apartments,"3/3, 19, WELLAWATTE ROAD, COLOMBO 6",Colombo,Colombo,SUPERIOR,3,6.8746633,,,,,official_tourism,Information for Accommodation.csv,station court,Information for Accommodation.csv | Rented Apartments.xlsx
ACC001761,STAY KANDY,Bangalows,"NO.79/63P, DODANWALA PASSAGE, KANDY.",Kandy,Kandy,SUPERIOR,4,,,,,,official_tourism,Information for Accommodation.csv,stay kandy,Bungalows.xlsx | Information for Accommodation.csv
ACC001762,STRATHDON BUNGALOW,Bangalows,"STRATHDON ESTATE, (HATTON-AWISSAWELLA ROAD), HATTON.",Nuwara Eliya,Hatton-Dickoya,DELUXE,4,,,,,,official_tourism,Information for Accommodation.csv,strathdon bungalow,Bungalows.xlsx | Information for Accommodation.csv
ACC001763,STREAMY VIEW,Home Stay Units,"9/D/9, NELLIGASGODA, KIRIBATHKUMBURA",Kandy,Kandy,SUPERIOR,2,7.2584743,,,,,official_tourism,Information for Accommodation.csv,streamy view,Home Stay Units.xlsx | Information for Accommodation.csv
ACC001764,STUART HOUSE,Bangalows,"NO.08, MIHINDU MAWATHA, TANGALLE.",Hambantota,Tangalle Pradeshiya Sabha,DELUXE,3,,,,,,official_tourism,Information for Accommodation.csv,stuart house,Bungalows.xlsx | Information for Accommodation.csv
ACC001765,STUDIO 165,Rented Apartments,"NO 165/2/1, D.S. SENANAYAKE VEEDIYA, KANDY",Kandy,Kandy,DELUXE,1,,,,,,official_tourism,Information for Accommodation.csv,studio 165,Information for Accommodation.csv | Rented Apartments.xlsx
ACC001766,STYLISH HOUSE,Home Stay Units,"NO 309/2, GEORGE E DE SILVA MAWATHA, KANDY",Kandy,Kandy,SUPERIOR,3,,,,,,official_tourism,Information for Accommodation.csv,stylish house,Home Stay Units.xlsx | Information for Accommodation.csv
ACC001767,SUBASHRI,Bangalows,"SUBASHRI, QUAILS RIDGE, VICTORIA GOLF & COUNTRY RESORT, DIGANA, KANDY",Kandy,Kandy,DELUXE,4,7.267648,,,,,official_tourism,Information for Accommodation.csv,subashri,Bungalows.xlsx | Information for Accommodation.csv
ACC001768,SUBASI TOURIST RESORT,Guest Houses,"269/1,ASSEDDUMA,KULIYAPITIYA",Kurunegala,Kuliyapitiya Pradeshiya Sabha,B,5,,,,,,official_tourism,Information for Accommodation.csv,subasi tourist resort,Guest Houses.xlsx | Information for Accommodation.csv
ACC001769,SUBHAS HOTEL,Tourist Hotels,"49, VICTORIA ROAD, JAFFNA",Jaffna,Jaffna,,11,9.66635,,,,,official_tourism,Information for Accommodation.csv,subhas hotel,Information for Accommodation.csv | Tourist Hotels.xlsx
ACC001770,SUGAR VILLA,Home Stay Units,"NO/18F,PETER MEDIS ROAD,NEGAMBO",Gampaha,Negombo,SUPERIOR,5,7.227029,,,,,official_tourism,Information for Accommodation.csv,sugar villa,Home Stay Units.xlsx | Information for Accommodation.csv
ACC001771,SUITE LANKA HOTEL,Guest Houses,"THIRANAGAMA,HIKKADAWA",Galle,Hikkaduwa,A,7,6.119985,,,,,official_tourism,Information for Accommodation.csv,suite lanka hotel,Guest Houses.xlsx | Information for Accommodation.csv
ACC001772,SUMMER CLUB,Guest Houses,"RIVER VIEW ROAD, HIRANA, PANADURA",Kalutara,Panadura Pradeshiya Sabha,B,5,6.743163,,,,,official_tourism,Information for Accommodation.csv,summer club,Guest Houses.xlsx | Information for Accommodation.csv
ACC001773,SUMMERLAND,Home Stay Units,"821, MORAVITIYA LANE, BUTHGAMUWA ROAD, GOTHATUWA NEW TOWN ,RAJAGIRIYA",Colombo,Kotikawatta Mulleriyawa Pradeshiya Sabha,STANDARD,3,,,,,,official_tourism,Information for Accommodation.csv,summerland,Home Stay Units.xlsx | Information for Accommodation.csv
ACC001774,SUMMERVILLE,Boutique Villas,"TEA TRAILS (PVT) LTD, SUMMERVILLE BUNGALOW, SUMMERVILLE, DICKOYA, HATTON.",Nuwara Eliya,Ambagamuwa Pradeshiya Sabha,,5,6.867271,,,,,official_tourism,Information for Accommodation.csv,summerville,Boutique Villas.xlsx | Information for Accommodation.csv
ACC001775,SUN AND MOON RESORT,Guest Houses,"104/8, GALLE ROAD, KALUWAMODARA, ALUTHGAMA.",Kalutara,Beruwala Pradeshiya Sabha,A,8,6.438851,,,,,official_tourism,Information for Accommodation.csv,sun and moon resort,Guest Houses.xlsx | Information for Accommodation.csv
ACC001776,SUN AQUA,Tourist Hotels,"KALKUDAH,PASSIKUDAH.",Batticaloa,Batticaloa,,36,,,,,,official_tourism,Information for Accommodation.csv,sun aqua,Information for Accommodation.csv | Tourist Hotels.xlsx
ACC001777,SUN FLOWER INN,Home Stay Units,"SUN FLOWER INN,TEMPLE JUNCTION,DAMBULLA",Matale,Dambulla Pradeshiya Sabha,STANDARD,3,7.8523923,,,,,official_tourism,Information for Accommodation.csv,sun flower inn,Home Stay Units.xlsx | Information for Accommodation.csv
ACC001778,SUN N SEA HOTEL,Guest Houses,"NO. 324, MATARA ROAD, GANAHENA, UNAWATUNA",Galle,Habaraduwa,B,10,6.007165,,,,,official_tourism,Information for Accommodation.csv,sun n sea hotel,Guest Houses.xlsx | Information for Accommodation.csv
ACC001779,SUN RISE GUEST,Guest Houses,UDAKALAGAMA.POLONNARUWA ROAD.HABARANA,Polonnaruwa,Hingurakgoda Pradeshiya Sabha,C,6,8.027473,,,,,official_tourism,Information for Accommodation.csv,sun rise guest,Guest Houses.xlsx | Information for Accommodation.csv
ACC001780,SUN ROO BEACH,Guest Houses,"NO:22,SAMARAWEERA PLACE,WELIGAMA",Matara,Weligama Pradeshiya Sabha,B,8,,,,,,official_tourism,Information for Accommodation.csv,sun roo beach,Guest Houses.xlsx | Information for Accommodation.csv
ACC001781,SUN SHINE BEACH HOTEL,Guest Houses,"235/5,ABREW ROAD,KALUTARA NORTH.",Kalutara,Kalutara Pradeshiya Sabha,B,5,,,,,,official_tourism,Information for Accommodation.csv,sun shine beach hotel,Guest Houses.xlsx | Information for Accommodation.csv
ACC001782,SUNIL'S HOME,Home Stay Units,"45/12, ABREW ROAD, KALUTARA NORTH",Kalutara,Kalutara Pradeshiya Sabha,SUPERIOR,3,,,,,,official_tourism,Information for Accommodation.csv,sunil s home,Home Stay Units.xlsx | Information for Accommodation.csv
ACC001783,SUNLIGHT APARTMENT,Rented Apartments,"NO.18,ABDUL GAFOOR MAWATHA,COLOMBO 03",Colombo,Colombo,SUPERIOR,4,6.912815,,,,,official_tourism,Information for Accommodation.csv,sunlight apartment,Information for Accommodation.csv | Rented Apartments.xlsx
ACC001784,SUNNYSIDE HOLIDAY BUNGALOW,Home Stay Units,"150, BANDARAWELA ROAD, ELLA",Badulla,Ella Pradeshiya Sabha,DELUXE,3,,,,,,official_tourism,Information for Accommodation.csv,sunnyside holiday bungalow,Home Stay Units.xlsx | Information for Accommodation.csv
ACC001785,SUNRAY HOME STAY,Home Stay Units,"""SAMAN"" WELLAWAYA ROAD,ELLA",Badulla,Ella Pradeshiya Sabha,STANDARD,2,6.870202,,,,,official_tourism,Information for Accommodation.csv,sunray home stay,Home Stay Units.xlsx | Information for Accommodation.csv
ACC001786,SUNRAY INN,Guest Houses,"NO. 156, KANDY ROAD, DAMBULLA",Matale,Dambulla Pradeshiya Sabha,A,8,7.861287,,,,,official_tourism,Information for Accommodation.csv,sunray inn,Guest Houses.xlsx | Information for Accommodation.csv
ACC001787,SUNROCK,Bangalows,"195/1A, HEERASSAGALA ROAD, KANDY.",Kandy,Kandy,DELUXE,5,7.27082,,,,,official_tourism,Information for Accommodation.csv,sunrock,Bungalows.xlsx | Information for Accommodation.csv
ACC001788,SUNSET BEACH PARADISE HOTEL,Guest Houses,"ROMAN PARK, MUDUKATUWA SOUTH, MARAWILA",Puttalam,Nattandiya Pradeshiya Sabha,A,9,,,,,,official_tourism,Information for Accommodation.csv,sunset beach paradise hotel,Guest Houses.xlsx | Information for Accommodation.csv
ACC001789,SUNSHINE INN,Tourist Hotels,"DALAWELLA,UNAWATUNA",Galle,Galle,,19,,,,,,official_tourism,Information for Accommodation.csv,sunshine inn,Information for Accommodation.csv | Tourist Hotels.xlsx
ACC001790,SUNSHINE RESORTS,Bangalows,"NO 78, KOVIL ROAD,MASKELIYA.",Nuwara Eliya,Nuwara Eliya,STANDARD,4,6.831458,,,,,official_tourism,Information for Accommodation.csv,sunshine resorts,Bungalows.xlsx | Information for Accommodation.csv
ACC001791,SUNSHINE VILLA,Home Stay Units,"SUNSHINE VILLA, THALKOTE ROAD, EHALAGALA, SIGIRIYA",Matale,Dambulla Pradeshiya Sabha,STANDARD,4,,,,,,official_tourism,Information for Accommodation.csv,sunshine villa,Home Stay Units.xlsx | Information for Accommodation.csv
ACC001792,SUNTOP INN,Bangalows,"NO 18,POLICE ROAD,ELLA",Badulla,Ella Pradeshiya Sabha,STANDARD,4,,,,,,official_tourism,Information for Accommodation.csv,suntop inn,Bungalows.xlsx | Information for Accommodation.csv
ACC001793,SUPERSTAR TOURIST INN,Guest Houses,"NO. 23/1, YARD ROAD, KALMUNAI 01",Ampara,Kalmunai,B,15,7.420669,,,,,official_tourism,Information for Accommodation.csv,superstar tourist inn,Guest Houses.xlsx | Information for Accommodation.csv
ACC001794,SUPUN VILLA,Bangalows,"SUPUN VILLA, PITARAMA, BENTOTA",Galle,Bentota Pradeshiya Sabha,DELUXE,5,6.42059,,,,,official_tourism,Information for Accommodation.csv,supun villa,Bungalows.xlsx | Information for Accommodation.csv
ACC001795,SURAMYA,Home Stay Units,"NO.23.SURAMYA,DHARMAPALA MAWATHA, BANDARAWELA.",Badulla,Bandarawela Pradeshiya Sabha,SUPERIOR,1,,,,,,official_tourism,Information for Accommodation.csv,suramya,Home Stay Units.xlsx | Information for Accommodation.csv
ACC001796,SURF DREAM HOUSE,Home Stay Units,"NO.172, MAIN STREET, WELIGAMA.",Matara,Weligama Pradeshiya Sabha,STANDARD,2,,,,,,official_tourism,Information for Accommodation.csv,surf dream house,Home Stay Units.xlsx | Information for Accommodation.csv
ACC001797,SURFING VILLA,Guest Houses,"WELHANGODA, AHANGAMA,",Galle,Habaraduwa,B,6,5.978203,,,,,official_tourism,Information for Accommodation.csv,surfing villa,Guest Houses.xlsx | Information for Accommodation.csv
ACC001798,SURIYA LUXURY RESORTS,Tourist Hotels,"KAMMALA,WAIKKAL.",Puttalam,Wennappuwa Pradeshiya Sabha,,56,7.300199,,,,,official_tourism,Information for Accommodation.csv,suriya luxury resorts,Information for Accommodation.csv | Tourist Hotels.xlsx
ACC001799,SUWANI PINNAWALA HOME STAY.,Home Stay Units,"PINNA LANDA WATTA,BATHABURAYA,RAMBUKKANA.",Kegalle,Rambukkana Pradeshiya Sabha,STANDARD,3,7.3007563,,,,,official_tourism,Information for Accommodation.csv,suwani pinnawala home stay,Home Stay Units.xlsx | Information for Accommodation.csv
ACC001800,SWEET LANKA NEGOMBO,Home Stay Units,"108/8 ST.JOSEPH MAWATHA,ETHULKOTTE,NEGOMBO",Gampaha,Negombo,DELUXE,2,7.2463852,,,,,official_tourism,Information for Accommodation.csv,sweet lanka negombo,Home Stay Units.xlsx | Information for Accommodation.csv
ACC001801,SYZYGY GARDEN,Guest Houses,"NO. 475, KURUNDANKULAMA ANURADHAPURA",Anuradhapura,Anuradhapura,B,7,8.346319,,,,,official_tourism,Information for Accommodation.csv,syzygy garden,Guest Houses.xlsx | Information for Accommodation.csv
ACC001802,TAJ SAMUDRA HOTEL,Classified Hotels( 1-5 Star),"NO. 25, GALLE FACE CENTER ROAD, COLOMBO 03",Colombo,Colombo,FIVE,291,6.922654,,,,,official_tourism,Information for Accommodation.csv,taj samudra hotel,Classified Hotels( 1-5 Star).xlsx | Information for Accommodation.csv
ACC001803,TALALLA RETREAT CENTRE,Tourist Hotels,"SAMPAYA HOUSE, TALALLA SOUTH, GANDARA.",Matara,Matara,,32,5.943955,,,,,official_tourism,Information for Accommodation.csv,talalla retreat centre,Information for Accommodation.csv | Tourist Hotels.xlsx
ACC001804,TALAWAKELA REST HOUSE,Tourist Hotels,"KOTMALE ROAD,TALAWAKELA",Nuwara Eliya,Talawa Pradeshiya Sabha,,10,6.941417,,,,,official_tourism,Information for Accommodation.csv,talawakela rest house,Information for Accommodation.csv | Tourist Hotels.xlsx
ACC001805,TAMARIND HILL HOTEL,Boutique Hotels,"NO.288,GALLE ROAD, DADELLA, GALLE",Galle,Galle Divisional Secretariat,,11,6.044845,,,,,official_tourism,Information for Accommodation.csv,tamarind hill hotel,Boutique Hotels.xlsx | Information for Accommodation.csv
ACC001806,TAMARIND LAKE,Tourist Hotels,"RAJA MAWATHA,KATHARAGAMA.",Moneragala,Katharagama,,32,,,,,,official_tourism,Information for Accommodation.csv,tamarind lake,Information for Accommodation.csv | Tourist Hotels.xlsx
ACC001807,TAMARIND,Bangalows,"1/104, RAHULA MAWATHA, DIGANA",Kandy,Kundasle,SUPERIOR,3,7.265486,,,,,official_tourism,Information for Accommodation.csv,tamarind,Bungalows.xlsx | Information for Accommodation.csv
ACC001808,TAMAYA B & B,Home Stay Units,"NO 56, S DE S JAYASINGHE MAWATHA, KOHUWALA",Colombo,Dehiwala-Mount Lavinia,STANDARD,5,,,,,,official_tourism,Information for Accommodation.csv,tamaya b b,Home Stay Units.xlsx | Information for Accommodation.csv
ACC001809,TAMMY'S HOME STAY,Home Stay Units,"43A, HAIG ROAD, COLOMBO 4",Colombo,Colombo,DELUXE,1,,,,,,official_tourism,Information for Accommodation.csv,tammy s home stay,Home Stay Units.xlsx | Information for Accommodation.csv
ACC001810,TANGALLE BAY HOTELS,Classified Hotels( 1-5 Star),"MAHAWELA ROAD,PALLIKKUDUWA,TANGALLE.",Hambantota,Tangalle Pradeshiya Sabha,TWO,28,6.01689,,,,,official_tourism,Information for Accommodation.csv,tangalle bay hotels,Classified Hotels( 1-5 Star).xlsx | Information for Accommodation.csv
ACC001811,TANGERINE BEACH HOTEL,Classified Hotels( 1-5 Star),"DR ABREW ROAD,WASKADUWA,KALUTHARA",Kalutara,Kalutara Pradeshiya Sabha,THREE,179,6.608101,,,,,official_tourism,Information for Accommodation.csv,tangerine beach hotel,Classified Hotels( 1-5 Star).xlsx | Information for Accommodation.csv
ACC001812,TANIYA NATURE RESORT,Guest Houses,"PUTTALAM ROAD,KALPITIYA",Puttalam,Kalpitiya Pradeshiya Sabha,A,14,8.217138,,,,,official_tourism,Information for Accommodation.csv,taniya nature resort,Guest Houses.xlsx | Information for Accommodation.csv
ACC001813,TAPPERS VILLAGE ESTATE BANGALOW,Bangalows,"JAYASUNDARAKELE, EPITAWALA WATTE, EPITAWALA, KIRIELLA",Ratnapura,Kuruwita Pradeshiya Sabha,DELUXE,4,6.743342,,,,,official_tourism,Information for Accommodation.csv,tappers village estate bangalow,Bungalows.xlsx | Information for Accommodation.csv
ACC001814,TAPROBANA RESORT WADDUWA,Tourist Hotels,"NO.354/16, RATHNAYAKE ROAD, THALPITIYA,WADDUWA.",Kalutara,Panadura Pradeshiya Sabha,,27,6.676126,,,,,official_tourism,Information for Accommodation.csv,taprobana resort wadduwa,Information for Accommodation.csv | Tourist Hotels.xlsx
ACC001815,TAPROSPA LABOOKELLIE VILLA,Guest Houses,"LABOOKELLIE ESTATE,LABOOKELLIE,NUWARAELIYA",Nuwara Eliya,Nuwara Eliya,A,5,7.024754,,,,,official_tourism,Information for Accommodation.csv,taprospa labookellie villa,Guest Houses.xlsx | Information for Accommodation.csv
ACC001816,"TAPROSPA ""TISSA""",Guest Houses,"NO.15,TISSAWEWA ROAD,TISSAMAHARAMA.",Hambantota,Thissamaharama,A,15,6.291296,,,,,official_tourism,Information for Accommodation.csv,taprospa tissa,Guest Houses.xlsx | Information for Accommodation.csv
ACC001817,TARTARUGA HOTEL,Guest Houses,"YADDEHIMULLA,UNAWATUNA,GALLE.",Galle,Habaraduwa,A,21,,,,,,official_tourism,Information for Accommodation.csv,tartaruga hotel,Guest Houses.xlsx | Information for Accommodation.csv
ACC001818,TARU VILLAS-RIVER COTTAGE,Bangalows,"111,BENTOTA CIRCULAR ROAD, BENTOTA 80500",Galle,Bentota Pradeshiya Sabha,DELUXE,2,6.418918,,,,,official_tourism,Information for Accommodation.csv,taru villas river cottage,Bungalows.xlsx | Information for Accommodation.csv
ACC001819,TASKANS VILLA,Bangalows,"30/17,CROCKTAIN MAWATHA, HEKITHTHA, WATTALA",Gampaha,Wattala Pradeshiya Sabha,DELUXE,5,,,,,,official_tourism,Information for Accommodation.csv,taskans villa,Bungalows.xlsx | Information for Accommodation.csv
ACC001820,TEA BUSH HOTEL,Guest Houses,"NO:29,HADDON HILL ROAD,NUWARA ELIYA",Nuwara Eliya,Nuwara Eliya,A,9,6.962004,,,,,official_tourism,Information for Accommodation.csv,tea bush hotel,Guest Houses.xlsx | Information for Accommodation.csv
ACC001821,TEA HILLS,Bangalows,"LYND HEAVEN , FRUIT HILL, HATTON",Nuwara Eliya,Nuwara Eliya,SUPERIOR,4,6.896988,,,,,official_tourism,Information for Accommodation.csv,tea hills,Bungalows.xlsx | Information for Accommodation.csv
ACC001822,TEARAMB HOLIDAY BUNGALOW,Bangalows,"38, KARAGASTHALAWA, KATUKITHULA",Nuwara Eliya,Wellawaya,SUPERIOR,4,7.074153,,,,,official_tourism,Information for Accommodation.csv,tearamb holiday bungalow,Bungalows.xlsx | Information for Accommodation.csv
ACC001823,TEMPLE TREE RESORT AND SPA,Classified Hotels( 1-5 Star),"NO:660,GALLE ROAD,INDURUWA",Galle,Bentota Pradeshiya Sabha,TWO,10,6.385751,,,,,official_tourism,Information for Accommodation.csv,temple tree resort and spa,Classified Hotels( 1-5 Star).xlsx | Information for Accommodation.csv
ACC001824,TERRACE GREEN HOTEL,Guest Houses,"11/A ST. JUDE MAWATHA,ETTUKALA,NEGOMBO",Gampaha,Negombo,A,10,7.23766,,,,,official_tourism,Information for Accommodation.csv,terrace green hotel,Guest Houses.xlsx | Information for Accommodation.csv
ACC001825,THAL SEWANA,Home Stay Units,"37/B, PIDURANGALA TEMPLE ROAD,SIGIRIYA,",Matale,Dambulla Pradeshiya Sabha,SUPERIOR,4,7.965655,,,,,official_tourism,Information for Accommodation.csv,thal sewana,Home Stay Units.xlsx | Information for Accommodation.csv
ACC001826,THALAGALA HOLIDAY INN,Guest Houses,"222/A,THALAGALAWATTA ROAD,KIRIWATTUDUWA.",Kalutara,Horana Pradeshiya Sabha,B,9,,,,,,official_tourism,Information for Accommodation.csv,thalagala holiday inn,Guest Houses.xlsx | Information for Accommodation.csv
ACC001827,THAMBAPANNI RETREAT,Guest Houses,"YADDEHIMULLA,UNAWATUNA,GALLE",Galle,Habaraduwa,A,18,6.011141,,,,,official_tourism,Information for Accommodation.csv,thambapanni retreat,Guest Houses.xlsx | Information for Accommodation.csv
ACC001828,THAMBARAVILA,Bangalows,"""THAMBARAVILA"",NO.44/5,5TH LANE,NAWALA ROAD,RAJAGIRIYA",Colombo,Kotte Muncipal Council,SUPERIOR,2,,,,,,official_tourism,Information for Accommodation.csv,thambaravila,Bungalows.xlsx | Information for Accommodation.csv
ACC001829,THAMBILI BEACH HOUSE,Bangalows,"400, GURU KANDA, DALAWELLA, UNAWATUNA, GALLE",Galle,Habaraduwa,DELUXE,4,,,,,,official_tourism,Information for Accommodation.csv,thambili beach house,Bungalows.xlsx | Information for Accommodation.csv
ACC001830,THAMPA TOURIST HOTEL & INN,Guest Houses,"10,1ST LANE,SINNAPUTHUKULAM,VAUNIYA",Vavuniya,Vavuniya,A,19,8.745916,,,,,official_tourism,Information for Accommodation.csv,thampa tourist hotel inn,Guest Houses.xlsx | Information for Accommodation.csv
ACC001831,THANU REST,Guest Houses,"UDAYA NAGAR WEST ,OFF KANDY ROAD,KILLINOCHCHI",Kilinochchi,,B,6,,,,,,official_tourism,Information for Accommodation.csv,thanu rest,Guest Houses.xlsx | Information for Accommodation.csv
ACC001832,THAPROBAN PAVILION RESORT & SPA,Tourist Hotels,"YADDEHIMULLA, UNAWATUNA.",Galle,Habaraduwa,,16,6.009533,,,,,official_tourism,Information for Accommodation.csv,thaproban pavilion resort spa,Information for Accommodation.csv | Tourist Hotels.xlsx
ACC001833,THAPROBAN ROOMS AND RESTAURANT,Guest Houses,"72,YADDEHIMULLA,UNAWATUNA",Galle,Galle,A,14,6.009545,,,,,official_tourism,Information for Accommodation.csv,thaproban rooms and restaurant,Guest Houses.xlsx | Information for Accommodation.csv
ACC001834,THARAKA SURF GUEST,Home Stay Units,"P.18,ARUGAMBAY POTTUVIL.",Ampara,Pottuvil,STANDARD,5,,,,,,official_tourism,Information for Accommodation.csv,tharaka surf guest,Home Stay Units.xlsx | Information for Accommodation.csv
ACC001835,THARANA GUEST HOUSE,Guest Houses,"NO.28,GANGASIRIWATTA,SIRIMALWATTA,GUNNEPANA",Kandy,Kandy,B,5,7.289313,,,,,official_tourism,Information for Accommodation.csv,tharana guest house,Guest Houses.xlsx | Information for Accommodation.csv
ACC001836,THAULLE RESORT,Tourist Hotels,"NO.35 MAHADEIRA,YODAKANDIYA,TISSAMAHARAMA",Hambantota,Thissamaharama,,28,6.263005,,,,,official_tourism,Information for Accommodation.csv,thaulle resort,Information for Accommodation.csv | Tourist Hotels.xlsx
ACC001837,THE ALBATROSS GOLFING & HOLIDAY RESORT,Guest Houses,"C/O VICTORIA GOLF& COUNTRY RESORT,P.O. BOX 07,RAJAWELLA",Kandy,Kandy,A,5,7.265746,,,,,official_tourism,Information for Accommodation.csv,the albatross golfing holiday resort,Guest Houses.xlsx | Information for Accommodation.csv
ACC001838,THE BEACH BOUTIQUE,Tourist Hotels,"NO.510/2,BIMPANDURA,PAMUNUGAMA.",Gampaha,Wattala Pradeshiya Sabha,,12,7.078365,,,,,official_tourism,Information for Accommodation.csv,the beach boutique,Information for Accommodation.csv | Tourist Hotels.xlsx
ACC001839,THE BEACH HOTEL,Guest Houses,"249/15, LEWIS PLACE, BEACH ROAD, NEGOMBO",Gampaha,Negombo,A,40,,,,,,official_tourism,Information for Accommodation.csv,the beach hotel,Guest Houses.xlsx | Information for Accommodation.csv
ACC001840,THE BEAUTY HILLS RESIDENCE,Home Stay Units,"NO.19\12, P.L.P ALWIS MAWATHA, KANDY.",Kandy,Kandy,SUPERIOR,4,,,,,,official_tourism,Information for Accommodation.csv,the beauty hills residence,Home Stay Units.xlsx | Information for Accommodation.csv
ACC001841,THE BELFRY GUEST HOUSE,Guest Houses,"NO. 13/4, POLKATUWA, GALLE ROAD, BERUWALA",Kalutara,Beruwala Pradeshiya Sabha,A,6,6.468166,,,,,official_tourism,Information for Accommodation.csv,the belfry guest house,Guest Houses.xlsx | Information for Accommodation.csv
ACC001842,THE BLISS,Bangalows,"18, WIJEYA ROAD, TUDELLA, JA ELA.",Gampaha,Gampaha,SUPERIOR,5,7.066622,,,,,official_tourism,Information for Accommodation.csv,the bliss,Bungalows.xlsx | Information for Accommodation.csv
ACC001843,THE BLUE BEACH EXOTICAA,Guest Houses,"NO 18,MEDA PATUMAGA,THALPITIYA.",Kalutara,Panadura Pradeshiya Sabha,A,12,,,,,,official_tourism,Information for Accommodation.csv,the blue beach exoticaa,Guest Houses.xlsx | Information for Accommodation.csv
ACC001844,THE BLUE MAGPIE,Guest Houses,"KUDAWA WEDDAGALA, KALAWANA",Ratnapura,Ratnapura,A,12,6.443468,,,,,official_tourism,Information for Accommodation.csv,the blue magpie,Guest Houses.xlsx | Information for Accommodation.csv
ACC001845,THE BLUE WATER,Classified Hotels( 1-5 Star),"THALPITIYA, WADDUWA",Kalutara,Kalutara Pradeshiya Sabha,FIVE,100,6.678167,,,,,official_tourism,Information for Accommodation.csv,the blue water,Classified Hotels( 1-5 Star).xlsx | Information for Accommodation.csv
ACC001846,THE BLUE WAVE HOTEL,Tourist Hotels,"THE BLUE WAVE HOTEL ROAD, ARUGAMBAY , POTTUVIL 05",Ampara,MC,,31,6.844021,,,,,official_tourism,Information for Accommodation.csv,the blue wave hotel,Information for Accommodation.csv | Tourist Hotels.xlsx
ACC001847,THE CALM RESORT AND SPA,Tourist Hotels,"NATIONAL HOLIDAY RESORT,PASSIKUDAH",Batticaloa,Batticaloa,,70,,,,,,official_tourism,Information for Accommodation.csv,the calm resort and spa,Information for Accommodation.csv | Tourist Hotels.xlsx
ACC001848,THE CASTLE OF KANDY,Home Stay Units,"NO:147/22, DHARMASHOKA MW, LEWELLA, KANDY",Kandy,Kandy,DELUXE,4,7.301356,,,,,official_tourism,Information for Accommodation.csv,the castle of kandy,Home Stay Units.xlsx | Information for Accommodation.csv
ACC001849,THE CITY HIDEOUT,Home Stay Units,"NO 475/19, LAKE CRESCENT, RAJAGIRIYA",Colombo,Kotte Muncipal Council,STANDARD,5,6.909424,,,,,official_tourism,Information for Accommodation.csv,the city hideout,Home Stay Units.xlsx | Information for Accommodation.csv
ACC001850,THE COVANRO,Tourist Hotels,"NO.353.AIRPORT ROAD,NAIWALA,VEYANGODA.",Gampaha,Minuwangoda Pradeshiya Sabha,,39,7.158602,,,,,official_tourism,Information for Accommodation.csv,the covanro,Information for Accommodation.csv | Tourist Hotels.xlsx
ACC001851,THE COVE PASSIKUDAH,Bangalows,"NASSIVANTHWU, OFF WALACHCHENAI",Batticaloa,Batticaloa,DELUXE,4,7.934389,,,,,official_tourism,Information for Accommodation.csv,the cove passikudah,Bungalows.xlsx | Information for Accommodation.csv
ACC001852,THE COVE,Bangalows,193 PORUTOTA ROAD KOCHCHIKADE,Gampaha,Negombo,DELUXE,3,7.250783,,,,,official_tourism,Information for Accommodation.csv,the cove,Bungalows.xlsx | Information for Accommodation.csv
ACC001853,THE DANISH VILLA,Guest Houses,"SINNA ULLAI,ARUGAMBAY",Ampara,Ampara,B,7,6.845058,,,,,official_tourism,Information for Accommodation.csv,the danish villa,Guest Houses.xlsx | Information for Accommodation.csv
ACC001854,THE DEER PARK HOTEL,Classified Hotels( 1-5 Star),"GIRITALE, POLONNARUWA",Polonnaruwa,Polonnaruwa,FOUR,85,7.989152,,,,,official_tourism,Information for Accommodation.csv,the deer park hotel,Classified Hotels( 1-5 Star).xlsx | Information for Accommodation.csv
ACC001855,THE ELEPHANT CORRIDOR,Boutique Hotels,"POTHANA,KIBISSA, SIGIRIYA",Matale,,,21,7.943525,,,,,official_tourism,Information for Accommodation.csv,the elephant corridor,Boutique Hotels.xlsx | Information for Accommodation.csv
ACC001856,THE FERN COVE VILLA,Bangalows,"465/4,LAKE ROAD,AKUREGODA,BATTARAMULLA.",Colombo,Kaduwela Pradeshiya Sabha,DELUXE,5,,,,,,official_tourism,Information for Accommodation.csv,the fern cove villa,Bungalows.xlsx | Information for Accommodation.csv
ACC001857,THE FERN COVE,Bangalows,"270/4, MEEPILIMANA, NUWARAELIYA",Nuwara Eliya,Nuwara Eliya,SUPERIOR,4,,,,,,official_tourism,Information for Accommodation.csv,the fern cove,Bungalows.xlsx | Information for Accommodation.csv
ACC001858,THE FICUS GROVE,Bangalows,"ANURADHAPURA ROAD,HABARANA",Anuradhapura,Pathahewaheta,DELUXE,5,8.044281,,,,,official_tourism,Information for Accommodation.csv,the ficus grove,Bungalows.xlsx | Information for Accommodation.csv
ACC001859,THE FORT BAZAAR,Boutique Hotels,"26, CHURCH STREET, GALLE FORT, GALLE",Galle,Galle Divisional Secretariat,,18,6.026844,,,,,official_tourism,Information for Accommodation.csv,the fort bazaar,Boutique Hotels.xlsx | Information for Accommodation.csv
ACC001860,THE FORTRESS,Boutique Hotels,KOGGALA,Galle,Galle Divisional Secretariat,,49,5.986535,,,,,official_tourism,Information for Accommodation.csv,the fortress,Boutique Hotels.xlsx | Information for Accommodation.csv
ACC001861,THE FRANGIPANI TREE,Guest Houses,"NO.812, MATARA ROAD, MIHIRIPENNA, THALPE.",Galle,Habaraduwa,A,9,,,,,,official_tourism,Information for Accommodation.csv,the frangipani tree,Guest Houses.xlsx | Information for Accommodation.csv
ACC001862,THE GATEWAY HOTEL AIRPORT GARDEN COLOMBO,Tourist Hotels,"234/238, COLOMBO-NEGOMBO ROAD, SEEDUWA",Gampaha,Negombo,,309,7.143205,,,,,official_tourism,Information for Accommodation.csv,the gateway hotel airport garden colombo,Information for Accommodation.csv | Tourist Hotels.xlsx
ACC001863,THE GLENROCK,Guest Houses,"ULUGALATENNA, IHALAGALAGAMA, BELIHULOYA.",Ratnapura,Ratnapura,A,3,,,,,,official_tourism,Information for Accommodation.csv,the glenrock,Guest Houses.xlsx | Information for Accommodation.csv
ACC001864,THE GOLDEN CROWN HOTEL,Classified Hotels( 1-5 Star),"322,UDAGAMA,AMPITIYA",Kandy,Gagawata Koralya,THREE,63,7.277162,,,,,official_tourism,Information for Accommodation.csv,the golden crown hotel,Classified Hotels( 1-5 Star).xlsx | Information for Accommodation.csv
ACC001865,THE GRAND KANDYAN,Classified Hotels( 1-5 Star),"89/10,LADY GORDONS DRIVE, KANDY",Kandy,Kandy,FIVE,100,7.3024019,,,,,official_tourism,Information for Accommodation.csv,the grand kandyan,Classified Hotels( 1-5 Star).xlsx | Information for Accommodation.csv
ACC001866,THE GRAND MOUNTAIN HOTEL,Tourist Hotels,"73/1,ROHANA DISSANAYAKE MAWATHA,MC ROAD,MATALE.",Matale,Matale,,86,,,,,,official_tourism,Information for Accommodation.csv,the grand mountain hotel,Information for Accommodation.csv | Tourist Hotels.xlsx
ACC001867,THE GREEN VIEW,Home Stay Units,"72/25, 2ND LANE, DAMUNUPOLA GARDENS, KANDY",Kandy,Kandy,STANDARD,2,,,,,,official_tourism,Information for Accommodation.csv,the green view,Home Stay Units.xlsx | Information for Accommodation.csv
ACC001868,THE GREENDALE-WATAWALA,Bangalows,"63RD MILE POST, WATAWALA TEA ESTATE, AVISSAWELLA-HATTON RD, WATAWALA.",Nuwara Eliya,Ambagamuwa Pradeshiya Sabha,STANDARD,3,6.934554,,,,,official_tourism,Information for Accommodation.csv,the greendale watawala,Bungalows.xlsx | Information for Accommodation.csv
ACC001869,THE HABITAT,Boutique Hotels,"47/23,PARATHARAKAYA CIRCULATION ROAD, KOSGODA",Galle,Balapitiya Divisional Secretariat,,28,6.3405694,,,,,official_tourism,Information for Accommodation.csv,the habitat,Boutique Hotels.xlsx | Information for Accommodation.csv
ACC001870,THE HAVELOCK PLACE BUNGLOW,Guest Houses,"NO 6 & 8,HAVELOCK PLACE,COLOMBO 05",Colombo,Colombo,A,7,6.885259,,,,,official_tourism,Information for Accommodation.csv,the havelock place bunglow,Guest Houses.xlsx | Information for Accommodation.csv
ACC001871,THE HIDEOUT SIGIRIYA HOLIDAY RESORT,Guest Houses,"PALUTAWA ROAD,RANGIRIGAMA,KIMBISSA",Matale,Dambulla Pradeshiya Sabha,A,9,7.934016,,,,,official_tourism,Information for Accommodation.csv,the hideout sigiriya holiday resort,Guest Houses.xlsx | Information for Accommodation.csv
ACC001872,THE ICEBEAR GUEST HOUSE,Guest Houses,"95,LEWIS PLACE, NEGOMBO",Gampaha,Negombo,C,8,7.224388,,,,,official_tourism,Information for Accommodation.csv,the icebear guest house,Guest Houses.xlsx | Information for Accommodation.csv
ACC001873,THE KANDY HOUSE,Boutique Villas,"AMUNUGAMA WALAWWA GUNNAPANA, KANDY",Kandy,Kandy,,10,7.282111,,,,,official_tourism,Information for Accommodation.csv,the kandy house,Boutique Villas.xlsx | Information for Accommodation.csv
ACC001874,THE KANDYAN VILLA,Bangalows,"532/30, HEERASSAGALA ROAD, HEERASSAGALA, KANDY",Kandy,Gagawata Koralya,DELUXE,3,7.266516,,,,,official_tourism,Information for Accommodation.csv,the kandyan villa,Bungalows.xlsx | Information for Accommodation.csv
ACC001875,THE KINGSBURY,Classified Hotels( 1-5 Star),"NO 48, JANADHIPATHI MAWATHA, COLOMBO 01",Colombo,Colombo,FIVE,229,6.933232,,,,,official_tourism,Information for Accommodation.csv,the kingsbury,Classified Hotels( 1-5 Star).xlsx | Information for Accommodation.csv
ACC001876,THE LAKESIDE AT NUWARAWEWA,Classified Hotels( 1-5 Star),"NEW TOWN,ANURADHAPURA",Anuradhapura,Anuradhapura,TWO,70,8.337355,,,,,official_tourism,Information for Accommodation.csv,the lakeside at nuwarawewa,Classified Hotels( 1-5 Star).xlsx | Information for Accommodation.csv
ACC001877,THE LAKE,Tourist Hotels,"NEW TOWN, POLONNNARUWA.",Polonnaruwa,Polonnaruwa,,40,7.924354,,,,,official_tourism,Information for Accommodation.csv,the lake,Information for Accommodation.csv | Tourist Hotels.xlsx
ACC001878,THE LAVENDER HOUSE,Guest Houses,"HELABODA ESTATE,KATUKITHULA,PUSSALLAWA",Nuwara Eliya,Nuwara Eliya,A,5,,,,,,official_tourism,Information for Accommodation.csv,the lavender house,Guest Houses.xlsx | Information for Accommodation.csv
ACC001879,THE LIVING ROOM BY RAN,Home Stay Units,"455\4, WARAGODA ESTATE, KELANIYA",Gampaha,Kelaniya Pradeshiya Sabha,DELUXE,1,,,,,,official_tourism,Information for Accommodation.csv,the living room by ran,Home Stay Units.xlsx | Information for Accommodation.csv
ACC001880,THE LONG BEACH RESORT & SPA,Tourist Hotels,"KOGGALA,HABARADUWA,SRI LANKA.",Galle,Habaraduwa,,194,5.990802,,,,,official_tourism,Information for Accommodation.csv,the long beach resort spa,Information for Accommodation.csv | Tourist Hotels.xlsx
ACC001881,THE LOVER STAY,Home Stay Units,"AMBAGAHAWATTA,MEDAPATHANA,KITHAL-ELLA,ELLA",Badulla,Ella Pradeshiya Sabha,STANDARD,3,6.870241,,,,,official_tourism,Information for Accommodation.csv,the lover stay,Home Stay Units.xlsx | Information for Accommodation.csv
ACC001882,THE M G S HOTEL,Guest Houses,"NO:283/A2,PUBUDU MAWATHA, ELPITIYA",Galle,Galle,A,6,6.286796,,,,,official_tourism,Information for Accommodation.csv,the m g s hotel,Guest Houses.xlsx | Information for Accommodation.csv
ACC001883,THE MEET,Home Stay Units,"ZONE 7, LOT 21 - K, MILLENNIUM CITY, ORUWALA, ATHURUGIRIYA.",Colombo,Colombo,STANDARD,2,,,,,,official_tourism,Information for Accommodation.csv,the meet,Home Stay Units.xlsx | Information for Accommodation.csv
ACC001884,THE MIST,Home Stay Units,"NO.79/53 B,DODANWALA PASSAGE,KANDY.",Kandy,Kandy,SUPERIOR,1,,,,,,official_tourism,Information for Accommodation.csv,the mist,Home Stay Units.xlsx | Information for Accommodation.csv
ACC001885,THE MOUNTAIN HEAVENS,Guest Houses,"KITHAL ELLA, ELLA",Badulla,Ella Pradeshiya Sabha,A,9,6.871162,,,,,official_tourism,Information for Accommodation.csv,the mountain heavens,Guest Houses.xlsx | Information for Accommodation.csv
ACC001886,THE NATURE RESORT HOTEL,Tourist Hotels,"MEDILLA,TANGALLE",Hambantota,Tangalle Pradeshiya Sabha,,14,,,,,,official_tourism,Information for Accommodation.csv,the nature resort hotel,Information for Accommodation.csv | Tourist Hotels.xlsx
ACC001887,THE NATURE'S RESORT,Guest Houses,"NO. 80, PAHALA MABULA, MAWALGAMA ROAD, WAGA",Colombo,Colombo,A,8,6.908823,,,,,official_tourism,Information for Accommodation.csv,the nature s resort,Guest Houses.xlsx | Information for Accommodation.csv
ACC001888,THE NATURE TRAILS.,Guest Houses,"NO.144 B,MATARA ROAD,UNAWATUNA.",Galle,Habaraduwa,A,7,6.018463,,,,,official_tourism,Information for Accommodation.csv,the nature trails,Guest Houses.xlsx | Information for Accommodation.csv
ACC001889,THE NEW LAND GUEST,Bangalows,"283,MAIN ROAD,KALKUDAH.",Batticaloa,Koralai Pattu,STANDARD,8,7.897904,,,,,official_tourism,Information for Accommodation.csv,the new land guest,Bungalows.xlsx | Information for Accommodation.csv
ACC001890,THE NUMBER 8 APARTMENTS,Rented Apartments,"NO:08, BEACH ROAD, MOUNT LAVINIA",Colombo,Dehiwala-Mount Lavinia,STANDARD,4,6.842628,,,,,official_tourism,Information for Accommodation.csv,the number 8 apartments,Information for Accommodation.csv | Rented Apartments.xlsx
ACC001891,THE OASIS HOTEL,Classified Hotels( 1-5 Star),"SISILASGAMA, HAMBANTOTA.",Hambantota,Hambantota,THREE,50,6.122001,,,,,official_tourism,Information for Accommodation.csv,the oasis hotel,Classified Hotels( 1-5 Star).xlsx | Information for Accommodation.csv
ACC001892,THE OCEAN COLOMBO,Classified Hotels( 1-5 Star),"NO-40, MELBOURNE AVENUE, COLOMBO 04.",Colombo,Colombo,ONE,49,6.8853104,,,,,official_tourism,Information for Accommodation.csv,the ocean colombo,Classified Hotels( 1-5 Star).xlsx | Information for Accommodation.csv
ACC001893,THE OCEAN FRONT,Bangalows,"14, SELLAMUTTU AVENUE, COLOMBO 3",Colombo,Colombo,DELUXE,6,6.908351,,,,,official_tourism,Information for Accommodation.csv,the ocean front,Bungalows.xlsx | Information for Accommodation.csv
ACC001894,THE OCEAN PEARL HOTEL NEGOMBO.,Guest Houses,"NO:262,PORUTHOTA ROAD,PALAGETHURE,KOCHCHIKADE.",Gampaha,Negombo,C,12,7.254093,,,,,official_tourism,Information for Accommodation.csv,the ocean pearl hotel negombo,Guest Houses.xlsx | Information for Accommodation.csv
ACC001895,THE ONE STAR HOME STAY,Home Stay Units,"ETHIMALE GEDARA,KITHAL-ELLA,ELLA",Badulla,Ella Pradeshiya Sabha,STANDARD,1,6.870513,,,,,official_tourism,Information for Accommodation.csv,the one star home stay,Home Stay Units.xlsx | Information for Accommodation.csv
ACC001896,THE OTHER CORNER,Guest Houses,"LAKSIRIGAMA, PALIGASWEWA, HABARANA",Anuradhapura,Anuradhapura,A,9,8.038626,,,,,official_tourism,Information for Accommodation.csv,the other corner,Guest Houses.xlsx | Information for Accommodation.csv
ACC001897,THE PALMS,Classified Hotels( 1-5 Star),"N-91, 6TH LANE, MORAGALLA, BERUWALA",Kalutara,Beruwala Pradeshiya Sabha,THREE,100,6.449641,,,,,official_tourism,Information for Accommodation.csv,the palms,Classified Hotels( 1-5 Star).xlsx | Information for Accommodation.csv
ACC001898,THE PEARL GUEST HOUSE,Guest Houses,"NO13,PORUTOTA ROAD,ETHTHUKALA,NEGAMBO.",Gampaha,Negombo,B,6,7.159232,,,,,official_tourism,Information for Accommodation.csv,the pearl guest house,Guest Houses.xlsx | Information for Accommodation.csv
ACC001899,THE PENTHOUSE ABOVE SEA,Home Stay Units,"16/3, MARINE CITY, 46, STATION ROAD, DEHIWALA",Colombo,Dehiwala-Mount Lavinia,DELUXE,4,,,,,,official_tourism,Information for Accommodation.csv,the penthouse above sea,Home Stay Units.xlsx | Information for Accommodation.csv
ACC001900,THE PIER,Bangalows,"NO 113/8B ,DUWAWATTA, ST PETER'S ROAD, KORALAWELLA. MORATUWA.",Colombo,Moratuwa,DELUXE,4,6.773335,,,,,official_tourism,Information for Accommodation.csv,the pier,Bungalows.xlsx | Information for Accommodation.csv
ACC001901,THE PRIVACY ECO LODGE,Bangalows,"394, AKURALA, KAHAWA",Galle,Hikkaduwa,STANDARD,3,,,,,,official_tourism,Information for Accommodation.csv,the privacy eco lodge,Bungalows.xlsx | Information for Accommodation.csv
ACC001902,THE PRIVILEGE,Tourist Hotels,"260,SAMANTHARA ROAD,MOLLIGODA,WADDUWA.",Kalutara,Panadura Pradeshiya Sabha,,25,6.653508,,,,,official_tourism,Information for Accommodation.csv,the privilege,Information for Accommodation.csv | Tourist Hotels.xlsx
ACC001903,THE RAIN TREE HOTEL,Tourist Hotels,"DEBARAWEWA ESTATE, SANDUNGAMA ROAD, TISSAMAHARAMA",Hambantota,Hambantota,,22,6.2852469,,,,,official_tourism,Information for Accommodation.csv,the rain tree hotel,Information for Accommodation.csv | Tourist Hotels.xlsx
ACC001904,THE RAINFOREST,Tourist Hotels,"ENSELWATTE ESTATE, DENIYAYA.",Matara,Kotapola Pradeshiya Sabha,,16,6.389513,,,,,official_tourism,Information for Accommodation.csv,the rainforest,Information for Accommodation.csv | Tourist Hotels.xlsx
ACC001905,THE RANMIN BUNGALOW,Bangalows,"NO.9, TUDUWA, DAMPE, PILIYANDALA.",Colombo,Colombo,SUPERIOR,3,6.766099,,,,,official_tourism,Information for Accommodation.csv,the ranmin bungalow,Bungalows.xlsx | Information for Accommodation.csv
ACC001906,THE RANMIN LODGE,Bangalows,"""THE RUNMIN LODGE"",NO.12,GLENFALL LANE,NUWARA ELIYA",Nuwara Eliya,Nuwara Eliya,SUPERIOR,7,,,,,,official_tourism,Information for Accommodation.csv,the ranmin lodge,Bungalows.xlsx | Information for Accommodation.csv
ACC001907,THE RESIDENCE ON CHITRA,Rented Apartments,"35, CHITRA LANE, COLOMBO 5",Colombo,Colombo,STANDARD,4,,,,,,official_tourism,Information for Accommodation.csv,the residence on chitra,Information for Accommodation.csv | Rented Apartments.xlsx
ACC001908,THE RESIDENCE,Rented Apartments,"NO.471 4/1,GALLE ROAD,COLOMBO 03",Colombo,Colombo,DELUXE,5,,,,,,official_tourism,Information for Accommodation.csv,the residence,Information for Accommodation.csv | Rented Apartments.xlsx
ACC001909,THE RIVER HOUSE,Boutique Villas,"NO.70, UTTAMAGHNA MAWATHA,WALAGEDERA, BALAPITIYA",Galle,Galle,,5,6.260578,,,,,official_tourism,Information for Accommodation.csv,the river house,Boutique Villas.xlsx | Information for Accommodation.csv
ACC001910,THE ROCK,Tourist Hotels,"60,UNIQUE VIEW RD,NUWARAELIYA",Nuwara Eliya,Nuwara Eliya,,10,6.963454,,,,,official_tourism,Information for Accommodation.csv,the rock,Information for Accommodation.csv | Tourist Hotels.xlsx
ACC001911,THE SAFARI,Tourist Hotels,TISSAMAHARAMA,Hambantota,Thissamaharama,,57,6.287747,,,,,official_tourism,Information for Accommodation.csv,the safari,Information for Accommodation.csv | Tourist Hotels.xlsx
ACC001912,THE SAFFRON HOUSE,Bangalows,"WETAKEIYAGAHAHENA, PEHEMBIYA, DICKWELLA.",Matara,Dickwella,DELUXE,4,5.959839,,,,,official_tourism,Information for Accommodation.csv,the saffron house,Bungalows.xlsx | Information for Accommodation.csv
ACC001913,THE SANCTUARY AT TISSAWEWA,Classified Hotels( 1-5 Star),"OLD TOWN,ANURADHAPURA",Anuradhapura,Anuradhapura,TWO,22,8.3423584,,,,,official_tourism,Information for Accommodation.csv,the sanctuary at tissawewa,Classified Hotels( 1-5 Star).xlsx | Information for Accommodation.csv
ACC001914,THE SANCTUARY BOUTIQUE BUNGALOW,Bangalows,"NO 29 ""DUMIDU SEVANA"", DEVI ROAD, WATAPULUWA, KANDY.",Kandy,Kandy,DELUXE,4,,,,,,official_tourism,Information for Accommodation.csv,the sanctuary boutique bungalow,Bungalows.xlsx | Information for Accommodation.csv
ACC001915,THE SENARO HOLIDAY INN,Guest Houses,"POLA PARA, 22 JUNCTION, JAYANTHIPURA, POLONNARUWA.",Polonnaruwa,Hingurakgoda Pradeshiya Sabha,A,10,7.985676,,,,,official_tourism,Information for Accommodation.csv,the senaro holiday inn,Guest Houses.xlsx | Information for Accommodation.csv
ACC001916,THE SHADY NOOK - DIGANA,Bangalows,"1/149, VICTORIA RANGE, KENGALLA",Kandy,Kundasle,SUPERIOR,4,7.288235,,,,,official_tourism,Information for Accommodation.csv,the shady nook digana,Bungalows.xlsx | Information for Accommodation.csv
ACC001917,THE SPICE TRAIL,Guest Houses,"69TH, MILE POST, ARUGAMBAY, POTTUWIL",Ampara,Pottuvil,B,5,6.848832,,,,,official_tourism,Information for Accommodation.csv,the spice trail,Guest Houses.xlsx | Information for Accommodation.csv
ACC001918,THE STEUART BY CITRUS,Tourist Hotels,"NO-45,JANADHIPATHI MAWATHA,COLOMBO-01",Colombo,Colombo,,50,6.934335,,,,,official_tourism,Information for Accommodation.csv,the steuart by citrus,Information for Accommodation.csv | Tourist Hotels.xlsx
ACC001919,THE STREAM,Bangalows,"PAHIYAN VALLEY,NIGGAHA,BULATHSINHALA.",Kalutara,Bulathsinhala Pradeshiya Sabha,DELUXE,3,,,,,,official_tourism,Information for Accommodation.csv,the stream,Bungalows.xlsx | Information for Accommodation.csv
ACC001920,THE SUN HOUSE,Boutique Villas,"NO.18, UPPER DICKSON ROAD, GALLE",Galle,Galle,,6,6.038032,,,,,official_tourism,Information for Accommodation.csv,the sun house,Boutique Villas.xlsx | Information for Accommodation.csv
ACC001921,THE SURF,Classified Hotels( 1-5 Star),THE SURF BENTOTA.,Galle,Bentota Pradeshiya Sabha,TWO,86,6.420273,,,,,official_tourism,Information for Accommodation.csv,the surf,Classified Hotels( 1-5 Star).xlsx | Information for Accommodation.csv
ACC001922,THE SWISS RESIDENCE,Tourist Hotels,"NO:23,BAHIRAWAKANDA,KANDY",Kandy,Kandy,,40,7.297024,,,,,official_tourism,Information for Accommodation.csv,the swiss residence,Information for Accommodation.csv | Tourist Hotels.xlsx
ACC001923,THE TALDUWA MANOR,Guest Houses,"MALWATTE LEISURE RESORTS, TALDUWA ESTATE, IRRACHT DIIVISION, HATTON ROAD, DEHIOWITA",Kegalle,Dehiowita Pradeshiya Sabha,B,12,6.974722,,,,,official_tourism,Information for Accommodation.csv,the talduwa manor,Guest Houses.xlsx | Information for Accommodation.csv
ACC001924,THE TAMARIND TREE,Tourist Hotels,"NO 1, ADIAMBALAMA ESTATE, YATIYANA, MINUWANGODA.",Gampaha,Katunayake-Seeduwa,,57,7.182871,,,,,official_tourism,Information for Accommodation.csv,the tamarind tree,Information for Accommodation.csv | Tourist Hotels.xlsx
ACC001925,THE TEAK SHADE,Bangalows,"NO 200/19 MEEWALADENIYA, HANDESSA,GELI OYA, KANDY",Kandy,Kandy,DELUXE,2,,,,,,official_tourism,Information for Accommodation.csv,the teak shade,Bungalows.xlsx | Information for Accommodation.csv
ACC001926,THE THEVA RESIDENCY,Boutique Hotels,"11/B5/10-1 06TH LANE, HANTANA,KANDY",Kandy,Kandy Divisional Secretariat,,10,7.276036,,,,,official_tourism,Information for Accommodation.csv,the theva residency,Boutique Hotels.xlsx | Information for Accommodation.csv
ACC001927,THE THINNAI,Tourist Hotels,"NO 86, PALALY ROAD,,THINNAVELI,,JAFFNA",Jaffna,Nallur Pradeshiya Sabha,,58,9.6871291,,,,,official_tourism,Information for Accommodation.csv,the thinnai,Information for Accommodation.csv | Tourist Hotels.xlsx
ACC001928,THE TOURMALINE,Tourist Hotels,"ANNIEWATTE, KANDY",Kandy,Kandy,,24,7.291288,,,,,official_tourism,Information for Accommodation.csv,the tourmaline,Information for Accommodation.csv | Tourist Hotels.xlsx
ACC001929,THE VIEWS,Home Stay Units,"72/31, A.B DAMUNUPOLA MAWATHA, KANDY",Kandy,Kandy,DELUXE,2,7.2930855,,,,,official_tourism,Information for Accommodation.csv,the views,Home Stay Units.xlsx | Information for Accommodation.csv
ACC001930,THE VIEW,Home Stay Units,"LOT NO- 27, GLENLOCH ESTATE, KATUKITULA",Nuwara Eliya,Pundaluoya,DELUXE,2,,,,,,official_tourism,Information for Accommodation.csv,the view,Home Stay Units.xlsx | Information for Accommodation.csv
ACC001931,THE VILLA BALAPITIYA BEACH,Home Stay Units,"""THE VILLA BALAPITIYA BEACH"",NO.517,GALLE ROAD,WALAGEDARA,BALAPITIYA",Galle,Galle,SUPERIOR,2,6.257703,,,,,official_tourism,Information for Accommodation.csv,the villa balapitiya beach,Home Stay Units.xlsx | Information for Accommodation.csv
ACC001932,THE VILLA DREAM HOLIDAYS,Guest Houses,"NO 121,GIRIULLA ROAD,KANDAWALA,KATANA",Gampaha,Katana Pradeshiya Sabha,A,11,7.243119,,,,,official_tourism,Information for Accommodation.csv,the villa dream holidays,Guest Houses.xlsx | Information for Accommodation.csv
ACC001933,THE VILLA HOTEL,Guest Houses,"YADDHEMULLA,UNAWATUNA",Galle,Habaraduwa,A,6,,,,,,official_tourism,Information for Accommodation.csv,the villa hotel,Guest Houses.xlsx | Information for Accommodation.csv
ACC001934,THE VILLAGE,Classified Hotels( 1-5 Star),NATIONAL HOLIDAY RESORT POLONNNARUWA.,Polonnaruwa,Polonnaruwa,ONE,36,7.924764,,,,,official_tourism,Information for Accommodation.csv,the village,Classified Hotels( 1-5 Star).xlsx | Information for Accommodation.csv
ACC001935,THE VILLAS,Tourist Hotels,"352/4,RATHNAYAKA ROAD,THALPITIYA SOUTH,WADDUWA,,",Kalutara,Panadura Pradeshiya Sabha,,32,6.670724,,,,,official_tourism,Information for Accommodation.csv,the villas,Information for Accommodation.csv | Tourist Hotels.xlsx
ACC001936,THE VILLA,Bangalows,"NO.49/37, NAGAHAMULLA ROAD, PELAWATTE, BATTARAMULLA.",Colombo,Colombo,DELUXE,4,,,,,,official_tourism,Information for Accommodation.csv,the villa,Bungalows.xlsx | Information for Accommodation.csv
ACC001937,THE WALAWWA,Boutique Hotels,"MINUWANGODA ROAD,OPATHA,KOTUGODA.",Gampaha,Minuwangoda Divisional Secretariat,,17,7.131981,,,,,official_tourism,Information for Accommodation.csv,the walawwa,Boutique Hotels.xlsx | Information for Accommodation.csv
ACC001938,THE WHITE NEST,Home Stay Units,"48A,HOTEL ROAD,MOUNT LAVINIA",Colombo,Dehiwala-Mount Lavinia,SUPERIOR,3,6.8340033,,,,,official_tourism,Information for Accommodation.csv,the white nest,Home Stay Units.xlsx | Information for Accommodation.csv
ACC001939,THE WIND,Bangalows,"16.B, ANDIYAMBALAMA",Gampaha,Gampaha,STANDARD,1,,,,,,official_tourism,Information for Accommodation.csv,the wind,Bungalows.xlsx | Information for Accommodation.csv
ACC001940,THEJAN BEACH CABANAS,Guest Houses,"GALLE ROAD, YALEGAHA, INDURUWA",Galle,Bentota Pradeshiya Sabha,A,5,6.381882,,,,,official_tourism,Information for Accommodation.csv,thejan beach cabanas,Guest Houses.xlsx | Information for Accommodation.csv
ACC001941,THEVNI RECEPTION HALL AND HOLIDAY RESORT,Guest Houses,"216,ARAKWILA,BOPE,PADUKKA",Kalutara,Kalutara Pradeshiya Sabha,A,15,6.817573,,,,,official_tourism,Information for Accommodation.csv,thevni reception hall and holiday resort,Guest Houses.xlsx | Information for Accommodation.csv
ACC001942,THIAGI INN,Home Stay Units,"20/B, ATAPATTU ROAD, DEHIWALA",Colombo,Dehiwala-Mount Lavinia,SUPERIOR,1,6.830118,,,,,official_tourism,Information for Accommodation.csv,thiagi inn,Home Stay Units.xlsx | Information for Accommodation.csv
ACC001943,THIDAS ARANA HOTEL,Tourist Hotels,"23RD,MILE POST,BANDIWEWA,POLONNARUWA",Polonnaruwa,Thamankaduwa Pradeshiya Sabha,,11,7.9519377,,,,,official_tourism,Information for Accommodation.csv,thidas arana hotel,Information for Accommodation.csv | Tourist Hotels.xlsx
ACC001944,THILANKA RESORTS & SPA,Tourist Hotels,"NO.51,GODAWALAYAYA,MORAGOLLA,DAMBULLA.",Matale,Dambulla Pradeshiya Sabha,,12,7.8221483,,,,,official_tourism,Information for Accommodation.csv,thilanka resorts spa,Information for Accommodation.csv | Tourist Hotels.xlsx
ACC001945,THILINA REST HOUSE,Guest Houses,"WADAKADA,NARAMMALA ROAD,KAIKOLE,POLGAHAWELA",Kurunegala,Kurunegala,B,7,,,,,,official_tourism,Information for Accommodation.csv,thilina rest house,Guest Houses.xlsx | Information for Accommodation.csv
ACC001946,THINAKKURAL REST,Guest Houses,"45,CHETTY STREET LANE,NALLUR,JAFFNA",Jaffna,Jaffna,B,12,9.670557,,,,,official_tourism,Information for Accommodation.csv,thinakkural rest,Guest Houses.xlsx | Information for Accommodation.csv
ACC001947,THIRASARA HOLIDAY RESORT,Bangalows,"NO.279, MAHASENPURA, TISSAMAHARAMAYA.",Hambantota,Thissamaharama,SUPERIOR,5,6.297342,,,,,official_tourism,Information for Accommodation.csv,thirasara holiday resort,Bungalows.xlsx | Information for Accommodation.csv
ACC001948,THISARA HOLIDAY BUNGALOW,Home Stay Units,"83, CONTINENTAL RESIDENSIES, ADNEWS ROAD, PERIYAMULLA,NEGOMBO.",Gampaha,Negombo,SUPERIOR,4,7.2239927,,,,,official_tourism,Information for Accommodation.csv,thisara holiday bungalow,Bungalows.xlsx | Home Stay Units.xlsx | Information for Accommodation.csv
ACC001949,THOMPUKANDAM VILLAGE RESORT,Tourist Hotels,"NO 72,ADDAPALAM,NINTHAVUR.",Ampara,Ampara,,10,7.3213613,,,,,official_tourism,Information for Accommodation.csv,thompukandam village resort,Information for Accommodation.csv | Tourist Hotels.xlsx
ACC001950,THOTALAGALA PLANTERS LODGE,Guest Houses,"THOTALAGALA,DAMBATENNE ROAD,HAPUTALE.",Badulla,Haputale,A,7,,,,,,official_tourism,Information for Accommodation.csv,thotalagala planters lodge,Guest Houses.xlsx | Information for Accommodation.csv
ACC001951,THOTUPOLA RESIDENCE,Home Stay Units,"NO 162/1, HALLOLUWA, KANDY",Kandy,Harispattuwa Pradeshiya Sabha,DELUXE,4,7.2906944,,,,,official_tourism,Information for Accommodation.csv,thotupola residence,Home Stay Units.xlsx | Information for Accommodation.csv
ACC001952,THOTUPOLA WILD HOLIDAYS,Guest Houses,"NO 70, DELTHARA, PILIYANDALA",Colombo,Kesbewa,A,11,6.803543,,,,,official_tourism,Information for Accommodation.csv,thotupola wild holidays,Guest Houses.xlsx | Information for Accommodation.csv
ACC001953,THUDUWA CAMP,Guest Houses,"SAMAGIPURA,KIRIIBBANWEWA,SEWANAGALA",Moneragala,Thanamalwila Pradeshiya Sabha,B,6,,,,,,official_tourism,Information for Accommodation.csv,thuduwa camp,Guest Houses.xlsx | Information for Accommodation.csv
ACC001954,THURULIYA LODGE,Tourist Hotels,"OPPOSIT 45TH KM POST,NUWARA ELIYA ROAD ,RAMBODA",Nuwara Eliya,Nuwara Eliya,,10,,,,,,official_tourism,Information for Accommodation.csv,thuruliya lodge,Information for Accommodation.csv | Tourist Hotels.xlsx
ACC001955,THUSARE TALKING HANDS,Bangalows,"NO 103/12, DHARMAPALA MAWATHA, COLOMBO 07",Colombo,Colombo,DELUXE,2,6.914122,,,,,official_tourism,Information for Accommodation.csv,thusare talking hands,Bungalows.xlsx | Information for Accommodation.csv
ACC001956,THUSHARA RESTAURANT & GUEST HOUSE,Guest Houses,NO 02.NUWARAELIYA RD.WELIMADA.,Badulla,Welimada Pradeshiya Sabha,B,6,6.907542,,,,,official_tourism,Information for Accommodation.csv,thushara restaurant guest house,Guest Houses.xlsx | Information for Accommodation.csv
ACC001957,THUSHARA TOURIST HOTEL,Guest Houses,"34,BANDARWELA ROAD,WELIMADA.",Badulla,Welimada Pradeshiya Sabha,A,10,,,,,,official_tourism,Information for Accommodation.csv,thushara tourist hotel,Guest Houses.xlsx | Information for Accommodation.csv
ACC001958,TIENTSIN BUNGALOW,Boutique Villas,"TIENTSIN BUNGALOW, TIENTSIN, BOGAWANTALAWA",Nuwara Eliya,Ambagamuwa Pradeshiya Sabha,,6,6.81343,,,,,official_tourism,Information for Accommodation.csv,tientsin bungalow,Boutique Villas.xlsx | Information for Accommodation.csv
ACC001959,TISARA VILLAS,Guest Houses,"ADAGEWATTA,DUWAMALALA RD,KATUKURUNDA,HABARADUWA",Galle,Galle,A,20,,,,,,official_tourism,Information for Accommodation.csv,tisara villas,Guest Houses.xlsx | Information for Accommodation.csv
ACC001960,TISSA INN,Guest Houses,"WELLAWAYA ROAD,TISSAMAHARAMA",Hambantota,Thissamaharama,A,12,,,,,,official_tourism,Information for Accommodation.csv,tissa inn,Guest Houses.xlsx | Information for Accommodation.csv
ACC001961,TISSA VILLAGE,Guest Houses,"UDUWILA,THISSAMAHARAMA",Hambantota,Thissamaharama,B,6,6.278132,,,,,official_tourism,Information for Accommodation.csv,tissa village,Guest Houses.xlsx | Information for Accommodation.csv
ACC001962,TISSA WAWU HOTEL,Guest Houses,"POTHANAGAMA ,GALWALA ROAD,ANURADHAPURA.",Anuradhapura,Anuradhapura,A,52,,,,,,official_tourism,Information for Accommodation.csv,tissa wawu hotel,Guest Houses.xlsx | Information for Accommodation.csv
ACC001963,TIVERTON TOURIST GUEST,Guest Houses,"60,2ND RAJASINNGHE MW,KANDY",Kandy,Kandy,B,2,,,,,,official_tourism,Information for Accommodation.csv,tiverton tourist guest,Guest Houses.xlsx | Information for Accommodation.csv
ACC001964,TOURIST REST,Home Stay Units,"NO. 34, AUBURN SIDE, DEHIWALA",Colombo,Dehiwala-Mount Lavinia,SUPERIOR,5,,,,,,official_tourism,Information for Accommodation.csv,tourist rest,Home Stay Units.xlsx | Information for Accommodation.csv
ACC001965,TRANQUIL HILLS KANDY.,Home Stay Units,"NO.35/73,C.D.L.FERNANDO MAWATHA,KATUGASTOTA ROAD,KANDY.",Kandy,Kandy,SUPERIOR,3,7.3103134,,,,,official_tourism,Information for Accommodation.csv,tranquil hills kandy,Home Stay Units.xlsx | Information for Accommodation.csv
ACC001966,TRANQUILITY NEST.,Home Stay Units,"NO.405/E/1,MORAGAHAKELE WATTA,ERIYAGAMA,PERADENIYA.",Kandy,Gagawata Koralya,SUPERIOR,2,7.2635801,,,,,official_tourism,Information for Accommodation.csv,tranquility nest,Home Stay Units.xlsx | Information for Accommodation.csv
ACC001967,TRANQUILLA,Bangalows,"KADJUWETIYA ROAD, PELPITIGODA.",Kalutara,Pathahewaheta,DELUXE,4,,,,,,official_tourism,Information for Accommodation.csv,tranquilla,Bungalows.xlsx | Information for Accommodation.csv
ACC001968,TRANSEND HOLIDAY RESORT,Guest Houses,"""THUSITHA"" , SIYAMBALAGODA, POLGASOWITA",Colombo,Homagama Pradeshiya Sabha,B,5,,,,,,official_tourism,Information for Accommodation.csv,transend holiday resort,Guest Houses.xlsx | Information for Accommodation.csv
ACC001969,TRAVELLERS HOME,Home Stay Units,"538 (67/11), GOHAGODA ROAD, KATUGASTOTA",Kandy,Harispattuwa Pradeshiya Sabha,STANDARD,2,7.315674,,,,,official_tourism,Information for Accommodation.csv,travellers home,Home Stay Units.xlsx | Information for Accommodation.csv
ACC001970,TRAVELLERS REST HOME,Rented Homes,"13C, BUWANEKABA ROAD, SINGHEPITIYA, GAMPOLA",Kandy,Gampola,STANDARD,3,7.1593573,,,,,official_tourism,Information for Accommodation.csv,travellers rest home,Information for Accommodation.csv | Rented Homes.xlsx
ACC001971,TREE OF LIFE,Tourist Hotels,"YAHALATENNA,BARIGAMA,WERELLAGAMA,KANDY.",Kandy,Kandy,,43,7.319187,,,,,official_tourism,Information for Accommodation.csv,tree of life,Information for Accommodation.csv | Tourist Hotels.xlsx
ACC001972,TRI STAR BEACH HOTEL,Guest Houses,"ARUGAMBAY,POTTUVIL",Ampara,Puttalam Pradeshiya Sabha,A,20,,,,,,official_tourism,Information for Accommodation.csv,tri star beach hotel,Guest Houses.xlsx | Information for Accommodation.csv
ACC001973,TRINCO BEACH HOTEL,Guest Houses,"328, DYKE STREET, TRINCOMALEE",Trincomalee,Trincomalee,A,10,8.567845,,,,,official_tourism,Information for Accommodation.csv,trinco beach hotel,Guest Houses.xlsx | Information for Accommodation.csv
ACC001974,TRIPLE O SIX,Guest Houses,"P.O.BOX 0006,BANDARAMULLA,MIRISSA.",Matara,Weligama Pradeshiya Sabha,A,21,5.941095,,,,,official_tourism,Information for Accommodation.csv,triple o six,Guest Houses.xlsx | Information for Accommodation.csv
ACC001975,TRI,Tourist Hotels,"ALADUWA WATTA, PELESSA, THITHTHAGALLE, AHANGAMA",Galle,Habaraduwa,,10,,,,,,official_tourism,Information for Accommodation.csv,tri,Information for Accommodation.csv | Tourist Hotels.xlsx
ACC001976,TROPICAL RETREAT,Bangalows,"NO 182, HEENATIGALA ROAD, UNAWATUNA, GALLE",Galle,Akmeemana,DELUXE,5,6.020797,,,,,official_tourism,Information for Accommodation.csv,tropical retreat,Bungalows.xlsx | Information for Accommodation.csv
ACC001977,TROPICANA,Home Stay Units,"189,MAIN STREET,ARUGAMBAY,POTTUVIL -18.",Ampara,Ampara,STANDARD,4,,,,,,official_tourism,Information for Accommodation.csv,tropicana,Home Stay Units.xlsx | Information for Accommodation.csv
ACC001978,TSUNAMI HOTEL,Guest Houses,"ARUGAMBAY,ULLE,POTHUWIL",Ampara,Ampara,B,10,6.846344,,,,,official_tourism,Information for Accommodation.csv,tsunami hotel,Guest Houses.xlsx | Information for Accommodation.csv
ACC001979,TURTLE BAY,Boutique Villas,"GURUPOKUNA,KALAMETIYA, HUNGAMA",Hambantota,Hambantota,,8,6.076428,,,,,official_tourism,Information for Accommodation.csv,turtle bay,Boutique Villas.xlsx | Information for Accommodation.csv
ACC001980,TURYAA - KALUTARA,Tourist Hotels,"KUDAWASKADUWA, KALUTARA",Kalutara,Kalutara Pradeshiya Sabha,,96,6.6289085,,,,,official_tourism,Information for Accommodation.csv,turyaa kalutara,Information for Accommodation.csv | Tourist Hotels.xlsx
ACC001981,U.S. HOTEL,Guest Houses,"855,HOSPITAL ROAD,JAFFNA.",Jaffna,Jaffna,A,20,9.661277,,,,,official_tourism,Information for Accommodation.csv,u s hotel,Guest Houses.xlsx | Information for Accommodation.csv
ACC001982,UDA KANDA,Home Stay Units,"KADURUDUWA,WANCHAWALA,GALLE.",Galle,Galle,SUPERIOR,3,,,,,,official_tourism,Information for Accommodation.csv,uda kanda,Home Stay Units.xlsx | Information for Accommodation.csv
ACC001983,UDAYANGA GUEST HOUSE,Guest Houses,"WELLAWAYA ROAD,ELLA",Badulla,Ella Pradeshiya Sabha,B,5,,,,,,official_tourism,Information for Accommodation.csv,udayanga guest house,Guest Houses.xlsx | Information for Accommodation.csv
ACC001984,UGA BAY RESORT & SPA,Tourist Hotels,"COCONUT BOARD ROAD,KALKUDAH,PASSIKUDAH.",Batticaloa,Kalkudha,,48,7.9267033,,,,,official_tourism,Information for Accommodation.csv,uga bay resort spa,Information for Accommodation.csv | Tourist Hotels.xlsx
ACC001985,ULAGALLA WALAWWA RESORT,Boutique Hotels,"THIRAPPANE, ANURADHAPURA",Anuradhapura,Anuradhapura East,,21,8.205927,,,,,official_tourism,Information for Accommodation.csv,ulagalla walawwa resort,Boutique Hotels.xlsx | Information for Accommodation.csv
ACC001986,UNAWATUNA BEACH RESORT,Tourist Hotels,"PARANGIYAWATTA,UNAWATUNA,GALLE",Galle,Habaraduwa,,73,6.0104413,,,,,official_tourism,Information for Accommodation.csv,unawatuna beach resort,Information for Accommodation.csv | Tourist Hotels.xlsx
ACC001987,UNAWATUNA NOR-LANKA HOTEL,Guest Houses,"PALUGEDARAWATTA,PEELLAGODA,UNAWATUNA",Galle,Habaraduwa,A,14,6.012171,,,,,official_tourism,Information for Accommodation.csv,unawatuna nor lanka hotel,Guest Houses.xlsx | Information for Accommodation.csv
ACC001988,UNIQUE HOME STAY,Home Stay Units,"RANAWAGE WATTE, URUVITIYA, DENIPITIYA",Matara,Weligama Pradeshiya Sabha,STANDARD,2,,,,,,official_tourism,Information for Accommodation.csv,unique home stay,Home Stay Units.xlsx | Information for Accommodation.csv
ACC001989,UP COUNTRY REST & HOLIDAY HOME,Guest Houses,"WELAMITA WANGUWA,GUNETHANNA,HINGULA",Kegalle,,B,10,,,,,,official_tourism,Information for Accommodation.csv,up country rest holiday home,Guest Houses.xlsx | Information for Accommodation.csv
ACC001990,UPPER GLENCAIRN BUNGALOW,Guest Houses,"MASKELIYA ROAD,DICKOYA,HATTON",Nuwara Eliya,Nuwara Eliya,A,5,6.853385,,,,,official_tourism,Information for Accommodation.csv,upper glencairn bungalow,Guest Houses.xlsx | Information for Accommodation.csv
ACC001991,UTMT RESORT,Tourist Hotels,"TANGALLE ROAD,BATTHEEGAMA WEST,DIKWELLA",Matara,Dickwella,,26,5.9603013,,,,,official_tourism,Information for Accommodation.csv,utmt resort,Information for Accommodation.csv | Tourist Hotels.xlsx
ACC001992,UVA BEN HEAD PLANTATION (LOWER) BUNGALOW,Bangalows,"UVA BEN HEAD ESTATE, WELIMADA",Badulla,Welimada Pradeshiya Sabha,DELUXE,4,,,,,,official_tourism,Information for Accommodation.csv,uva ben head plantation lower bungalow,Bungalows.xlsx | Information for Accommodation.csv
ACC001993,UVA BEN HEAD PLANTATION (UPPER) BUNGALOW,Bangalows,"UVA BEN HEAD ESTATE, WELIMADA",Badulla,Welimada Pradeshiya Sabha,SUPERIOR,4,,,,,,official_tourism,Information for Accommodation.csv,uva ben head plantation upper bungalow,Bungalows.xlsx | Information for Accommodation.csv
ACC001994,VALLEE 69 ECO LEISURE,Guest Houses,"237, WELIARAGODA, TISSAMAHARAMA",Hambantota,Thissamaharama,A,5,6.289983,,,,,official_tourism,Information for Accommodation.csv,vallee 69 eco leisure,Guest Houses.xlsx | Information for Accommodation.csv
ACC001995,VARNIAS BEACH VILLA,Guest Houses,"NO. 6/1, SEA VIEW ROAD, LEWIS PLACE, NEGOMBO",Gampaha,Negombo,A,6,,,,,,official_tourism,Information for Accommodation.csv,varnias beach villa,Guest Houses.xlsx | Information for Accommodation.csv
ACC001996,VEGA HOLIDAY REST,Home Stay Units,"21/14/P3, ISURUPURA, ANURADHAPURA",Anuradhapura,Anuradhapura,STANDARD,2,8.315667,,,,,official_tourism,Information for Accommodation.csv,vega holiday rest,Home Stay Units.xlsx | Information for Accommodation.csv
ACC001997,VELAPURA RIVER GARDEN,Home Stay Units,"3/57, MIRISHENA, ETHANAMADALA, KALUTARA-NORTH.",Kalutara,Kalutara Pradeshiya Sabha,STANDARD,1,,,,,,official_tourism,Information for Accommodation.csv,velapura river garden,Home Stay Units.xlsx | Information for Accommodation.csv
ACC001998,VENUS LANKA,Guest Houses,"26,PALMYRAH AVENUE.COLOMBO 03.",Colombo,Colombo,B,20,,,,,,official_tourism,Information for Accommodation.csv,venus lanka,Guest Houses.xlsx | Information for Accommodation.csv
ACC001999,VERONA HOTEL,Guest Houses,"ZAVIER ROAD, WENNAPPUWA",Puttalam,Wennappuwa Pradeshiya Sabha,A,10,7.34757,,,,,official_tourism,Information for Accommodation.csv,verona hotel,Guest Houses.xlsx | Information for Accommodation.csv
ACC002000,VIBRATION HOTEL,Guest Houses,"495,,GALLE ROAD,WEWALA,HIKKADUWA.",Galle,Galle,B,6,6.126787,,,,,official_tourism,Information for Accommodation.csv,vibration hotel,Guest Houses.xlsx | Information for Accommodation.csv
ACC002001,VICTORIA GOLF & COUNTRY RESORT,Guest Houses,"P.O.BOX 07, RAJAWELLA",Kandy,Kandy,A,25,7.265143,,,,,official_tourism,Information for Accommodation.csv,victoria golf country resort,Guest Houses.xlsx | Information for Accommodation.csv
ACC002002,VICTORIA VIEW BUNGALOW,Home Stay Units,"POWRUGOLLA ESTATE, TELDENIYA",Kandy,Kandy,DELUXE,1,,,,,,official_tourism,Information for Accommodation.csv,victoria view bungalow,Home Stay Units.xlsx | Information for Accommodation.csv
ACC002003,VICTORIYA REACH TOURIST GUEST HOUSE,Guest Houses,"133/2, HANGURANKETHA ROAD, GURUDENIYA.",Kandy,Kandy,B,6,7.275099,,,,,official_tourism,Information for Accommodation.csv,victoriya reach tourist guest house,Guest Houses.xlsx | Information for Accommodation.csv
ACC002004,VICTORY INN,Guest Houses,"NO. 65, WELLAWAYA ROAD, MONARAGALA",Moneragala,Thissamaharama,A,12,6.868747,,,,,official_tourism,Information for Accommodation.csv,victory inn,Guest Houses.xlsx | Information for Accommodation.csv
ACC002005,VIEW POINT 425,Home Stay Units,"NO 425,HEERASSAGALA ROAD,BOWALAWATTE,KANDY.",Kandy,Kandy,SUPERIOR,1,,,,,,official_tourism,Information for Accommodation.csv,view point 425,Home Stay Units.xlsx | Information for Accommodation.csv
ACC002006,VIEW360,Guest Houses,"5/16A,UPLANDS,KANDY.",Kandy,Kandy,A,8,,,,,,official_tourism,Information for Accommodation.csv,view360,Guest Houses.xlsx | Information for Accommodation.csv
ACC002007,VIHARAGALA ESTATE BUNGALOW,Bangalows,"BERAGALA KOSLANDA RD, NIKAPOTHA P.O. VIA HAPUTALE",Badulla,Haldummulla Pradeshiya Sabha,DELUXE,5,6.760753,,,,,official_tourism,Information for Accommodation.csv,viharagala estate bungalow,Bungalows.xlsx | Information for Accommodation.csv
ACC002008,VIKUM AND WARUNIKA HOTELS,Guest Houses,"800/11, COLOMBO ROAD, KURANA, NEGOMBO",Gampaha,Negombo,B,10,,,,,,official_tourism,Information for Accommodation.csv,vikum and warunika hotels,Guest Houses.xlsx | Information for Accommodation.csv
ACC002009,VIL UYANA,Boutique Hotels,"RANGIRIGAMA, SIGIRIYA",Matale,Matale Divisional Secretariat,,30,7.92971,,,,,official_tourism,Information for Accommodation.csv,vil uyana,Boutique Hotels.xlsx | Information for Accommodation.csv
ACC002010,VILLA 17,Bangalows,"17TH MILE POST, KALPITIYA ROAD, KANDAKUDAWA.",Puttalam,Kalpitiya Pradeshiya Sabha,SUPERIOR,3,,,,,,official_tourism,Information for Accommodation.csv,villa 17,Bungalows.xlsx | Information for Accommodation.csv
ACC002011,VILLA 29 RATHNAGIRI,Bangalows,"NO. 29, RATNAGIRI, AKURALA,KAHAWA.",Galle,Hikkaduwa,STANDARD,4,,,,,,official_tourism,Information for Accommodation.csv,villa 29 rathnagiri,Bungalows.xlsx | Information for Accommodation.csv
ACC002012,VILLA 37,Rented Apartments,"NO. 37, DEVOS AVENUE, BAMBALAPITIYA, COLOMBO 04.",Colombo,MC,SUPERIOR,4,,,,,,official_tourism,Information for Accommodation.csv,villa 37,Information for Accommodation.csv | Rented Apartments.xlsx
ACC002013,VILLA 4 U,Bangalows,"VILLA 4 U"", SHRAMADHANA MAWATHA, KALUWAMODARA, ALUTHGAMA",Kalutara,Beruwala Pradeshiya Sabha,DELUXE,4,6.444442,,,,,official_tourism,Information for Accommodation.csv,villa 4 u,Bungalows.xlsx | Information for Accommodation.csv
ACC002014,VILLA 49,Home Stay Units,"NO.49,LOUIS PEIRIS MAWATHA,KANDY",Kandy,Kandy,DELUXE,3,7.2876327,,,,,official_tourism,Information for Accommodation.csv,villa 49,Home Stay Units.xlsx | Information for Accommodation.csv
ACC002015,VILLA ALICE AND FRIENDS,Bangalows,"NO.110C, HANATHOTUPOLA ROAD, NAINAMADAMA (EAST)",Gampaha,Negombo,DELUXE,4,7.31502,,,,,official_tourism,Information for Accommodation.csv,villa alice and friends,Bungalows.xlsx | Information for Accommodation.csv
ACC002016,VILLA AMORE MIO BEACH,Bangalows,"GALLE ROAD,HABAKKALA,MAHA INDURUWA,80510",Galle,Bentota Pradeshiya Sabha,SUPERIOR,6,6.365953,,,,,official_tourism,Information for Accommodation.csv,villa amore mio beach,Bungalows.xlsx | Information for Accommodation.csv
ACC002017,VILLA ARUNALU KANDY,Home Stay Units,"NO 383/D ILLUKMODARA ESTATE,THENNEKUMBURA,KANDY",Kandy,Gagawata Koralya,DELUXE,4,7.290572,,,,,official_tourism,Information for Accommodation.csv,villa arunalu kandy,Home Stay Units.xlsx | Information for Accommodation.csv
ACC002018,VILLA ATULYA,Bangalows,"MUHUDU MAWATHA, WELIKADE, THALARAMBA, KAMBURUGAMUWA.",Matara,Weligama Pradeshiya Sabha,DELUXE,6,5.937654,,,,,official_tourism,Information for Accommodation.csv,villa atulya,Bungalows.xlsx | Information for Accommodation.csv
ACC002019,VILLA AVIKSHA,Home Stay Units,"88 PUBUDU MAWATHA , MADIHA , MATARA",Matara,Matara,STANDARD,3,5.937323,,,,,official_tourism,Information for Accommodation.csv,villa aviksha,Home Stay Units.xlsx | Information for Accommodation.csv
ACC002020,VILLA BAYWATCH,Bangalows,"PEELA ROAD, BUONAVISTA, RUMASSALA, GALLE",Galle,Habaraduwa,DELUXE,6,6.016349,,,,,official_tourism,Information for Accommodation.csv,villa baywatch,Bungalows.xlsx | Information for Accommodation.csv
ACC002021,VILLA CAPERS,Bangalows,"26,CHANDRALEKHA MAWATHA, COLOMBO 08",Colombo,Colombo,DELUXE,5,6.915085,,,,,official_tourism,Information for Accommodation.csv,villa capers,Bungalows.xlsx | Information for Accommodation.csv
ACC002022,VILLA CASSANDARA,Guest Houses,"18/4, GLEN FALL ROAD, NUWARAELIYA.",Nuwara Eliya,Nuwara Eliya,B,5,,,,,,official_tourism,Information for Accommodation.csv,villa cassandara,Guest Houses.xlsx | Information for Accommodation.csv
ACC002023,VILLA DE ROSHE,Bangalows,"60 6C, UNIQUE VIEW ROAD, NUWARA ELIYA",Nuwara Eliya,Nuwara Eliya,DELUXE,3,6.963889,,,,,official_tourism,Information for Accommodation.csv,villa de roshe,Bungalows.xlsx | Information for Accommodation.csv
ACC002024,VILLA GAUTHAM,Home Stay Units,"90, GOTHAMI ROAD, COLOMBO 8",Colombo,Colombo,DELUXE,4,,,,,,official_tourism,Information for Accommodation.csv,villa gautham,Home Stay Units.xlsx | Information for Accommodation.csv
ACC002025,VILLA GLENLOCH,Bangalows,"48,GLENLOCH ESTATE,KATUKITULA.",Nuwara Eliya,Nuwara Eliya,DELUXE,5,7.078737,,,,,official_tourism,Information for Accommodation.csv,villa glenloch,Bungalows.xlsx | Information for Accommodation.csv
ACC002026,VILLA GOODWILL PARADISE,Bangalows,"NO:5/23 B,PINKANDA ROAD,THIRANAGAMA,HIKKADUWA",Galle,Hikkaduwa,SUPERIOR,5,6.122144,,,,,official_tourism,Information for Accommodation.csv,villa goodwill paradise,Bungalows.xlsx | Information for Accommodation.csv
ACC002027,VILLA GUEST HOUSE,Guest Houses,"NO.22,LOWER ROAD,ORRS HILL,TRINCOMALEE.",Trincomalee,Trincomalee,B,16,,,,,,official_tourism,Information for Accommodation.csv,villa guest house,Guest Houses.xlsx | Information for Accommodation.csv
ACC002028,VILLA JASMINE,Home Stay Units,"NO.11, ST. ANTHONY'S ROAD, ETHTHUKALA, NEGAMBO.",Gampaha,Negombo,SUPERIOR,2,,,,,,official_tourism,Information for Accommodation.csv,villa jasmine,Home Stay Units.xlsx | Information for Accommodation.csv
ACC002029,VILLA KANCHANA,Bangalows,"WELIKADE,MUHUDU MAWATHA,THALARAMBE,KAMBURUGAMUWA,MATARA",Matara,Weligama Pradeshiya Sabha,DELUXE,5,5.948646,,,,,official_tourism,Information for Accommodation.csv,villa kanchana,Bungalows.xlsx | Information for Accommodation.csv
ACC002030,VILLA LANKA PEARL,Guest Houses,"23/13, GHANATHILAKA MAWATHA, WELLABODA, BALAPITIYA",Galle,,B,6,,,,,,official_tourism,Information for Accommodation.csv,villa lanka pearl,Guest Houses.xlsx | Information for Accommodation.csv
ACC002031,VILLA MAGGONA,Bangalows,"82/2, GALLE ROAD, MAGGONA",Kalutara,Kalutara Pradeshiya Sabha,DELUXE,4,,,,,,official_tourism,Information for Accommodation.csv,villa maggona,Bungalows.xlsx | Information for Accommodation.csv
ACC002032,VILLA MAHAKANDA,Guest Houses,"428, MAHAKANDA, HINDAGALA, PERADENIYA",Kandy,Gagawata Koralya,A,6,7.223908,,,,,official_tourism,Information for Accommodation.csv,villa mahakanda,Guest Houses.xlsx | Information for Accommodation.csv
ACC002033,VILLA MAYURANA,Bangalows,"PELASSA ROAD, SANTHOSAGAMA 80650, AHANGAMA",Galle,Habaraduwa,DELUXE,4,6.007656,,,,,official_tourism,Information for Accommodation.csv,villa mayurana,Bungalows.xlsx | Information for Accommodation.csv
ACC002034,VILLA MOUNT ROSE,Rented Apartments,"NO:9/22 E,WEWALWALA ROAD,BATAGANVILA,GALLE.",Galle,Galle,DELUXE,3,6.057249,,,,,official_tourism,Information for Accommodation.csv,villa mount rose,Information for Accommodation.csv | Rented Apartments.xlsx
ACC002035,VILLA OCEAN VIEW,Classified Hotels( 1-5 Star),"200/1, MOLLIGODAWATTA,WADDUWA",Kalutara,Kalutara Pradeshiya Sabha,ONE,143,6.6552759,,,,,official_tourism,Information for Accommodation.csv,villa ocean view,Classified Hotels( 1-5 Star).xlsx | Information for Accommodation.csv
ACC002036,VILLA PALMA BEACH RESORT,Guest Houses,"BEACH ROAD, PAMUNUGAMA, JA-ELA",Gampaha,Gampaha,A,19,7.085179,,,,,official_tourism,Information for Accommodation.csv,villa palma beach resort,Guest Houses.xlsx | Information for Accommodation.csv
ACC002037,VILLA PANORAMA,Bangalows,"429/5, SARASAVIGAMA ROAD, MAHAKANDA, HINDAGALA",Kandy,Gagawata Koralya,DELUXE,6,7.224908,,,,,official_tourism,Information for Accommodation.csv,villa panorama,Bungalows.xlsx | Information for Accommodation.csv
ACC002038,VILLA PINNAWALA AND RESTAURANT,Tourist Hotels,"PINNALANDA WATTE,PINNAWALA, RAMBUKKANA",Kegalle,Kegalle,,13,7.301624,,,,,official_tourism,Information for Accommodation.csv,villa pinnawala and restaurant,Information for Accommodation.csv | Tourist Hotels.xlsx
ACC002039,VILLA RAHA,Bangalows,"33, MCLEOD ROAD, BAMBALAPITIYA, COLOMBO 04",Colombo,Colombo,DELUXE,7,6.884798,,,,,official_tourism,Information for Accommodation.csv,villa raha,Bungalows.xlsx | Information for Accommodation.csv
ACC002040,VILLA RANMENIKA,Tourist Hotels,"GALLE ROAD, AHUNGALLA.",Galle,Galle,,14,6.308305,,,,,official_tourism,Information for Accommodation.csv,villa ranmenika,Information for Accommodation.csv | Tourist Hotels.xlsx
ACC002041,VILLA REPUBLIC GALLE,Boutique Villas,"607/10,COLOMBO ROAD,GINTOTA,GALLE.",Galle,Galle,,8,6.058846,,,,,official_tourism,Information for Accommodation.csv,villa republic galle,Boutique Villas.xlsx | Information for Accommodation.csv
ACC002042,VILLA ROSA,Bangalows,"71/20, DODANWELA PASSAGE, ASGIRIYA, KANDY",Kandy,Kandy,DELUXE,5,7.299604,,,,,official_tourism,Information for Accommodation.csv,villa rosa,Bungalows.xlsx | Information for Accommodation.csv
ACC002043,VILLA SAFFRON,Boutique Villas,"NO,776,GALLE ROAD,THIRANGAMA,HIKKADUWA",Galle,Hikkaduwa,,5,6.12222,,,,,official_tourism,Information for Accommodation.csv,villa saffron,Boutique Villas.xlsx | Information for Accommodation.csv
ACC002044,VILLA SAFIRA AYURVEDA RESIDENCE,Bangalows,"YALEGAMA, MIRISWATTE ROAD, GONAGALA, INDURUWA",Galle,Bentota Pradeshiya Sabha,DELUXE,4,,,,,,official_tourism,Information for Accommodation.csv,villa safira ayurveda residence,Bungalows.xlsx | Information for Accommodation.csv
ACC002045,VILLA SEPALIKA,Home Stay Units,"DEWUNDARA WATTA,GIRIGALA,HABARADUWA.",Galle,Habaraduwa,DELUXE,2,,,,,,official_tourism,Information for Accommodation.csv,villa sepalika,Home Stay Units.xlsx | Information for Accommodation.csv
ACC002046,VILLA SETH,Home Stay Units,"""VILLA SETH"",NO.36/14,YASODARA WATTA,HIRIMBURA CROSS ROAD,GALLE",Galle,Galle,DELUXE,4,,,,,,official_tourism,Information for Accommodation.csv,villa seth,Home Stay Units.xlsx | Information for Accommodation.csv
ACC002047,VILLA SEVEN,Bangalows,"NO:07(332/1),JUBILEE LANE,WALANA,PANADURA",Kalutara,Panadura Pradeshiya Sabha,SUPERIOR,3,6.730944,,,,,official_tourism,Information for Accommodation.csv,villa seven,Bungalows.xlsx | Information for Accommodation.csv
ACC002048,VILLA SHADE,Home Stay Units,"ARUNA MAWATHA, KATANA ROAD, THIMBIRIGASKATUWA, NEGAMBO.",Gampaha,Katana Pradeshiya Sabha,DELUXE,4,7.232815,,,,,official_tourism,Information for Accommodation.csv,villa shade,Home Stay Units.xlsx | Information for Accommodation.csv
ACC002049,VILLA SUKUM,Bangalows,"18, QUAILS RIDGE, VICTORIA GOLF CLUB,DIGANE",Kandy,Kandy,DELUXE,6,7.2650791,,,,,official_tourism,Information for Accommodation.csv,villa sukum,Bungalows.xlsx | Information for Accommodation.csv
ACC002050,VILLA SUNBIRD,Bangalows,"89B, WELLAMANKARAYA, OFF HUE FERNANDO MAWATHA, NAINAMADAMA",Puttalam,Polonnaruwa,DELUXE,6,7.306926,,,,,official_tourism,Information for Accommodation.csv,villa sunbird,Bungalows.xlsx | Information for Accommodation.csv
ACC002051,VILLA TARA,Bangalows,"SARATH GUNAWARDANA MAWATHA, WAULUGODA, 2ND CROSS STREET, HIKKADUWA, SRI LANKA",Galle,Galle,DELUXE,5,6.135854,,,,,official_tourism,Information for Accommodation.csv,villa tara,Bungalows.xlsx | Information for Accommodation.csv
ACC002052,VILLA THAWTHISA,Tourist Hotels,"USWATHTHA IHALA, YADDEHIMULLA, UNAWATUNA",Galle,Habaraduwa,,23,6.011171,,,,,official_tourism,Information for Accommodation.csv,villa thawthisa,Information for Accommodation.csv | Tourist Hotels.xlsx
ACC002053,VILLA VIANA,Guest Houses,"64 A/1,MODARAWELLA,MARAWILA.",Puttalam,Puttalam Pradeshiya Sabha,B,8,7.424294,,,,,official_tourism,Information for Accommodation.csv,villa viana,Guest Houses.xlsx | Information for Accommodation.csv
ACC002054,VILLA VISTA,Bangalows,"MIHIRI KANDA WATTA, HENWALA, MIRISSA",Matara,Weligama,DELUXE,4,,,,,,official_tourism,Information for Accommodation.csv,villa vista,Bungalows.xlsx | Information for Accommodation.csv
ACC002055,VILLA YASMIN,Guest Houses,"VILLA YASMIN, MARADANA ROAD, MORAGALLA, BERUWALA",Kalutara,Beruwala Pradeshiya Sabha,A,6,,,,,,official_tourism,Information for Accommodation.csv,villa yasmin,Guest Houses.xlsx | Information for Accommodation.csv
ACC002056,VILLA34,Home Stay Units,"NO34,SHADY GROVE AVENUE,COLOMBO 08",Colombo,Colombo,DELUXE,4,6.911338,,,,,official_tourism,Information for Accommodation.csv,villa34,Home Stay Units.xlsx | Information for Accommodation.csv
ACC002057,VILLAGE VIEW HOME STAY,Home Stay Units,"ETHULGASHINNA,KITHAL-ELLA,ELLA",Badulla,Ella Pradeshiya Sabha,STANDARD,3,6.871314,,,,,official_tourism,Information for Accommodation.csv,village view home stay,Home Stay Units.xlsx | Information for Accommodation.csv
ACC002058,VILLAGE VILA,Home Stay Units,"32, WATHUMULLA, UDUGAMPOLA",Gampaha,Gampaha,STANDARD,2,,,,,,official_tourism,Information for Accommodation.csv,village vila,Home Stay Units.xlsx | Information for Accommodation.csv
ACC002059,VILLU VILLA,Home Stay Units,"601/45B, JAYA MAWATHA, AIRPORT ROAD, ANURADHAPURA",Anuradhapura,Anuradhapura,SUPERIOR,4,8.31536,,,,,official_tourism,Information for Accommodation.csv,villu villa,Home Stay Units.xlsx | Information for Accommodation.csv
ACC002060,VISAKA HOTEL,Guest Houses,"NO:34, SELLAKATARAGAMA ROAD, KATARAGAMA",Moneragala,Hambantota,A,22,6.420677,,,,,official_tourism,Information for Accommodation.csv,visaka hotel,Guest Houses.xlsx | Information for Accommodation.csv
ACC002061,VISAL BUNGALOWS,Bangalows,"2/259, LOTUS AVENUE, VICTORIA RANGE, KENGALLA",Kandy,Kandy,SUPERIOR,3,7.287538,,,,,official_tourism,Information for Accommodation.csv,visal bungalows,Bungalows.xlsx | Information for Accommodation.csv
ACC002062,VISHWARA RESIDENCE,Rented Apartments,"NO:571,SIYABALAPE ROAD,HEIYANTHUDUWA",Gampaha,Gampaha,DELUXE,4,,,,,,official_tourism,Information for Accommodation.csv,vishwara residence,Information for Accommodation.csv | Rented Apartments.xlsx
ACC002063,VISTA HOUSE,Home Stay Units,"431/1, HEERASSAGALA ROAD, BOWALAWATTE, KANDY",Kandy,Kandy,DELUXE,3,7.2633726,,,,,official_tourism,Information for Accommodation.csv,vista house,Home Stay Units.xlsx | Information for Accommodation.csv
ACC002064,VIVANTA BY TAJ-BENTOTA,Classified Hotels( 1-5 Star),"NATIONAL HOLIDAY RESORT, BENTOTA",Galle,Bentota Pradeshiya Sabha,FIVE,162,6.417162,,,,,official_tourism,Information for Accommodation.csv,vivanta by taj bentota,Classified Hotels( 1-5 Star).xlsx | Information for Accommodation.csv
ACC002065,VIVEKA GUEST HOUSE,Guest Houses,"64,NORTH LAKE ROAD,KURUNAGALA.",Kurunegala,Kurunegala,A,5,7.496378,,,,,official_tourism,Information for Accommodation.csv,viveka guest house,Guest Houses.xlsx | Information for Accommodation.csv
ACC002066,VLARS HOLIDAY BUNGALOW,Home Stay Units,"12B, FARM ROAD, BINDUNUWEWA, BANDARAWELA",Badulla,Badulla,SUPERIOR,5,,,,,,official_tourism,Information for Accommodation.csv,vlars holiday bungalow,Home Stay Units.xlsx | Information for Accommodation.csv
ACC002067,W15 WELIGAMA,Tourist Hotels,"506, NEW GALLE ROAD, PELHENA, WELIGAMA.",Matara,Weligama Pradeshiya Sabha,,10,5.973323,,,,,official_tourism,Information for Accommodation.csv,w15 weligama,Information for Accommodation.csv | Tourist Hotels.xlsx
ACC002068,WADDUWA BEACH VILLA,Bangalows,"36/17, SANATH PERERA MAWATHA, SOUTH THALPITIYA, WADDUWA",Kalutara,Panadura Pradeshiya Sabha,DELUXE,6,6.670927,,,,,official_tourism,Information for Accommodation.csv,wadduwa beach villa,Bungalows.xlsx | Information for Accommodation.csv
ACC002069,WAGON WHEEL,Guest Houses,"245/1, HILL HOUSE GARDENS,DEHIWALA.",Colombo,Dehiwala-Mount Lavinia,A,5,6.851757,,,,,official_tourism,Information for Accommodation.csv,wagon wheel,Guest Houses.xlsx | Information for Accommodation.csv
ACC002070,WALAUWA,Home Stay Units,"WALAWWEWATTE, KOBBEWALA, GAMPOLA",Kandy,Kandy,DELUXE,2,,,,,,official_tourism,Information for Accommodation.csv,walauwa,Home Stay Units.xlsx | Information for Accommodation.csv
ACC002071,WALPOLA RESTAURANT & GUEST HOUSE,Guest Houses,"WALPOLA RESTAURANT,ATUELA,PITABADDARA.",Matara,Pitabeddara Pradeshiya Sabha,C,5,,,,,,official_tourism,Information for Accommodation.csv,walpola restaurant guest house,Guest Houses.xlsx | Information for Accommodation.csv
ACC002072,WARAHENA BEACH HOTEL,Guest Houses,"GALLE ROAD,WARAHENA,BENTOTA.",Galle,Bentota Pradeshiya Sabha,B,6,,,,,,official_tourism,Information for Accommodation.csv,warahena beach hotel,Guest Houses.xlsx | Information for Accommodation.csv
ACC002073,WARWICK GARDEN,Boutique Villas,"AMBEWELA DIVISION, WARWICK ESTATE, BORAGAS",Nuwara Eliya,Welimada Pradeshiya Sabha,,5,6.897703,,,,,official_tourism,Information for Accommodation.csv,warwick garden,Boutique Villas.xlsx | Information for Accommodation.csv
ACC002074,WASALA VILLAGE VIEW,Bangalows,"""WASALA"" , MULLE WATTA, ELLA GAMA, DIYATALAWA",Badulla,Haputale,SUPERIOR,5,,,,,,official_tourism,Information for Accommodation.csv,wasala village view,Bungalows.xlsx | Information for Accommodation.csv
ACC002075,WASANTHA GUEST HOUSE & RESTAURANT,Guest Houses,"AMBALANGODA ROAD,ELPITIYTA.",Galle,Ambalangoda,B,18,6.232812,,,,,official_tourism,Information for Accommodation.csv,wasantha guest house restaurant,Guest Houses.xlsx | Information for Accommodation.csv
ACC002076,"WATER GARDEN,SIGIRIYA",Boutique Hotels,"KIBISSA, SIGIRIYA",Matale,Dambulla Divisional Secretariat,,30,7.994399,,,,,official_tourism,Information for Accommodation.csv,water garden sigiriya,Boutique Hotels.xlsx | Information for Accommodation.csv
ACC002077,WATERFALL VIEW,Home Stay Units,"NO,226,WATAGODAWATTA,KITHAL-ELLA,ELLA",Badulla,Ella Pradeshiya Sabha,STANDARD,4,6.868938,,,,,official_tourism,Information for Accommodation.csv,waterfall view,Home Stay Units.xlsx | Information for Accommodation.csv
ACC002078,WATERFALLS HOMESTAY,Home Stay Units,"WATAGODAWATHTHA, KITHELELLA, ELLA",Badulla,Ella Pradeshiya Sabha,SUPERIOR,4,,,,,,official_tourism,Information for Accommodation.csv,waterfalls homestay,Home Stay Units.xlsx | Information for Accommodation.csv
ACC002079,WATERS EDGE,Guest Houses,"NO.316,ATHUL KOTTE ROAD,BATTARAMULLA",Colombo,Colombo,A,5,,,,,,official_tourism,Information for Accommodation.csv,waters edge,Guest Houses.xlsx | Information for Accommodation.csv
ACC002080,WATERSIDE BENTOTA,Boutique Villas,"YATHRAMULLA,BENTOTA",Galle,Bentota Pradeshiya Sabha,,6,6.430846,,,,,official_tourism,Information for Accommodation.csv,waterside bentota,Boutique Villas.xlsx | Information for Accommodation.csv
ACC002081,WAVES,Bangalows,"TURTLE REACH, KAPUHENWALA ROAD, MARAKOLLIYA, TANGALLE",Hambantota,Tangalle Pradeshiya Sabha,DELUXE,4,,,,,,official_tourism,Information for Accommodation.csv,waves,Bungalows.xlsx | Information for Accommodation.csv
ACC002082,WE ESCAPE,Guest Houses,"637, GALLE MATARA ROAD, PELENA",Matara,Weligama Pradeshiya Sabha,A,11,5.974177,,,,,official_tourism,Information for Accommodation.csv,we escape,Guest Houses.xlsx | Information for Accommodation.csv
ACC002083,WELCOMBE HOTEL,Tourist Hotels,"NO. 66, LOWER ROAD, ORRS HILL, TRINCOMALEE",Trincomalee,Trincomalee,,20,8.570034,,,,,official_tourism,Information for Accommodation.csv,welcombe hotel,Information for Accommodation.csv | Tourist Hotels.xlsx
ACC002084,WELCOME HOUSE,Home Stay Units,"NO 65 D/01,PANAMA.",Ampara,Ampara,STANDARD,1,6.758059,,,,,official_tourism,Information for Accommodation.csv,welcome house,Home Stay Units.xlsx | Information for Accommodation.csv
ACC002085,WELCOME INN,Home Stay Units,"""HEMAMALEE"" KITHAL-ELLA,ELLA",Badulla,Ella Pradeshiya Sabha,STANDARD,2,6.869021,,,,,official_tourism,Information for Accommodation.csv,welcome inn,Home Stay Units.xlsx | Information for Accommodation.csv
ACC002086,WELIGAMA BAY RESORT,Guest Houses,"MATARA ROAD,PELENA,WELIGAMA",Matara,Weligama,A,24,5.972813,,,,,official_tourism,Information for Accommodation.csv,weligama bay resort,Guest Houses.xlsx | Information for Accommodation.csv
ACC002087,WELIGAMA GEDARA,Bangalows,"NO 5/6, BANDARANAYAKA MAWATHA, HETTIWEEDIYA, WELIGAMA",Matara,Weligama Pradeshiya Sabha,STANDARD,3,5.977378,,,,,official_tourism,Information for Accommodation.csv,weligama gedara,Bungalows.xlsx | Information for Accommodation.csv
ACC002088,WELLASSA-INN,Guest Houses,"REST HOUSE,WELLAWAYA ROAD,MONERAGALA",Moneragala,,B,6,,,,,,official_tourism,Information for Accommodation.csv,wellassa inn,Guest Houses.xlsx | Information for Accommodation.csv
ACC002089,WESTROM VILLA,Bangalows,"ROBOLGODA, BENTOTA.",Galle,Bentota Pradeshiya Sabha,STANDARD,5,,,,,,official_tourism,Information for Accommodation.csv,westrom villa,Bungalows.xlsx | Information for Accommodation.csv
ACC002090,WET WATER RESORT,Guest Houses,"NO.136/D,LUMBINIWATTA,JA-ELA ,GAMPAHA",Gampaha,Ja-Ela Pradeshiya Sabha,A,12,7.090865,,,,,official_tourism,Information for Accommodation.csv,wet water resort,Guest Houses.xlsx | Information for Accommodation.csv
ACC002091,WEWA ADDARA,Guest Houses,"NO.54, KAYANWALA, SIGIRIYA,,",Matale,Dambulla Pradeshiya Sabha,B,28,7.939453,,,,,official_tourism,Information for Accommodation.csv,wewa addara,Guest Houses.xlsx | Information for Accommodation.csv
ACC002092,WHISPERING PALMS HOTEL,Tourist Hotels,"GALLE ROAD,YALEGAMA,INDURUWA",Galle,Galle,,30,6.384061,,,,,official_tourism,Information for Accommodation.csv,whispering palms hotel,Information for Accommodation.csv | Tourist Hotels.xlsx
ACC002093,WHITE COTTAGE,Home Stay Units,"15/5, DEWALA ROAD, PAGODA, NUGEGODA",Colombo,Colombo,SUPERIOR,2,,,,,,official_tourism,Information for Accommodation.csv,white cottage,Home Stay Units.xlsx | Information for Accommodation.csv
ACC002094,WHITE HOUSE-AMPARA,Bangalows,"NO 229, NEW TOWN, AMPARA",Ampara,Ampara,SUPERIOR,5,7.299177,,,,,official_tourism,Information for Accommodation.csv,white house ampara,Bungalows.xlsx | Information for Accommodation.csv
ACC002095,WHITE HOUSE BUNGALOW,Home Stay Units,"3/1 A, GALKANDA ROAD, ANIWATTA, KANDY.",Kandy,Kandy,SUPERIOR,4,,,,,,official_tourism,Information for Accommodation.csv,white house bungalow,Home Stay Units.xlsx | Information for Accommodation.csv
ACC002096,WHITE HOUSE FAMILY STAY,Bangalows,"GREEN VILLAGE, WELAGANE, MASPOTHA,KURUNEGALA",Kurunegala,Kurunegala,DELUXE,3,,,,,,official_tourism,Information for Accommodation.csv,white house family stay,Bungalows.xlsx | Information for Accommodation.csv
ACC002097,WHITE HOUSE HOLIDAY INN,Guest Houses,"15/4,BUTTHALA ROAD,PANGUWATTA GAMA,PASSARA",Badulla,Badulla,A,6,6.933551,,,,,official_tourism,Information for Accommodation.csv,white house holiday inn,Guest Houses.xlsx | Information for Accommodation.csv
ACC002098,WHITE HOUSE,Home Stay Units,"219/4, LUWIS PLACE, NEGOMBO",Gampaha,Negombo,STANDARD,7,,,,,,official_tourism,Information for Accommodation.csv,white house,Home Stay Units.xlsx | Information for Accommodation.csv
ACC002099,WHITE PALACE,Bangalows,"NO 92, GALMADUWA ESTATE, KUNDASALE",Kandy,Kundasle,SUPERIOR,5,,,,,,official_tourism,Information for Accommodation.csv,white palace,Bungalows.xlsx | Information for Accommodation.csv
ACC002100,WHITE VILLA RESORT AND RESTAURNT,Guest Houses,"22/50,THOTAWATHTHA ROAD,AHUNGALLA.",Galle,balapitiya,A,5,,,,,,official_tourism,Information for Accommodation.csv,white villa resort and restaurnt,Guest Houses.xlsx | Information for Accommodation.csv
ACC002101,WHITE VILLA,Home Stay Units,"160/1, SOORIYAGODA, BENTOTA.",Galle,Bentota Pradeshiya Sabha,SUPERIOR,4,6.4160207,,,,,official_tourism,Information for Accommodation.csv,white villa,Home Stay Units.xlsx | Information for Accommodation.csv
ACC002102,WHY HOUSE,Boutique Villas,"MIHIRIPENNA, TALPE, GALLE",Galle,Galle,,8,6.007401,,,,,official_tourism,Information for Accommodation.csv,why house,Boutique Villas.xlsx | Information for Accommodation.csv
ACC002103,WICK'S RESIDENCE,Rented Apartments,"106 B, RANAWANA, KATUGASTOTA",Kandy,Harispattuwa Pradeshiya Sabha,SUPERIOR,1,,,,,,official_tourism,Information for Accommodation.csv,wick s residence,Information for Accommodation.csv | Rented Apartments.xlsx
ACC002104,WICKS RIVER INN,Guest Houses,"SINHGAPURA,BOGAHAMADITHA,HALI ELA,BADULLA",Badulla,Badulla,B,6,,,,,,official_tourism,Information for Accommodation.csv,wicks river inn,Guest Houses.xlsx | Information for Accommodation.csv
ACC002105,WIJAYA HOLIDAY RESORT,Guest Houses,"THALGAHAHENA ESTATE,EPITAWALA,KIRIELLA",Ratnapura,Ratnapura,A,12,6.743553,,,,,official_tourism,Information for Accommodation.csv,wijaya holiday resort,Guest Houses.xlsx | Information for Accommodation.csv
ACC002106,WIJESINGHE HOUSE,Home Stay Units,"NO.04,RAJAGIRIYA UDYANAYA,NAWALA ROAD,RAJAGIRIYA.",Colombo,Kotte Muncipal Council,SUPERIOR,3,,,,,,official_tourism,Information for Accommodation.csv,wijesinghe house,Home Stay Units.xlsx | Information for Accommodation.csv
ACC002107,WILA SAFARI HOTEL,Classified Hotels( 1-5 Star),"PANNEGAMUWA,WEERAWILA",Hambantota,Thissamaharama,ONE,10,6.293125,,,,,official_tourism,Information for Accommodation.csv,wila safari hotel,Classified Hotels( 1-5 Star).xlsx | Information for Accommodation.csv
ACC002108,WILD COAST TENTED LODGE,Boutique Hotels,"PALATUPANA,YALA.",Hambantota,Thissamaharama Divisional Secretariat,,28,6.2607399,,,,,official_tourism,Information for Accommodation.csv,wild coast tented lodge,Boutique Hotels.xlsx | Information for Accommodation.csv
ACC002109,WILD GRASS NATURE RESORT,Boutique Villas,SIGIRIYA,Matale,Matale,,5,7.904267,,,,,official_tourism,Information for Accommodation.csv,wild grass nature resort,Boutique Villas.xlsx | Information for Accommodation.csv
ACC002110,WILL GUEST HOMESTAY,Home Stay Units,"""SANIRU""KIRIWETIYA,KITHAL-ELLA,ELLA",Badulla,Ella Pradeshiya Sabha,STANDARD,2,6.867416,,,,,official_tourism,Information for Accommodation.csv,will guest homestay,Home Stay Units.xlsx | Information for Accommodation.csv
ACC002111,WILWATTE WALAWWA,Heritage Homes,"WILWATTE WALAWWA, WILWATTE, MIRIGAMA",Gampaha,mirigama,SUPERIOR,1,7.242735,,,,,official_tourism,Information for Accommodation.csv,wilwatte walawwa,Heritage Homes.xlsx | Information for Accommodation.csv
ACC002112,WIMAL RESORT,Guest Houses,"274/24,PARANGIYA WATTA,PEELLAGODA,UNAWATUNA",Galle,Habaraduwa,A,9,6.010034,,,,,official_tourism,Information for Accommodation.csv,wimal resort,Guest Houses.xlsx | Information for Accommodation.csv
ACC002113,WINDSOR HOTEL,Classified Hotels( 1-5 Star),"NO.02, KANDY ROAD, NUWARA ELIYA.",Nuwara Eliya,Nuwara Eliya,ONE,50,6.970741,,,,,official_tourism,Information for Accommodation.csv,windsor hotel,Classified Hotels( 1-5 Star).xlsx | Information for Accommodation.csv
ACC002114,YALA CARAVAN VILLAGE,Guest Houses,"84,GURUGODA,PALATUPANA,KIRINDA,TISSAMAHARAMAYA",Hambantota,Thissamaharama,A,8,6.23996,,,,,official_tourism,Information for Accommodation.csv,yala caravan village,Guest Houses.xlsx | Information for Accommodation.csv
ACC002115,YALA EDGE,Guest Houses,"KOCHIPOTHANA, SITHULPAHUWA ROAD, KATHARAGAMA",Moneragala,Polonnaruwa,B,5,6.402011,,,,,official_tourism,Information for Accommodation.csv,yala edge,Guest Houses.xlsx | Information for Accommodation.csv
ACC002116,YALEGODA WALAUWA,Bangalows,"YALEGODA ESTATE, HANDESSA VIA PERADENIYA",Kandy,Udunuwara Pradeshiya Sabha,DELUXE,4,7.24078,,,,,official_tourism,Information for Accommodation.csv,yalegoda walauwa,Bungalows.xlsx | Information for Accommodation.csv
ACC002117,YASINDU HOMES,Home Stay Units,"PANAMA SOUTH, PANAMA",Ampara,Ampara,STANDARD,1,6.759676,,,,,official_tourism,Information for Accommodation.csv,yasindu homes,Home Stay Units.xlsx | Information for Accommodation.csv
ACC002118,YATHUSAN GUEST HOUSE,Guest Houses,"KADDUWAN ROAD, MALLAKAM, JAFFNA",Jaffna,Jaffna,B,5,,,,,,official_tourism,Information for Accommodation.csv,yathusan guest house,Guest Houses.xlsx | Information for Accommodation.csv
ACC002119,YENRICH TOURIST INN,Home Stay Units,"86/G/1, TIVERTON ESTATE, PERADENIYA",Kandy,Yatinuwara Pradeshiya Sabha,STANDARD,5,7.268693,,,,,official_tourism,Information for Accommodation.csv,yenrich tourist inn,Home Stay Units.xlsx | Information for Accommodation.csv
ACC002120,YPSYLON GUEST HOUSE,Guest Houses,"MORAGALLA 12070,BERUWELA",Kalutara,Beruwala Pradeshiya Sabha,A,25,,,,,,official_tourism,Information for Accommodation.csv,ypsylon guest house,Guest Houses.xlsx | Information for Accommodation.csv
ACC002121,ZENITH,Home Stay Units,"MAUSSAWA ROAD, UDUPIHILLA, MATALE",Matale,Matale,SUPERIOR,4,,,,,,official_tourism,Information for Accommodation.csv,zenith,Home Stay Units.xlsx | Information for Accommodation.csv
ACC002122,ZIM BAY,Home Stay Units,"MAIN STREET,ARUGAMBAY,POTTUVIL-05",Ampara,Ampara,STANDARD,6,6.841629,,,,,official_tourism,Information for Accommodation.csv,zim bay,Home Stay Units.xlsx | Information for Accommodation.csv
ACC002123,ZMAX FAIRWAY COLOMBO,Tourist Hotels,"NO 7, HOSPITAL STREET, COLOMBO 01",Colombo,Colombo,,181,6.9340366,,,,,official_tourism,Information for Accommodation.csv,zmax fairway colombo,Information for Accommodation.csv | Tourist Hotels.xlsx
ACC002124,ZODA BOLGODA,Bangalows,"WADAKKARA KOTUWA, MEDAGAMA, BANDARAGAMA",Kalutara,Bandaragama Pradeshiya Sabha,SUPERIOR,3,,,,,,official_tourism,Information for Accommodation.csv,zoda bolgoda,Bungalows.xlsx | Information for Accommodation.csv
ACC002125,ZYLAN LUXURY VILLA.,Guest Houses,"NO.115,ROSMEAD PLACE,COLOMBO 07.",Colombo,Colombo,A,8,6.914302,,,,,official_tourism,Information for Accommodation.csv,zylan luxury villa,Guest Houses.xlsx | Information for Accommodation.csv
